sequence_id,source_partition,scenario,source_indices,label
0,TRAIN,NORMAL,"[105219, 51663, 77389, 76083, 51137, 126218, 106241, 23816, 136965, 53832, 45119, 98026, 126948, 132765, 14767, 143185, 64285, 51875, 128908, 1081]",0
1,TRAIN,NORMAL,"[10272, 71444, 16250, 99898, 112226, 46496, 90927, 85281, 36054, 126776, 56171, 59009, 70748, 80921, 109356, 5113, 21543, 43373, 18022, 134059]",0
2,TRAIN,NORMAL,"[20096, 147413, 132644, 123749, 38884, 141745, 70873, 113920, 121769, 33599, 39183, 10452, 27749, 75179, 105789, 5146, 43436, 133044, 607, 4399]",0
3,TRAIN,NORMAL,"[135308, 51578, 138538, 21069, 101558, 100556, 124373, 3490, 82233, 82131, 47387, 4446, 99889, 78039, 143514, 111564, 28518, 108161, 85927, 119054]",0
4,TRAIN,NORMAL,"[114152, 130982, 46315, 99426, 32787, 135858, 126291, 144416, 136746, 56863, 139156, 24420, 94342, 12762, 133091, 56804, 102702, 38351, 59306, 146258]",0
5,TRAIN,NORMAL,"[68422, 107770, 119118, 99148, 122629, 119122, 137092, 105659, 87284, 106971, 61323, 51351, 4926, 12474, 108402, 56736, 87282, 122945, 69398, 112955]",0
6,TRAIN,NORMAL,"[60014, 68138, 121740, 92958, 12495, 117217, 87341, 79718, 71500, 19302, 103132, 8744, 55007, 15338, 19683, 30800, 102086, 26795, 82686, 13829]",0
7,TRAIN,NORMAL,"[146342, 49729, 101830, 69436, 86403, 113558, 111852, 96630, 10928, 90454, 142707, 79549, 94862, 93847, 74143, 52115, 92470, 69738, 11831, 104200]",0
8,TRAIN,NORMAL,"[75001, 111805, 3243, 85265, 58246, 109105, 7312, 121076, 131945, 599, 124719, 148998, 6141, 91015, 98991, 18370, 34509, 63755, 118240, 35384]",0
9,TRAIN,NORMAL,"[115432, 71635, 145233, 37490, 88404, 59172, 23531, 84868, 79393, 15350, 25162, 124280, 56716, 128813, 124302, 74937, 17805, 26088, 53124, 148657]",0
10,TRAIN,NORMAL,"[1966, 34059, 36571, 132624, 106567, 86839, 94441, 108045, 26411, 37643, 141645, 95109, 124749, 83838, 22287, 122335, 2560, 99008, 29807, 10500]",0
11,TRAIN,NORMAL,"[78647, 47296, 54970, 75042, 141763, 17503, 25150, 60265, 70346, 101827, 34924, 26805, 49550, 137223, 19459, 41199, 28902, 26405, 20750, 26787]",0
12,TRAIN,NORMAL,"[129454, 86161, 19645, 98273, 143411, 55599, 61636, 72361, 68327, 66393, 103645, 23647, 82711, 9453, 69943, 91629, 11280, 21787, 113408, 49540]",0
13,TRAIN,NORMAL,"[138002, 47788, 125884, 126333, 19067, 71404, 107101, 94449, 5382, 78282, 94869, 140001, 95154, 125826, 15671, 45857, 60623, 17373, 75041, 72733]",0
14,TRAIN,NORMAL,"[46759, 35754, 108744, 110817, 83927, 51374, 47311, 116283, 124945, 99271, 57955, 16736, 16688, 91816, 61115, 80980, 98696, 6078, 23212, 145945]",0
15,TRAIN,NORMAL,"[48226, 15256, 86205, 124369, 9465, 85140, 147262, 8762, 121322, 134182, 32197, 23685, 107929, 109271, 31700, 103037, 113404, 69623, 126681, 142555]",0
16,TRAIN,NORMAL,"[109858, 95559, 128763, 51491, 37648, 3593, 34599, 95770, 51330, 102953, 143510, 12054, 113443, 84304, 8804, 22166, 119260, 71100, 59806, 29788]",0
17,TRAIN,NORMAL,"[69648, 137942, 111563, 123950, 9193, 123008, 98528, 70349, 120700, 92299, 25783, 80924, 136773, 55795, 5722, 104960, 58087, 131641, 8954, 65915]",0
18,TRAIN,NORMAL,"[100014, 141819, 37200, 62310, 65107, 66707, 110012, 127628, 127823, 14671, 67443, 44195, 5718, 110286, 109360, 127262, 143705, 91833, 64095, 44071]",0
19,TRAIN,NORMAL,"[65993, 145003, 27012, 69589, 35071, 143048, 36910, 138459, 36908, 18811, 123533, 82288, 143341, 129800, 63993, 51613, 135909, 38663, 73966, 23975]",0
20,TRAIN,NORMAL,"[65105, 99999, 41953, 41829, 121711, 55688, 130028, 6548, 120500, 62142, 83219, 10800, 45223, 30510, 70517, 39316, 132680, 99934, 100844, 39653]",0
21,TRAIN,NORMAL,"[40201, 101750, 18557, 83126, 123074, 56427, 11997, 66851, 16057, 48895, 113980, 30418, 49902, 7328, 81628, 119805, 40600, 51733, 3082, 6148]",0
22,TRAIN,NORMAL,"[101526, 104169, 94729, 72123, 108158, 17206, 137132, 79485, 33662, 4690, 143013, 67816, 95771, 67626, 36974, 140738, 139869, 21357, 17751, 72910]",0
23,TRAIN,NORMAL,"[79929, 89618, 26785, 14297, 89813, 75312, 12035, 4847, 122675, 95934, 106831, 110577, 60514, 124126, 24993, 37385, 76516, 92043, 99410, 112435]",0
24,TRAIN,NORMAL,"[117190, 111940, 119049, 145436, 3199, 9841, 131553, 18488, 77875, 1241, 38864, 77834, 107628, 113190, 75549, 45565, 42738, 32908, 85393, 6930]",0
25,TRAIN,NORMAL,"[78826, 16725, 60925, 31940, 15355, 64049, 13989, 135431, 84060, 42339, 50000, 79506, 123182, 28635, 53485, 395, 3673, 46212, 70154, 121931]",0
26,TRAIN,NORMAL,"[90175, 93874, 92356, 88497, 470, 62180, 127267, 82792, 57802, 106563, 60574, 30288, 64706, 76350, 146590, 143010, 136405, 108387, 15887, 53361]",0
27,TRAIN,NORMAL,"[119656, 48900, 15112, 53329, 87218, 140911, 8422, 44890, 108292, 24365, 136053, 84428, 28512, 127393, 124724, 19688, 73047, 119711, 136310, 59898]",0
28,TRAIN,NORMAL,"[129032, 93853, 11569, 33703, 142144, 86880, 138488, 34483, 110251, 96647, 115804, 10488, 102946, 16923, 50690, 109436, 52343, 1702, 59237, 2510]",0
29,TRAIN,NORMAL,"[37029, 32516, 49788, 8283, 4905, 92306, 1103, 9627, 118233, 33225, 8116, 84491, 39725, 41290, 101559, 72786, 45293, 110287, 9131, 13744]",0
30,TRAIN,NORMAL,"[59548, 92739, 61705, 77671, 89503, 42250, 55537, 132029, 141768, 99989, 57912, 122169, 20172, 25606, 133118, 18989, 131558, 67126, 16420, 60048]",0
31,TRAIN,NORMAL,"[10619, 54565, 64533, 65723, 126377, 114808, 79371, 76671, 117711, 149593, 115575, 6524, 97386, 137934, 35597, 122692, 43574, 92626, 120384, 122601]",0
32,TRAIN,NORMAL,"[46290, 142369, 41274, 117553, 13581, 54151, 55073, 121645, 36306, 123940, 41542, 130767, 71207, 142277, 92295, 5838, 76681, 64171, 94564, 140600]",0
33,TRAIN,NORMAL,"[120585, 15332, 26508, 116007, 12829, 57723, 112831, 146005, 95537, 81634, 48959, 61516, 58013, 128932, 2891, 83802, 99540, 82383, 65150, 57626]",0
34,TRAIN,NORMAL,"[142878, 53095, 65751, 128536, 85248, 82373, 121379, 25385, 31141, 40594, 74549, 6827, 54973, 119606, 72928, 8970, 117098, 56951, 113700, 24004]",0
35,TRAIN,NORMAL,"[108649, 44614, 101984, 77021, 51257, 98067, 39211, 130659, 57945, 28334, 3355, 28156, 24178, 66882, 4786, 42727, 49379, 14928, 58277, 35661]",0
36,TRAIN,NORMAL,"[137339, 36249, 118785, 63823, 78693, 91192, 34614, 143619, 147634, 79553, 105572, 143226, 62628, 81003, 75327, 111782, 11024, 67465, 58350, 58908]",0
37,TRAIN,NORMAL,"[105807, 122845, 129216, 55450, 3820, 79592, 32503, 37603, 28605, 66191, 117053, 148740, 8799, 63548, 31553, 97730, 61687, 17490, 121623, 14014]",0
38,TRAIN,NORMAL,"[69420, 39042, 89873, 128761, 38594, 33218, 131878, 129118, 40926, 46667, 118133, 112843, 55465, 66905, 45415, 138913, 137541, 60374, 91947, 108679]",0
39,TRAIN,NORMAL,"[17096, 71139, 93858, 93562, 66741, 14432, 103907, 53117, 74975, 96454, 83861, 121067, 67610, 46769, 88383, 54969, 85640, 70129, 108260, 64857]",0
40,TRAIN,NORMAL,"[89277, 15252, 11963, 50353, 10923, 51609, 149293, 87039, 83538, 80292, 64642, 47876, 27510, 89520, 100329, 29706, 121564, 142596, 76270, 147613]",0
41,TRAIN,NORMAL,"[26035, 123148, 51884, 126067, 41619, 40935, 23818, 99847, 76762, 41787, 100133, 125669, 35617, 81752, 77826, 70512, 39430, 35605, 110568, 84626]",0
42,TRAIN,NORMAL,"[111306, 92517, 81153, 93125, 45388, 29456, 75983, 62507, 57298, 3949, 104321, 12646, 32449, 1790, 77728, 146569, 133833, 74814, 53572, 14877]",0
43,TRAIN,NORMAL,"[82250, 80026, 84194, 9972, 112628, 86141, 64107, 80454, 60947, 52226, 21249, 106170, 117428, 92650, 116162, 9542, 114560, 139012, 98487, 128629]",0
44,TRAIN,NORMAL,"[80027, 57454, 107629, 110667, 48469, 119992, 19524, 76005, 131698, 35056, 143309, 139981, 40995, 29497, 29955, 102592, 30038, 37474, 121572, 25827]",0
45,TRAIN,NORMAL,"[17083, 27088, 7592, 116434, 120911, 129858, 22367, 107883, 89741, 83676, 71167, 66049, 10183, 33951, 14957, 44169, 133529, 93544, 46796, 122838]",0
46,TRAIN,NORMAL,"[53414, 27166, 8080, 25268, 66697, 92681, 59118, 100952, 141457, 80986, 93632, 8226, 44715, 49878, 120428, 71128, 30834, 662, 119070, 65445]",0
47,TRAIN,NORMAL,"[3804, 39435, 83732, 7166, 72878, 115660, 68795, 76714, 33762, 106598, 45487, 39436, 13405, 44726, 149156, 133154, 95660, 46012, 39389, 67857]",0
48,TRAIN,NORMAL,"[126001, 87230, 119253, 92630, 49124, 112144, 20455, 70018, 58472, 98562, 39181, 37059, 69720, 106995, 43118, 120476, 3642, 36138, 54084, 115840]",0
49,TRAIN,NORMAL,"[17608, 57197, 147838, 12344, 48332, 138550, 89200, 13021, 130716, 120713, 45458, 146801, 137642, 29958, 58064, 83700, 67254, 62940, 26354, 11489]",0
50,TRAIN,NORMAL,"[77857, 60843, 70823, 143825, 10710, 139197, 100398, 23512, 58071, 70090, 109827, 17711, 26643, 73065, 68936, 138530, 142335, 85066, 49113, 58507]",0
51,TRAIN,NORMAL,"[98506, 100195, 99477, 136444, 131544, 64648, 58600, 7412, 108205, 28901, 75568, 131291, 52967, 47674, 79522, 104581, 45954, 63767, 31061, 102805]",0
52,TRAIN,NORMAL,"[70460, 56994, 53238, 134770, 106030, 106386, 82145, 139274, 118632, 132643, 59871, 133344, 132018, 35979, 32098, 78090, 139881, 27514, 102798, 118930]",0
53,TRAIN,NORMAL,"[48947, 141951, 96820, 21405, 57781, 70202, 149100, 32306, 4370, 75701, 119874, 69320, 106701, 81599, 74339, 98096, 139592, 102006, 72738, 43096]",0
54,TRAIN,NORMAL,"[29174, 89372, 37486, 60639, 51760, 124455, 756, 135075, 92381, 116694, 58015, 129192, 96316, 145033, 138845, 135980, 90932, 146235, 101464, 11454]",0
55,TRAIN,NORMAL,"[16415, 59979, 21584, 117186, 87277, 20929, 115695, 50489, 21595, 7720, 39252, 136552, 108903, 133828, 137422, 94145, 65909, 44933, 115790, 96653]",0
56,TRAIN,NORMAL,"[119526, 95291, 66937, 114184, 22622, 95162, 978, 32799, 140684, 118813, 130405, 47235, 147153, 67936, 91826, 73472, 51110, 101071, 70809, 143567]",0
57,TRAIN,NORMAL,"[94034, 81535, 146934, 21018, 117319, 115982, 64529, 25412, 108302, 121274, 48048, 108143, 116823, 13506, 25316, 51191, 124615, 17059, 40273, 119583]",0
58,TRAIN,NORMAL,"[124214, 85789, 143456, 12428, 125568, 8813, 1096, 50473, 53644, 58484, 57462, 71610, 127306, 96098, 72210, 52771, 69716, 29772, 126341, 55476]",0
59,TRAIN,NORMAL,"[60124, 102105, 93106, 79422, 54784, 51517, 148548, 109372, 29300, 90747, 59403, 144864, 107921, 71871, 92888, 11895, 69956, 132949, 130314, 11058]",0
60,TRAIN,NORMAL,"[27434, 36997, 55038, 92989, 16427, 25441, 6587, 34669, 50559, 91849, 145656, 79016, 26606, 61267, 121827, 112451, 134801, 62590, 37872, 131562]",0
61,TRAIN,NORMAL,"[7961, 59128, 63942, 67352, 19122, 26630, 22710, 100112, 89097, 108110, 118367, 91442, 95999, 92211, 82717, 36470, 67405, 52775, 58653, 104530]",0
62,TRAIN,NORMAL,"[74132, 19045, 34341, 26744, 98767, 56874, 64016, 121122, 42070, 111628, 20918, 105927, 106649, 89570, 118213, 84286, 40638, 103625, 111385, 78736]",0
63,TRAIN,NORMAL,"[74702, 107625, 109539, 122274, 21426, 82900, 19711, 132056, 101469, 35378, 27229, 76733, 123925, 89350, 87106, 69533, 110549, 19982, 86777, 39516]",0
64,TRAIN,NORMAL,"[95842, 124323, 4692, 116312, 4559, 132461, 90802, 113060, 20407, 58421, 14001, 99491, 122820, 145666, 31580, 77804, 122380, 67795, 139122, 3938]",0
65,TRAIN,NORMAL,"[124491, 132705, 65839, 71933, 131768, 47372, 136763, 1884, 76422, 69762, 143333, 4090, 34610, 111710, 114276, 48676, 137508, 95928, 79048, 141984]",0
66,TRAIN,NORMAL,"[67875, 138825, 79173, 807, 79378, 115195, 144241, 82161, 103344, 48511, 125169, 89425, 125217, 96150, 123815, 19853, 77565, 30327, 74050, 97476]",0
67,TRAIN,NORMAL,"[476, 134591, 84661, 21565, 5625, 104503, 147389, 2046, 83065, 8814, 13456, 53574, 13188, 77615, 73025, 64997, 43859, 82699, 57228, 3264]",0
68,TRAIN,NORMAL,"[22275, 78649, 53878, 14878, 23439, 35733, 83902, 112851, 100966, 146127, 103676, 114539, 108017, 113084, 50786, 35341, 120736, 75777, 5674, 86920]",0
69,TRAIN,NORMAL,"[120161, 12945, 93014, 35648, 70111, 36406, 119952, 136294, 106094, 46399, 67014, 11500, 71306, 47329, 80971, 90965, 41881, 56537, 99597, 108015]",0
70,TRAIN,NORMAL,"[137528, 56059, 46830, 143413, 92386, 28521, 110575, 81242, 1906, 147894, 23283, 8768, 117842, 35509, 60479, 101611, 93264, 9234, 90033, 82071]",0
71,TRAIN,NORMAL,"[91511, 43559, 6405, 119165, 52177, 138970, 55402, 70425, 113326, 72697, 124777, 106742, 110235, 7260, 33926, 84296, 20198, 94699, 35696, 76347]",0
72,TRAIN,NORMAL,"[73551, 82794, 133318, 37451, 38795, 39685, 8788, 108036, 9500, 143965, 124609, 53999, 3874, 102035, 72104, 4053, 20510, 13012, 4788, 134633]",0
73,TRAIN,NORMAL,"[3863, 22317, 65059, 124470, 145737, 92417, 70830, 49354, 44548, 37869, 13391, 7185, 89139, 42262, 59717, 62443, 95328, 123276, 100225, 59805]",0
74,TRAIN,NORMAL,"[728, 33532, 28591, 64826, 58110, 99158, 59596, 115523, 59727, 64197, 2340, 10050, 126675, 64195, 93181, 25495, 147810, 134721, 131053, 50383]",0
75,TRAIN,NORMAL,"[85552, 35659, 58745, 73576, 143724, 100704, 74521, 11800, 6356, 37870, 93351, 115688, 38080, 148862, 22709, 113459, 2379, 27857, 132955, 104382]",0
76,TRAIN,NORMAL,"[34649, 578, 41364, 145372, 11111, 45636, 84436, 67146, 70746, 127510, 121526, 64389, 104667, 8563, 75743, 42725, 42707, 32834, 126182, 106250]",0
77,TRAIN,NORMAL,"[61298, 59728, 54619, 35082, 97908, 8717, 146078, 96906, 118118, 129438, 51001, 91870, 34973, 76276, 67276, 102192, 77277, 82344, 100943, 31706]",0
78,TRAIN,NORMAL,"[67061, 16165, 25002, 5870, 143719, 148507, 122250, 63528, 39601, 89783, 77958, 60687, 107510, 108325, 56162, 10111, 18926, 63193, 138755, 86530]",0
79,TRAIN,NORMAL,"[25759, 21929, 75682, 124689, 63073, 78474, 81595, 48326, 142594, 69634, 89936, 17202, 80022, 54743, 5441, 107782, 52847, 138475, 8949, 114132]",0
80,TRAIN,NORMAL,"[59768, 3282, 121635, 61114, 124242, 96337, 2221, 25068, 126806, 129548, 69126, 42021, 108210, 62260, 25955, 66792, 138389, 52576, 103658, 144439]",0
81,TRAIN,NORMAL,"[78387, 45215, 102064, 43017, 83449, 13312, 86713, 104319, 142078, 147259, 122149, 42105, 89326, 73571, 7051, 19993, 14852, 47779, 115310, 28838]",0
82,TRAIN,NORMAL,"[19883, 87683, 139649, 136165, 117730, 129324, 7815, 60863, 91951, 120878, 33529, 146781, 118761, 80516, 4272, 97292, 20705, 75702, 134001, 95578]",0
83,TRAIN,NORMAL,"[128481, 67331, 129017, 60705, 112513, 40188, 20605, 111904, 136783, 143317, 148164, 147086, 91406, 27968, 21451, 55224, 36706, 53920, 141875, 54478]",0
84,TRAIN,NORMAL,"[148235, 93039, 62993, 118079, 85567, 132345, 71185, 125302, 5611, 51125, 70678, 111509, 111072, 109179, 29311, 86375, 141480, 71423, 71447, 133184]",0
85,TRAIN,NORMAL,"[58044, 25323, 133972, 39004, 133706, 63698, 129542, 52228, 112769, 116926, 2204, 40877, 133691, 134826, 82173, 74638, 108321, 24973, 7758, 20140]",0
86,TRAIN,NORMAL,"[131323, 121574, 58559, 59385, 74613, 8067, 41329, 62399, 19368, 140747, 69015, 120510, 92705, 26440, 130154, 58042, 16911, 74300, 9812, 110196]",0
87,TRAIN,NORMAL,"[4284, 88194, 36535, 73432, 94387, 6229, 149350, 105022, 123403, 11982, 131506, 124333, 80200, 36673, 144511, 93456, 100903, 5282, 23178, 37551]",0
88,TRAIN,NORMAL,"[49241, 87036, 114016, 114902, 83919, 145465, 132505, 86138, 5316, 35077, 17381, 120671, 23885, 34416, 68160, 40149, 119475, 112951, 66005, 84204]",0
89,TRAIN,NORMAL,"[59229, 69233, 70722, 96821, 103242, 101032, 24005, 123993, 30362, 47513, 86894, 30735, 148946, 104214, 117654, 43319, 33914, 102858, 81463, 87651]",0
90,TRAIN,NORMAL,"[17968, 72830, 87121, 66253, 70242, 73640, 7544, 54034, 117193, 149048, 83025, 9647, 122123, 32474, 62929, 83688, 93691, 84831, 128227, 52169]",0
91,TRAIN,NORMAL,"[18376, 113263, 100540, 64711, 119664, 56597, 86237, 126131, 80033, 53215, 105047, 38109, 121793, 57193, 33177, 74544, 137880, 11584, 22070, 127216]",0
92,TRAIN,NORMAL,"[82045, 131088, 4104, 120358, 118794, 108906, 114731, 127450, 104627, 64450, 64615, 93094, 145371, 66255, 57574, 67025, 59920, 39380, 121550, 91078]",0
93,TRAIN,NORMAL,"[84738, 43773, 93310, 42766, 52611, 110898, 139253, 74551, 63344, 1019, 78348, 65157, 136355, 90003, 50747, 68896, 8864, 26177, 93767, 32036]",0
94,TRAIN,NORMAL,"[94106, 107409, 147208, 103983, 83818, 74453, 141681, 104212, 24148, 93922, 70525, 113467, 132575, 92724, 101735, 96114, 122093, 110361, 93395, 23463]",0
95,TRAIN,NORMAL,"[76747, 111912, 14889, 24081, 122023, 17600, 148590, 43823, 76087, 51610, 21473, 59565, 32208, 16343, 147840, 105096, 41461, 136917, 37274, 69997]",0
96,TRAIN,NORMAL,"[27991, 70133, 56115, 40552, 147201, 143749, 88598, 7052, 92074, 10737, 47892, 65239, 58257, 90904, 94973, 131891, 37217, 40597, 141198, 148915]",0
97,TRAIN,NORMAL,"[51121, 134670, 66396, 117615, 63891, 20540, 58355, 12293, 86293, 141694, 76404, 101040, 43493, 26461, 20862, 136536, 48315, 112826, 10075, 28531]",0
98,TRAIN,NORMAL,"[134212, 138792, 73902, 45516, 148623, 146112, 50267, 119744, 36025, 8779, 48650, 5627, 112744, 9569, 13128, 23082, 93576, 39147, 62046, 67713]",0
99,TRAIN,NORMAL,"[110242, 109211, 93925, 58009, 115862, 84287, 82528, 31512, 144302, 62111, 24502, 67817, 22811, 93453, 148816, 92286, 124223, 127565, 35684, 28166]",0
100,TRAIN,NORMAL,"[77030, 136943, 123125, 130645, 103776, 50734, 131160, 125630, 85931, 95136, 144808, 31603, 21770, 38010, 65675, 3684, 52729, 5191, 139464, 45515]",0
101,TRAIN,NORMAL,"[133795, 12516, 129128, 128092, 72142, 71143, 90814, 116363, 120737, 64614, 92659, 25459, 121529, 7903, 138146, 20411, 11043, 68125, 126607, 11992]",0
102,TRAIN,NORMAL,"[41898, 98644, 111095, 16673, 70621, 11755, 40105, 59890, 28191, 70333, 134687, 32977, 111067, 14369, 4555, 25835, 21008, 96999, 75389, 32029]",0
103,TRAIN,NORMAL,"[46659, 68383, 136409, 65939, 58059, 145075, 115423, 22148, 1098, 62506, 125279, 60347, 146765, 115438, 120908, 141348, 27612, 138796, 24346, 45618]",0
104,TRAIN,NORMAL,"[32294, 106556, 26137, 80908, 72870, 142790, 26100, 91177, 39645, 74020, 18607, 146760, 142403, 148476, 52818, 32109, 3881, 14348, 2571, 12346]",0
105,TRAIN,NORMAL,"[52154, 56447, 120788, 140974, 62013, 94791, 107982, 141575, 39662, 139716, 73026, 24342, 819, 106130, 95753, 65062, 11890, 137649, 47576, 32878]",0
106,TRAIN,NORMAL,"[125480, 17956, 145007, 79935, 54930, 87470, 89272, 125540, 103289, 40405, 15443, 71587, 49510, 52937, 8881, 112370, 75809, 143810, 137588, 17602]",0
107,TRAIN,NORMAL,"[50073, 15561, 57812, 12192, 84079, 50205, 12715, 47536, 92654, 11244, 89098, 139620, 66107, 1332, 110030, 35014, 124708, 76992, 44707, 41814]",0
108,TRAIN,NORMAL,"[72383, 72400, 148391, 55518, 107009, 45889, 24275, 147581, 15337, 69712, 71254, 119670, 116582, 31925, 76599, 63646, 16700, 14351, 52309, 67960]",0
109,TRAIN,NORMAL,"[98211, 38065, 80857, 75220, 2101, 3324, 90437, 101627, 128326, 147966, 51749, 118875, 56283, 81962, 64276, 12372, 42071, 64998, 7033, 118364]",0
110,TRAIN,NORMAL,"[129787, 132369, 126883, 88772, 85997, 65516, 4807, 120871, 28543, 72181, 45740, 8512, 41884, 104715, 129093, 140216, 132347, 20792, 127376, 48019]",0
111,TRAIN,NORMAL,"[23436, 45282, 36043, 61349, 58870, 99929, 4947, 18873, 48279, 99820, 9939, 89878, 111783, 92288, 15031, 33663, 73000, 2290, 26980, 142924]",0
112,TRAIN,NORMAL,"[39370, 115501, 72627, 60319, 40384, 83318, 114612, 90861, 32254, 149281, 59686, 147618, 92759, 15274, 111487, 109434, 37570, 113321, 114564, 100259]",0
113,TRAIN,NORMAL,"[118149, 4419, 48026, 67616, 50761, 125655, 64358, 134650, 123030, 111937, 74152, 95782, 40570, 118452, 144952, 67372, 125853, 123930, 52616, 56772]",0
114,TRAIN,NORMAL,"[42757, 82381, 98057, 62056, 118123, 99560, 148091, 130022, 130292, 70506, 142408, 40291, 80047, 20515, 60599, 122717, 22536, 99376, 57375, 116928]",0
115,TRAIN,NORMAL,"[108742, 17589, 140034, 126512, 114424, 41315, 26599, 34058, 148386, 40409, 119813, 30798, 28302, 145367, 5366, 14177, 146883, 108030, 77189, 68317]",0
116,TRAIN,NORMAL,"[4579, 84135, 55773, 97405, 105626, 43445, 63140, 31331, 59269, 63076, 136655, 66324, 31203, 76885, 122257, 99097, 98530, 81077, 61740, 33709]",0
117,TRAIN,NORMAL,"[5569, 45863, 21526, 7340, 120314, 118480, 44302, 116239, 135881, 56794, 135577, 143686, 50831, 36346, 60711, 73459, 148592, 113936, 124174, 137587]",0
118,TRAIN,NORMAL,"[98918, 122719, 102259, 146029, 123313, 134556, 47660, 83259, 47258, 30500, 147423, 148569, 80396, 74688, 97617, 134643, 69816, 88170, 79209, 48645]",0
119,TRAIN,NORMAL,"[61430, 110816, 62157, 130175, 51013, 95916, 96443, 113529, 14289, 119832, 61222, 105021, 120506, 137221, 63067, 67708, 27809, 107986, 135504, 104742]",0
120,TRAIN,NORMAL,"[141700, 74351, 65055, 82623, 134653, 74940, 27279, 108108, 45851, 135081, 140156, 94758, 91033, 148859, 77492, 72732, 89943, 23608, 44474, 89456]",0
121,TRAIN,NORMAL,"[1143, 143420, 79162, 6438, 44560, 137713, 67305, 88444, 21084, 91369, 126650, 31698, 82241, 11228, 42891, 140410, 29207, 6795, 128900, 136382]",0
122,TRAIN,NORMAL,"[54140, 69129, 125293, 110213, 75771, 24300, 25683, 20569, 68535, 105496, 76638, 88818, 98247, 61456, 129344, 75185, 34598, 123056, 32085, 59023]",0
123,TRAIN,NORMAL,"[40825, 107300, 102245, 43176, 95652, 104304, 83132, 105941, 98094, 99559, 86242, 19063, 37376, 107367, 139759, 107674, 36177, 116285, 71599, 104522]",0
124,TRAIN,NORMAL,"[80491, 10905, 117621, 95372, 14222, 136040, 74063, 79551, 147046, 118698, 36980, 92936, 109616, 21346, 13502, 5730, 101668, 105286, 119460, 135542]",0
125,TRAIN,NORMAL,"[78279, 63770, 121014, 97805, 23951, 25643, 133083, 1335, 123080, 28502, 83976, 110139, 37837, 122057, 103331, 112834, 87527, 16169, 98322, 36814]",0
126,TRAIN,NORMAL,"[139579, 45887, 37112, 24035, 122831, 15858, 49411, 28965, 19712, 17428, 76841, 42133, 117686, 18547, 81131, 130177, 146241, 76291, 100971, 138238]",0
127,TRAIN,NORMAL,"[40903, 112806, 107272, 149659, 15236, 52383, 67651, 145830, 121295, 17108, 140085, 61821, 67189, 31401, 134426, 113137, 33533, 144589, 64971, 32104]",0
128,TRAIN,NORMAL,"[103408, 147359, 82124, 106945, 62138, 97925, 29486, 78917, 80540, 114429, 56343, 104005, 92095, 117477, 28678, 124892, 56231, 123273, 117573, 94381]",0
129,TRAIN,NORMAL,"[20107, 10210, 87967, 24341, 113652, 139331, 63578, 30177, 140819, 46044, 11217, 90623, 27898, 87093, 74699, 128296, 89810, 134586, 50475, 49972]",0
130,TRAIN,NORMAL,"[13412, 5200, 7638, 40737, 94132, 96411, 88608, 21865, 74926, 9439, 120629, 19876, 45389, 91803, 46430, 61898, 15070, 98730, 95337, 78674]",0
131,TRAIN,NORMAL,"[50433, 39266, 9245, 89624, 85397, 28270, 41937, 78707, 64503, 83548, 65744, 5779, 7294, 2468, 113238, 101437, 36768, 119706, 25553, 131985]",0
132,TRAIN,NORMAL,"[14398, 117803, 68340, 84729, 21626, 111694, 18583, 49274, 18695, 72861, 114772, 28197, 58508, 82827, 139434, 82783, 148097, 101363, 84373, 121063]",0
133,TRAIN,NORMAL,"[114944, 15466, 132046, 61448, 42410, 41929, 51646, 2143, 1147, 133843, 9455, 63566, 4960, 24214, 95539, 102506, 66022, 67683, 141656, 51254]",0
134,TRAIN,NORMAL,"[110771, 14192, 73614, 29265, 131495, 73258, 25482, 135305, 41707, 24618, 10161, 74336, 79723, 108484, 122846, 13690, 138570, 119154, 19637, 123521]",0
135,TRAIN,NORMAL,"[120852, 62813, 95643, 39403, 98496, 11083, 91240, 66013, 58950, 28832, 37441, 28670, 45372, 140960, 83362, 97663, 113628, 8661, 113202, 84805]",0
136,TRAIN,NORMAL,"[51810, 43966, 108397, 30286, 32729, 72573, 38242, 34781, 131283, 148711, 87649, 95949, 67087, 35454, 43930, 112121, 50935, 86988, 766, 141155]",0
137,TRAIN,NORMAL,"[135897, 112334, 136880, 40664, 88041, 67320, 49594, 134930, 111516, 97020, 76510, 57077, 138296, 70649, 53747, 58096, 40628, 74620, 32994, 78225]",0
138,TRAIN,NORMAL,"[55887, 76423, 36039, 124811, 122533, 134524, 560, 139318, 146106, 74830, 64848, 104270, 132170, 108716, 12555, 147456, 22334, 139644, 6303, 111761]",0
139,TRAIN,NORMAL,"[119687, 97137, 6378, 16231, 32302, 46385, 29367, 121822, 64954, 51984, 21443, 56032, 9742, 129016, 107684, 43135, 88470, 1550, 53658, 109633]",0
140,TRAIN,NORMAL,"[37629, 119978, 107232, 109901, 81801, 98145, 117360, 70004, 67079, 43414, 77254, 135359, 145928, 77271, 89507, 92421, 73682, 148081, 122235, 68710]",0
141,TRAIN,NORMAL,"[103206, 27409, 48977, 115038, 138318, 28755, 29126, 70759, 144579, 145351, 30148, 11823, 81966, 136701, 7950, 83265, 111205, 86234, 68394, 149697]",0
142,TRAIN,NORMAL,"[16967, 30128, 49190, 27759, 63449, 120537, 107863, 3862, 7375, 105529, 30408, 124504, 14548, 139827, 35497, 3444, 53861, 122708, 23537, 24302]",0
143,TRAIN,NORMAL,"[29665, 56786, 109498, 119435, 112386, 67686, 40813, 90613, 137119, 85713, 128027, 106220, 122339, 69051, 127397, 121405, 141273, 130091, 43479, 45141]",0
144,TRAIN,NORMAL,"[85146, 38421, 125717, 103265, 79590, 145438, 147685, 8457, 17046, 107949, 76781, 46781, 139167, 50099, 137370, 15328, 54174, 63521, 16810, 33347]",0
145,TRAIN,NORMAL,"[9043, 137807, 132034, 77991, 102342, 107290, 85314, 79107, 102251, 65997, 40464, 116580, 52819, 58805, 74257, 120297, 98546, 56996, 63925, 96369]",0
146,TRAIN,NORMAL,"[33436, 60949, 146345, 75617, 2517, 5019, 38712, 137153, 37482, 138080, 124980, 133500, 74592, 121744, 82617, 62322, 125255, 94152, 4385, 142982]",0
147,TRAIN,NORMAL,"[78163, 109057, 66455, 68196, 51861, 25796, 144199, 18589, 86648, 141920, 129175, 51608, 59517, 138656, 110483, 105265, 88244, 107343, 123264, 66446]",0
148,TRAIN,NORMAL,"[21245, 10971, 134285, 95200, 100750, 133381, 117635, 125380, 74956, 12241, 47937, 92277, 74723, 56701, 115067, 140385, 90714, 74196, 133682, 54323]",0
149,TRAIN,NORMAL,"[20321, 67326, 129117, 71628, 57972, 42968, 29452, 13459, 114409, 67790, 135257, 101913, 33223, 94579, 24648, 47862, 122020, 55231, 102743, 45396]",0
150,TRAIN,NORMAL,"[132102, 134264, 129409, 149390, 127921, 35271, 111714, 122078, 129090, 54621, 145947, 112781, 67198, 100960, 35482, 106680, 119194, 20691, 15987, 133679]",0
151,TRAIN,NORMAL,"[47030, 78993, 49360, 118694, 8633, 106655, 127576, 35951, 99809, 77195, 43183, 129403, 133482, 120721, 108307, 101087, 148630, 138420, 65509, 15790]",0
152,TRAIN,NORMAL,"[136605, 3997, 60068, 47616, 56108, 127161, 45153, 25468, 103480, 56278, 57848, 36092, 56563, 35395, 15865, 15438, 105858, 8809, 131987, 94453]",0
153,TRAIN,NORMAL,"[25579, 7161, 121681, 2284, 70286, 82875, 136519, 96496, 140745, 14773, 85407, 84635, 37166, 76928, 144606, 60521, 32290, 59095, 28936, 21874]",0
154,TRAIN,NORMAL,"[137819, 93685, 72827, 29718, 143914, 124052, 37646, 37428, 63049, 39520, 24499, 87403, 144970, 57894, 114003, 112284, 53520, 141668, 27421, 56315]",0
155,TRAIN,NORMAL,"[126678, 76626, 111445, 138047, 50582, 102183, 49817, 90840, 72265, 11036, 25155, 105025, 13480, 19912, 104162, 124670, 89295, 77520, 39740, 6403]",0
156,TRAIN,NORMAL,"[16712, 61808, 57603, 32979, 6832, 89419, 51282, 14092, 142020, 4853, 108507, 68339, 142230, 131905, 137011, 145917, 19094, 78395, 43944, 15278]",0
157,TRAIN,NORMAL,"[29990, 44193, 134589, 32448, 58283, 7923, 112424, 12523, 142038, 101383, 114633, 75910, 131792, 91076, 62174, 112577, 86187, 75446, 33650, 3445]",0
158,TRAIN,NORMAL,"[11663, 139208, 29320, 18149, 92758, 9877, 1961, 79207, 48486, 36363, 123098, 61485, 42828, 2027, 73395, 46809, 132953, 79766, 140293, 137304]",0
159,TRAIN,NORMAL,"[16132, 25355, 58068, 77650, 124872, 100242, 109784, 52530, 71129, 109904, 7014, 99888, 144398, 99905, 119135, 61565, 86370, 147652, 44385, 136668]",0
160,TRAIN,NORMAL,"[1726, 32405, 54473, 100709, 34591, 139708, 68779, 34015, 111266, 92683, 14843, 124939, 127441, 130450, 65916, 5124, 127056, 39264, 48140, 97313]",0
161,TRAIN,NORMAL,"[30959, 95590, 123847, 111106, 137691, 31637, 122160, 21496, 22942, 62915, 79684, 122919, 49632, 47351, 125454, 28298, 43636, 12866, 92946, 19905]",0
162,TRAIN,NORMAL,"[15904, 1833, 18484, 32632, 58120, 39943, 72073, 122092, 13861, 63502, 98994, 135262, 130569, 149322, 14602, 85621, 133169, 17899, 20269, 127562]",0
163,TRAIN,NORMAL,"[35286, 112026, 135832, 21515, 109525, 71881, 65614, 139229, 15540, 96650, 52082, 74280, 149736, 110918, 35460, 24683, 132486, 118729, 46554, 73469]",0
164,TRAIN,NORMAL,"[104521, 90894, 26417, 52853, 136713, 140236, 57867, 76241, 59070, 84228, 90543, 70838, 35181, 73436, 124596, 46268, 35239, 49639, 64409, 120480]",0
165,TRAIN,NORMAL,"[101306, 43762, 109188, 83179, 1391, 43067, 10726, 51645, 22758, 62711, 29338, 64115, 69646, 65568, 51520, 24381, 5257, 19407, 78464, 27536]",0
166,TRAIN,NORMAL,"[89811, 148388, 146603, 39090, 143222, 142639, 4587, 17696, 42376, 111342, 59586, 8894, 88026, 17571, 149633, 144713, 118097, 103460, 68797, 114287]",0
167,TRAIN,NORMAL,"[19029, 62358, 145224, 116974, 142089, 40814, 107676, 15132, 96895, 141136, 134648, 52373, 33535, 91516, 126029, 83018, 127414, 38799, 70944, 105099]",0
168,TRAIN,NORMAL,"[105760, 41438, 11008, 82100, 88947, 115225, 81300, 61179, 12087, 67226, 51069, 119881, 140992, 48842, 24501, 46689, 20530, 97969, 93189, 118976]",0
169,TRAIN,NORMAL,"[119902, 130120, 6047, 122383, 57168, 139968, 4208, 66857, 15783, 108007, 107634, 69499, 5492, 94380, 62898, 10461, 109591, 112905, 63198, 79749]",0
170,TRAIN,NORMAL,"[108211, 82378, 2356, 42801, 134970, 89397, 731, 71495, 33787, 4444, 10585, 24159, 41543, 89547, 142646, 39178, 79123, 101163, 13662, 118333]",0
171,TRAIN,NORMAL,"[50964, 117223, 125027, 110253, 72713, 99712, 30528, 137995, 149266, 136818, 30266, 112341, 47161, 28702, 132857, 11437, 132864, 67606, 2478, 46930]",0
172,TRAIN,NORMAL,"[149622, 20516, 30946, 140002, 34357, 36690, 115755, 6504, 122046, 5596, 133188, 121732, 108954, 24984, 15472, 95624, 147571, 131924, 33597, 129827]",0
173,TRAIN,NORMAL,"[139202, 17125, 108939, 86514, 14210, 123594, 24571, 93802, 115768, 33870, 108895, 120796, 66828, 3245, 103791, 92594, 141581, 15267, 27033, 35010]",0
174,TRAIN,NORMAL,"[80203, 4855, 66151, 16244, 51667, 126398, 142753, 56112, 132600, 103565, 71318, 48483, 62297, 21535, 102113, 84022, 140035, 10068, 148429, 52575]",0
175,TRAIN,NORMAL,"[50782, 72654, 84039, 124041, 5121, 3255, 110576, 34860, 119807, 20852, 81848, 62122, 139903, 98872, 61251, 147263, 5745, 116098, 112187, 34903]",0
176,TRAIN,NORMAL,"[143351, 105414, 34056, 111200, 40438, 108035, 99769, 135529, 2418, 119430, 17797, 45989, 138846, 114530, 2447, 123099, 144899, 90458, 56729, 51141]",0
177,TRAIN,NORMAL,"[144226, 90754, 64606, 112680, 134465, 149379, 14074, 95402, 83458, 33061, 74284, 136111, 93724, 882, 126260, 115447, 31893, 105695, 80749, 120310]",0
178,TRAIN,NORMAL,"[47077, 117335, 92062, 100136, 104990, 104172, 40607, 64432, 124634, 94809, 7655, 66453, 45494, 13795, 145712, 96673, 103696, 21791, 99438, 92357]",0
179,TRAIN,NORMAL,"[53197, 87755, 63889, 108777, 59069, 61566, 80162, 119593, 44774, 109154, 4380, 60411, 120106, 68157, 24120, 141082, 32359, 116568, 136214, 97419]",0
180,TRAIN,NORMAL,"[129882, 19028, 52759, 149049, 134594, 143198, 73200, 131014, 124727, 109690, 120738, 8025, 128355, 3811, 115180, 42779, 30611, 106355, 147247, 34213]",0
181,TRAIN,NORMAL,"[112351, 113073, 75642, 142220, 29286, 111329, 134355, 102303, 47164, 2619, 54222, 102742, 117822, 80992, 103370, 88425, 131030, 136643, 1380, 107218]",0
182,TRAIN,NORMAL,"[78191, 613, 56977, 9737, 53501, 90302, 79212, 245, 54180, 23543, 66316, 4758, 121383, 6399, 52358, 104798, 35643, 51679, 135826, 122844]",0
183,TRAIN,NORMAL,"[114108, 21793, 93582, 79030, 127101, 85546, 110713, 78966, 123578, 65908, 31191, 142732, 124949, 11322, 133196, 94483, 126194, 7248, 125609, 132302]",0
184,TRAIN,NORMAL,"[69982, 26494, 145683, 108482, 82532, 86849, 107775, 85277, 135154, 842, 117575, 63153, 62598, 135763, 134563, 83404, 135237, 141263, 24271, 51574]",0
185,TRAIN,NORMAL,"[70955, 148688, 38645, 33931, 7234, 57506, 9239, 131726, 99990, 76642, 125277, 35382, 126997, 93626, 87998, 105271, 140905, 45128, 92747, 118247]",0
186,TRAIN,NORMAL,"[136742, 2448, 2031, 144919, 29661, 10437, 3551, 75287, 31362, 44570, 96158, 72662, 107660, 137993, 91549, 58371, 58322, 125843, 71462, 10744]",0
187,TRAIN,NORMAL,"[32171, 19682, 87782, 110067, 137692, 3384, 136079, 144457, 54308, 74114, 11143, 96507, 21013, 123188, 145832, 61426, 116048, 38696, 52415, 59530]",0
188,TRAIN,NORMAL,"[142572, 106017, 14930, 104731, 74941, 130746, 59110, 98996, 102505, 23132, 88178, 651, 49041, 48823, 60975, 91062, 45936, 28129, 131864, 88730]",0
189,TRAIN,NORMAL,"[116355, 32882, 107901, 62160, 73656, 61717, 64239, 145599, 138030, 3224, 60088, 73911, 89528, 80582, 25703, 111687, 111949, 102182, 145878, 137652]",0
190,TRAIN,NORMAL,"[130029, 112837, 49816, 37138, 105808, 91196, 1743, 46436, 77160, 62285, 100710, 108344, 58288, 53654, 93311, 50968, 38041, 7580, 115179, 212]",0
191,TRAIN,NORMAL,"[18438, 82490, 2610, 118362, 21412, 60005, 52026, 147741, 9292, 117073, 4531, 52921, 73083, 27016, 119215, 49340, 107341, 115910, 33207, 55138]",0
192,TRAIN,NORMAL,"[2487, 140702, 79753, 59034, 126386, 497, 84223, 46591, 27985, 14326, 140111, 48310, 50165, 94602, 2938, 134181, 52568, 142184, 75459, 41054]",0
193,TRAIN,NORMAL,"[53540, 95085, 139636, 103784, 84963, 102479, 32507, 87912, 130853, 90502, 75253, 118541, 42122, 144490, 88015, 90492, 103282, 135398, 41678, 20797]",0
194,TRAIN,NORMAL,"[40367, 10460, 13114, 82688, 15918, 29090, 130132, 65575, 121643, 127184, 7625, 34935, 126641, 62133, 102684, 145716, 86785, 18475, 17193, 67315]",0
195,TRAIN,NORMAL,"[149597, 22236, 119699, 48948, 119174, 83185, 56656, 114032, 131425, 51666, 143894, 20721, 87891, 97827, 658, 65056, 149701, 116692, 99805, 101799]",0
196,TRAIN,NORMAL,"[67186, 33855, 54142, 132902, 25997, 3271, 73105, 23062, 106142, 76050, 81964, 123348, 27907, 64566, 102641, 113842, 47438, 37260, 54542, 136239]",0
197,TRAIN,NORMAL,"[99583, 149272, 44399, 104498, 86791, 31896, 43720, 113651, 45498, 69148, 149761, 2438, 24311, 123287, 143799, 114095, 79364, 71707, 36414, 92780]",0
198,TRAIN,NORMAL,"[79077, 38747, 92327, 50665, 136430, 58987, 93813, 120005, 123270, 85591, 101857, 125083, 1207, 14410, 116810, 105477, 74158, 134235, 89859, 86981]",0
199,TRAIN,NORMAL,"[91120, 112382, 124848, 52564, 38896, 73616, 27055, 145495, 71644, 138307, 58791, 145295, 12013, 147768, 116293, 47642, 120857, 12751, 144924, 73495]",0
200,TRAIN,NORMAL,"[38058, 18272, 112159, 59290, 51184, 124959, 134890, 102864, 61327, 40860, 37507, 22657, 1864, 91091, 98288, 75379, 127683, 79379, 53691, 115101]",0
201,TRAIN,NORMAL,"[80083, 126758, 8062, 110130, 45344, 70039, 65840, 126562, 111991, 75254, 71730, 96743, 44745, 92524, 8938, 4994, 47954, 45976, 112118, 42273]",0
202,TRAIN,NORMAL,"[6541, 100974, 120130, 71925, 38541, 98455, 120526, 26104, 49796, 90198, 73101, 145855, 55267, 130115, 109808, 117003, 94040, 144351, 39327, 119798]",0
203,TRAIN,NORMAL,"[18591, 33916, 90734, 53471, 50947, 56025, 58794, 137572, 104055, 116214, 45302, 54134, 66137, 72790, 148248, 81789, 129263, 144263, 110533, 110352]",0
204,TRAIN,NORMAL,"[93124, 128870, 141290, 1169, 3191, 109239, 53752, 97690, 80989, 146708, 143561, 12011, 136180, 35320, 446, 75664, 83393, 110632, 113745, 62149]",0
205,TRAIN,NORMAL,"[5973, 118635, 62770, 110129, 18454, 67188, 13677, 116576, 1527, 117813, 60043, 10543, 119409, 42803, 140209, 37561, 88114, 70418, 101255, 37330]",0
206,TRAIN,NORMAL,"[77970, 128728, 38519, 99295, 82416, 20880, 14156, 126363, 34013, 12175, 37983, 48646, 18480, 5553, 66438, 25283, 133909, 42815, 2959, 120773]",0
207,TRAIN,NORMAL,"[117225, 29700, 69841, 94185, 29820, 45134, 26992, 29953, 147373, 77809, 95319, 114716, 109504, 123607, 16083, 32225, 131614, 11832, 136300, 95341]",0
208,TRAIN,NORMAL,"[88564, 143313, 61704, 42684, 85289, 137723, 130429, 118169, 112942, 83439, 46347, 13489, 114956, 79363, 86360, 39185, 28309, 6971, 59592, 100042]",0
209,TRAIN,NORMAL,"[24472, 46598, 27073, 56539, 12320, 68319, 132204, 80253, 129136, 128365, 69240, 93779, 93924, 9675, 146955, 149756, 104882, 92428, 63533, 2414]",0
210,TRAIN,NORMAL,"[75649, 17507, 28995, 118822, 141624, 92010, 14774, 38982, 57191, 57271, 95865, 127603, 39977, 133078, 97355, 98892, 73250, 74318, 117330, 15728]",0
211,TRAIN,NORMAL,"[87978, 85345, 46126, 89707, 13385, 144989, 116095, 52826, 16844, 51754, 5232, 86143, 72575, 32460, 5727, 112959, 55448, 73567, 32079, 79403]",0
212,TRAIN,NORMAL,"[97983, 31486, 129005, 1223, 12426, 119166, 145719, 58858, 71393, 131652, 17288, 70669, 130600, 118766, 4125, 216, 77280, 98065, 129510, 91278]",0
213,TRAIN,NORMAL,"[112419, 52165, 16991, 25404, 99796, 96335, 69159, 64497, 22338, 102828, 70924, 137580, 75114, 67725, 73171, 59196, 1090, 7808, 85051, 138313]",0
214,TRAIN,NORMAL,"[52160, 121443, 65605, 55999, 70077, 148261, 16842, 21977, 79754, 56369, 56897, 32785, 1020, 41328, 147551, 145820, 12264, 64466, 113132, 23035]",0
215,TRAIN,NORMAL,"[49310, 81017, 31418, 90337, 62127, 148193, 102722, 132786, 149796, 47953, 119392, 37692, 42894, 4695, 87255, 71359, 120768, 141923, 53220, 41212]",0
216,TRAIN,NORMAL,"[142853, 76821, 70585, 55084, 67092, 78265, 14482, 129649, 72905, 121222, 107504, 101864, 63866, 144950, 117732, 128541, 5597, 106690, 36502, 129805]",0
217,TRAIN,NORMAL,"[43041, 143473, 97265, 68639, 75128, 44633, 63286, 96561, 18997, 35409, 109695, 17744, 84993, 121674, 85551, 59130, 75762, 92024, 114473, 110541]",0
218,TRAIN,NORMAL,"[108052, 38032, 116011, 38250, 138097, 148061, 76803, 42563, 112359, 96725, 62967, 65737, 48445, 111569, 80289, 6691, 144109, 106780, 84812, 93280]",0
219,TRAIN,NORMAL,"[104401, 130131, 41734, 53144, 36694, 122133, 23098, 92348, 103703, 82119, 118703, 66030, 77068, 97755, 111178, 103379, 22315, 99339, 88858, 27075]",0
220,TRAIN,NORMAL,"[17270, 129519, 2676, 126223, 59035, 84048, 132537, 123256, 90255, 28108, 50297, 137219, 174, 98648, 17502, 86582, 34331, 57782, 112551, 45975]",0
221,TRAIN,NORMAL,"[96952, 24242, 133142, 120635, 5788, 59568, 14865, 46991, 59468, 132166, 3915, 149608, 50190, 70681, 138624, 106165, 53979, 98491, 29166, 126329]",0
222,TRAIN,NORMAL,"[140193, 136363, 56465, 60812, 149539, 137497, 34400, 145822, 57606, 11940, 140690, 136421, 107123, 84343, 120087, 54427, 68158, 47867, 36545, 44542]",0
223,TRAIN,NORMAL,"[109975, 125823, 18374, 21377, 66268, 139789, 140724, 106202, 51943, 60035, 63266, 7245, 109886, 5871, 135860, 146737, 4439, 86399, 126418, 48675]",0
224,TRAIN,NORMAL,"[99607, 101101, 4057, 82812, 40838, 105085, 116044, 49617, 20246, 83081, 64832, 71743, 141684, 116983, 138489, 40674, 82199, 76775, 89687, 127329]",0
225,TRAIN,NORMAL,"[100339, 70053, 43840, 114600, 56740, 94955, 137878, 145733, 127195, 45593, 135489, 20508, 77196, 148353, 72255, 52995, 5889, 63632, 122801, 33377]",0
226,TRAIN,NORMAL,"[29572, 54330, 51280, 12717, 14089, 56159, 106472, 108816, 54440, 27172, 825, 94908, 59716, 21227, 134118, 5290, 104982, 140245, 16570, 136357]",0
227,TRAIN,NORMAL,"[96671, 105755, 101205, 21986, 114892, 33423, 75182, 73398, 45653, 80285, 85323, 24615, 67782, 96525, 93599, 33391, 16108, 81887, 139155, 65851]",0
228,TRAIN,NORMAL,"[22618, 134211, 144285, 119536, 117959, 149232, 31277, 9944, 132913, 71720, 2982, 130181, 37630, 55246, 100448, 1647, 107014, 42961, 90830, 127388]",0
229,TRAIN,NORMAL,"[113910, 123200, 58228, 103391, 30530, 58983, 99496, 92395, 70103, 48951, 96512, 49372, 41957, 732, 72647, 61614, 8977, 72453, 17816, 64474]",0
230,TRAIN,NORMAL,"[120166, 113074, 13141, 2098, 18968, 114950, 55337, 143118, 115152, 18949, 95093, 11439, 45443, 76118, 76139, 89659, 145775, 15569, 75299, 55515]",0
231,TRAIN,NORMAL,"[99452, 122559, 98689, 47541, 66073, 66011, 27872, 19660, 18700, 36692, 86377, 7314, 87828, 72019, 44619, 141038, 100825, 95696, 119896, 38575]",0
232,TRAIN,NORMAL,"[79716, 51837, 145717, 41487, 24217, 117069, 66593, 76421, 92398, 82873, 31159, 9275, 99646, 24330, 41780, 76684, 144136, 34534, 43263, 136833]",0
233,TRAIN,NORMAL,"[116864, 36078, 53007, 99425, 34081, 56752, 117100, 30125, 142615, 52991, 47589, 41822, 138697, 84863, 101073, 91972, 147715, 59841, 58230, 62251]",0
234,TRAIN,NORMAL,"[77218, 115927, 22867, 89955, 104914, 64044, 62930, 96290, 2234, 134498, 73963, 89721, 21199, 123691, 57115, 67597, 143467, 123764, 144515, 19105]",0
235,TRAIN,NORMAL,"[102735, 123722, 35628, 115337, 45314, 39104, 77553, 34130, 74943, 100874, 132919, 10926, 46837, 114763, 98980, 51738, 135416, 137473, 81474, 93173]",0
236,TRAIN,NORMAL,"[88578, 58261, 133739, 56631, 54443, 135055, 8568, 127060, 98363, 35218, 40529, 49181, 114901, 118565, 110126, 99365, 79855, 100088, 43349, 26539]",0
237,TRAIN,NORMAL,"[10128, 80385, 50765, 111540, 64416, 104766, 96055, 131695, 147541, 112671, 97164, 56713, 40434, 72223, 69166, 75191, 36337, 89980, 128812, 85917]",0
238,TRAIN,NORMAL,"[142106, 110563, 77446, 130727, 18651, 61800, 118140, 12305, 65811, 96102, 137466, 138006, 80274, 63216, 74160, 2912, 125899, 139013, 40930, 147079]",0
239,TRAIN,NORMAL,"[103945, 32779, 10472, 35707, 94838, 85142, 60977, 120620, 72419, 61495, 22941, 30340, 64964, 13455, 31889, 72332, 138261, 118987, 75816, 38083]",0
240,TRAIN,NORMAL,"[59145, 42949, 148070, 87621, 31954, 124061, 83365, 91968, 70300, 13869, 39714, 61813, 17641, 27214, 72202, 119385, 58419, 5112, 104307, 145723]",0
241,TRAIN,NORMAL,"[18600, 133069, 66794, 82480, 94081, 134480, 66548, 52873, 65243, 103544, 42267, 45766, 38867, 4262, 92847, 141056, 11260, 102698, 134287, 41794]",0
242,TRAIN,NORMAL,"[121967, 46109, 93342, 130319, 53420, 39470, 23523, 66292, 58420, 131600, 121219, 121660, 51761, 29504, 5035, 19625, 3040, 124815, 32870, 16042]",0
243,TRAIN,NORMAL,"[70037, 84818, 1161, 144277, 130426, 73187, 21319, 28385, 105679, 95653, 60559, 69552, 65928, 7884, 24740, 57865, 144915, 124510, 72323, 28679]",0
244,TRAIN,NORMAL,"[86437, 79021, 133462, 52968, 125704, 130267, 37675, 140430, 42714, 21053, 9878, 141941, 135790, 8757, 111858, 42330, 16094, 92950, 7548, 14050]",0
245,TRAIN,NORMAL,"[75067, 58280, 51239, 134377, 86900, 37410, 15846, 115357, 143234, 108267, 65440, 104542, 35132, 129721, 70124, 72289, 82745, 104549, 192, 91736]",0
246,TRAIN,NORMAL,"[83144, 89521, 113500, 118760, 148142, 87294, 26050, 148214, 148848, 63412, 94375, 14908, 129393, 52571, 30726, 29884, 25056, 120825, 66724, 78747]",0
247,TRAIN,NORMAL,"[52303, 68081, 144582, 129515, 45729, 81303, 45352, 30760, 54421, 19603, 89789, 25692, 104465, 36680, 143009, 70901, 42383, 115145, 47190, 23639]",0
248,TRAIN,NORMAL,"[73095, 115021, 33162, 116787, 91615, 143047, 47432, 72931, 38797, 67075, 147148, 36590, 65818, 76009, 136730, 46805, 18518, 82622, 83823, 97410]",0
249,TRAIN,NORMAL,"[140538, 36469, 98909, 64076, 61488, 93053, 137206, 146240, 93578, 107544, 125791, 25825, 33591, 57398, 7341, 95774, 76279, 130718, 78149, 51293]",0
250,TRAIN,NORMAL,"[11733, 113122, 3472, 31395, 96706, 136201, 27354, 55384, 63297, 26661, 146423, 65436, 11993, 122155, 82934, 58329, 106028, 90514, 104988, 138514]",0
251,TRAIN,NORMAL,"[53592, 2082, 19369, 103145, 58159, 8378, 135405, 134040, 113493, 56328, 83877, 130774, 79227, 101596, 7577, 90087, 44350, 59067, 59650, 43661]",0
252,TRAIN,NORMAL,"[135661, 106229, 76028, 36494, 23299, 49114, 138240, 103721, 13446, 109742, 16047, 43986, 136910, 104588, 3606, 763, 10497, 71382, 39298, 51970]",0
253,TRAIN,NORMAL,"[116246, 121981, 25842, 62372, 31040, 42994, 61455, 149461, 92479, 91245, 28581, 51789, 1576, 1178, 48322, 28499, 17378, 93990, 70716, 68631]",0
254,TRAIN,NORMAL,"[56445, 54111, 92823, 14436, 19976, 73017, 1848, 57043, 29266, 71160, 44955, 60579, 81188, 30885, 108008, 133503, 37636, 138503, 78264, 127980]",0
255,TRAIN,NORMAL,"[63688, 18919, 81972, 104256, 64792, 32677, 38211, 77519, 76593, 100265, 93894, 16909, 116861, 64868, 33478, 67967, 35118, 130010, 57280, 4015]",0
256,TRAIN,NORMAL,"[32130, 109747, 109906, 87274, 134051, 66098, 92136, 131261, 17470, 21982, 76322, 90678, 28439, 10203, 53458, 94637, 95410, 86405, 70600, 122664]",0
257,TRAIN,NORMAL,"[78012, 141853, 67870, 95969, 100702, 131896, 22154, 130542, 127147, 32058, 140127, 11145, 139779, 125914, 63587, 44364, 86744, 67675, 54741, 19072]",0
258,TRAIN,NORMAL,"[97844, 145487, 133871, 43094, 124058, 42425, 38038, 134564, 47738, 21142, 129500, 105747, 93751, 132626, 40911, 17483, 2771, 135520, 99692, 112692]",0
259,TRAIN,NORMAL,"[64878, 85710, 45856, 19022, 51334, 148085, 129595, 119840, 112019, 122337, 104576, 103892, 58465, 56211, 87719, 13214, 39708, 63022, 67442, 5772]",0
260,TRAIN,NORMAL,"[126387, 14152, 20065, 111885, 90885, 46507, 120987, 71302, 89478, 33092, 2766, 123315, 110426, 117494, 48476, 24713, 38801, 16473, 139960, 83205]",0
261,TRAIN,NORMAL,"[18007, 86677, 108281, 48784, 49169, 149063, 82324, 15521, 81027, 89351, 61648, 132849, 67903, 10418, 73447, 103201, 41491, 87155, 14226, 87107]",0
262,TRAIN,NORMAL,"[8706, 33437, 31455, 34617, 46905, 7491, 68429, 59287, 114021, 26270, 141189, 40565, 125495, 147556, 36998, 56389, 120517, 135293, 123011, 92229]",0
263,TRAIN,NORMAL,"[105594, 8115, 135060, 142381, 128784, 52591, 105741, 103509, 109273, 61213, 134565, 41089, 109359, 92920, 102407, 44183, 67157, 57211, 57881, 70725]",0
264,TRAIN,NORMAL,"[83151, 39949, 131858, 142447, 115253, 69915, 18979, 92701, 77977, 120865, 33749, 91860, 96056, 18285, 54425, 120696, 10063, 81304, 148539, 27998]",0
265,TRAIN,NORMAL,"[8559, 56759, 23736, 11704, 60459, 33018, 145826, 63728, 144448, 126132, 144187, 53632, 99790, 67195, 54706, 141287, 111604, 101603, 140629, 116939]",0
266,TRAIN,NORMAL,"[145990, 110989, 139341, 142042, 1031, 143981, 29724, 59046, 89744, 145135, 76674, 7652, 143085, 51443, 93455, 82309, 12640, 124171, 11302, 4459]",0
267,TRAIN,NORMAL,"[125442, 20898, 63443, 133971, 35800, 73278, 23464, 92966, 36538, 138048, 43316, 34304, 45418, 70174, 8454, 42173, 15264, 53799, 70570, 89541]",0
268,TRAIN,NORMAL,"[121676, 11751, 139792, 42629, 105230, 11581, 59193, 132984, 97495, 50954, 15290, 112794, 18688, 83690, 13971, 72899, 123880, 47236, 32937, 64626]",0
269,TRAIN,NORMAL,"[63915, 11053, 115957, 12040, 65918, 120943, 73079, 112926, 58933, 93840, 104289, 105635, 61519, 15246, 83677, 123941, 88583, 64256, 130876, 127144]",0
270,TRAIN,NORMAL,"[10192, 15216, 101555, 102566, 56458, 118093, 13273, 83650, 21411, 61579, 45292, 135188, 36345, 5619, 61174, 130437, 36801, 7396, 6676, 7650]",0
271,TRAIN,NORMAL,"[49087, 10468, 301, 122377, 53775, 14489, 57602, 28152, 21034, 146242, 129458, 11689, 76911, 143112, 48812, 40680, 130643, 44821, 119259, 22875]",0
272,TRAIN,NORMAL,"[93703, 54126, 113113, 22270, 65417, 67740, 37887, 118432, 11233, 5677, 115789, 33153, 139372, 98027, 148187, 16994, 18875, 138161, 94721, 102386]",0
273,TRAIN,NORMAL,"[52870, 127281, 19533, 147454, 70550, 79695, 47591, 55586, 68963, 70527, 121247, 22223, 108559, 68954, 122124, 100061, 109721, 132570, 139703, 20583]",0
274,TRAIN,NORMAL,"[134747, 69421, 54929, 14035, 28841, 2443, 53046, 138025, 111417, 79213, 26616, 98523, 46387, 32869, 27174, 143401, 12171, 85964, 113783, 82068]",0
275,TRAIN,NORMAL,"[135591, 81686, 91467, 51028, 5056, 93348, 25411, 88890, 117138, 94900, 140280, 35969, 5141, 78033, 6955, 26697, 129357, 103281, 5795, 59268]",0
276,TRAIN,NORMAL,"[28604, 46716, 125958, 10642, 91304, 114234, 80333, 125292, 47975, 4371, 20524, 22080, 38503, 54240, 75419, 13695, 56015, 8045, 108960, 64214]",0
277,TRAIN,NORMAL,"[95299, 11093, 60903, 65268, 6269, 13493, 117476, 66491, 20541, 42050, 4036, 141436, 39122, 89064, 65983, 96464, 58302, 71748, 70784, 95687]",0
278,TRAIN,NORMAL,"[91012, 65233, 62561, 79783, 67349, 142179, 30056, 28612, 140460, 17855, 23476, 75339, 114767, 37214, 134441, 106550, 58431, 113750, 144882, 122385]",0
279,TRAIN,NORMAL,"[117398, 148000, 20195, 98720, 18020, 36159, 106061, 102263, 17322, 71011, 86991, 12292, 128130, 99632, 2881, 107533, 22786, 83251, 117599, 143616]",0
280,TRAIN,NORMAL,"[15021, 18279, 58761, 9692, 38291, 123952, 62121, 27822, 139294, 12724, 100185, 9636, 119796, 63981, 124640, 85604, 84025, 119138, 103130, 21827]",0
281,TRAIN,NORMAL,"[68976, 39077, 41183, 114100, 64558, 135931, 74467, 23998, 59298, 109343, 55058, 87779, 14710, 128943, 83667, 57208, 78132, 49509, 102063, 88904]",0
282,TRAIN,NORMAL,"[138635, 46181, 106169, 75542, 27411, 48141, 44159, 107790, 132065, 42699, 2275, 91574, 99526, 11927, 31325, 18443, 16516, 137183, 129385, 31292]",0
283,TRAIN,NORMAL,"[39458, 30413, 9525, 117756, 64349, 84163, 73790, 147081, 15223, 93607, 107262, 81506, 13020, 80046, 127618, 25697, 84940, 138561, 43924, 109612]",0
284,TRAIN,NORMAL,"[84688, 88893, 119944, 32521, 14815, 140372, 75354, 90375, 129523, 35403, 11413, 57840, 20761, 21868, 106214, 51178, 95333, 122222, 6237, 86803]",0
285,TRAIN,NORMAL,"[65472, 81096, 115881, 66676, 61007, 75172, 127720, 13267, 63615, 19732, 129961, 104135, 101708, 30452, 35407, 3974, 106290, 56818, 5939, 149077]",0
286,TRAIN,NORMAL,"[18810, 52233, 98544, 27900, 87232, 121264, 38682, 42457, 138850, 100487, 84242, 38843, 82831, 139952, 88145, 141791, 57627, 21989, 133327, 8203]",0
287,TRAIN,NORMAL,"[71351, 24934, 102002, 128994, 137493, 104567, 24809, 89960, 47981, 93709, 73032, 99865, 129899, 92707, 44778, 23555, 14313, 19996, 48558, 37889]",0
288,TRAIN,NORMAL,"[62625, 33545, 6058, 6648, 75175, 125569, 2784, 11858, 64163, 22356, 142453, 37357, 10317, 90311, 12796, 28585, 68805, 28685, 147831, 8778]",0
289,TRAIN,NORMAL,"[98825, 79389, 64429, 52636, 84601, 55036, 25384, 125556, 101305, 3799, 45238, 55554, 36300, 137208, 90633, 118970, 97976, 10933, 125005, 147745]",0
290,TRAIN,NORMAL,"[125234, 137704, 103499, 93900, 9967, 51435, 86780, 103511, 75908, 146093, 44114, 6097, 63567, 108446, 120041, 44563, 9047, 95913, 37752, 141628]",0
291,TRAIN,NORMAL,"[146870, 87357, 139289, 82387, 30018, 18184, 112728, 149685, 70622, 91357, 79741, 19620, 60145, 73157, 115241, 121165, 139063, 50846, 121404, 114246]",0
292,TRAIN,NORMAL,"[14026, 80055, 144586, 117480, 5246, 85601, 146726, 62816, 5405, 5459, 96001, 91567, 78562, 11051, 78617, 5707, 96572, 132873, 58624, 35448]",0
293,TRAIN,NORMAL,"[28000, 33826, 72572, 48336, 93243, 139718, 132640, 91401, 87437, 63107, 75018, 129905, 34739, 87823, 139608, 5422, 63884, 75751, 21854, 14051]",0
294,TRAIN,NORMAL,"[87263, 145218, 148965, 23544, 119386, 59490, 123376, 11565, 118944, 70806, 39270, 60735, 28252, 77138, 21020, 130238, 4472, 83147, 138882, 13825]",0
295,TRAIN,NORMAL,"[48537, 9509, 4991, 80672, 88007, 20693, 57417, 36946, 110837, 118478, 92733, 142904, 122086, 20685, 5654, 25652, 102044, 94125, 95202, 70041]",0
296,TRAIN,NORMAL,"[62340, 134949, 42032, 52087, 19207, 22514, 18490, 30935, 127951, 19455, 58746, 122021, 20048, 80045, 141026, 141800, 27735, 11372, 148190, 118522]",0
297,TRAIN,NORMAL,"[6117, 75823, 38961, 28145, 42443, 84284, 16705, 94797, 44941, 27132, 130146, 71023, 89043, 76394, 16285, 53493, 15625, 8122, 148054, 102427]",0
298,TRAIN,NORMAL,"[44683, 143511, 41592, 52204, 3894, 71894, 6903, 88291, 97193, 109184, 79035, 55318, 139911, 144345, 54448, 88773, 109177, 5687, 19955, 53130]",0
299,TRAIN,NORMAL,"[101254, 68633, 61545, 123635, 60084, 39498, 6898, 124716, 137918, 81631, 25255, 125167, 62969, 134505, 105842, 15381, 4328, 58328, 55317, 39987]",0
300,TRAIN,NORMAL,"[68780, 9969, 131592, 42034, 81926, 126419, 27213, 124678, 148824, 3677, 104047, 5719, 143581, 21835, 124291, 130776, 89891, 105912, 110629, 60487]",0
301,TRAIN,NORMAL,"[128726, 92891, 79268, 96964, 170, 2768, 45155, 39908, 52084, 143634, 13397, 52687, 66942, 85719, 82768, 115497, 11593, 99298, 71366, 6030]",0
302,TRAIN,NORMAL,"[136179, 111368, 3341, 129143, 88956, 138977, 47623, 51590, 53512, 38408, 131111, 44017, 19510, 93651, 133602, 139606, 34104, 124025, 83951, 33351]",0
303,TRAIN,NORMAL,"[46442, 80169, 40164, 132710, 110999, 65572, 18049, 116629, 147080, 44604, 117050, 57057, 112527, 115536, 45248, 21211, 57944, 42784, 142613, 73914]",0
304,TRAIN,NORMAL,"[107004, 87677, 104837, 86881, 118717, 70658, 88532, 102753, 10770, 90903, 19552, 13595, 31898, 145128, 46619, 39647, 93412, 76815, 41284, 63324]",0
305,TRAIN,NORMAL,"[24677, 12311, 32249, 84711, 112448, 74427, 21792, 111234, 66894, 113924, 111951, 102102, 86613, 132517, 74508, 110908, 48756, 53177, 21742, 60609]",0
306,TRAIN,NORMAL,"[71144, 63057, 5573, 63519, 16040, 70828, 41636, 114724, 44661, 104101, 116115, 68728, 10841, 25962, 100163, 120556, 146664, 115041, 147468, 92507]",0
307,TRAIN,NORMAL,"[122716, 88642, 100998, 19719, 44879, 129163, 144488, 100674, 36748, 149275, 88251, 57917, 22531, 75366, 36565, 46581, 145736, 128776, 74259, 109293]",0
308,TRAIN,NORMAL,"[17370, 85864, 63780, 22955, 93536, 112764, 31327, 38410, 112931, 49204, 140136, 130240, 85630, 16004, 81527, 141541, 35870, 47857, 1813, 148575]",0
309,TRAIN,NORMAL,"[139777, 131430, 41492, 104681, 88755, 106190, 73220, 101653, 148297, 122448, 106348, 109004, 1697, 105309, 123277, 138011, 148985, 90364, 80223, 25671]",0
310,TRAIN,NORMAL,"[5508, 57048, 131155, 131965, 38411, 149631, 77737, 18151, 12161, 133711, 131912, 125332, 103818, 28477, 17466, 149481, 127935, 8477, 123956, 15792]",0
311,TRAIN,NORMAL,"[50377, 79909, 84950, 56229, 18847, 61145, 34636, 149656, 44898, 20263, 17638, 110018, 44810, 58292, 77877, 75280, 85317, 128746, 49288, 89705]",0
312,TRAIN,NORMAL,"[130916, 70248, 71938, 127445, 19114, 144443, 52429, 4982, 124361, 142879, 96528, 1443, 95406, 69188, 124555, 65934, 26055, 134860, 56520, 73211]",0
313,TRAIN,NORMAL,"[124109, 14230, 58868, 69206, 43180, 141777, 66745, 32469, 70626, 114285, 22907, 141660, 130213, 32052, 41516, 56007, 88518, 57605, 139241, 71838]",0
314,TRAIN,NORMAL,"[82824, 113676, 108027, 42695, 25349, 23442, 142320, 147193, 72017, 149425, 147673, 104230, 113803, 123699, 139468, 65904, 22647, 129120, 17969, 20949]",0
315,TRAIN,NORMAL,"[17942, 144432, 45732, 63708, 108340, 62074, 129256, 390, 77469, 138055, 147270, 11846, 116101, 52015, 18789, 147775, 25973, 89674, 105124, 14581]",0
316,TRAIN,NORMAL,"[80677, 122024, 114028, 8298, 124784, 41072, 130492, 142040, 60990, 103884, 108943, 81644, 3699, 125439, 112450, 136259, 23268, 17149, 135210, 85473]",0
317,TRAIN,NORMAL,"[120576, 42892, 33309, 107740, 1237, 85190, 93210, 146030, 98306, 104765, 8070, 141427, 108687, 69366, 123314, 65599, 27249, 24083, 1818, 120934]",0
318,TRAIN,NORMAL,"[131762, 64218, 64421, 52761, 62853, 130531, 145021, 58717, 25721, 91706, 125185, 76067, 72569, 95216, 115878, 35163, 57758, 133405, 122878, 7085]",0
319,TRAIN,NORMAL,"[96064, 7926, 85893, 44691, 1925, 49892, 123407, 40644, 41930, 50788, 25992, 92682, 147322, 80364, 14981, 135848, 5672, 35697, 127314, 82305]",0
320,TRAIN,NORMAL,"[127559, 94684, 79662, 44974, 38804, 148087, 100505, 13850, 60351, 104594, 27799, 66146, 57481, 106322, 7752, 138089, 6810, 18613, 143801, 112201]",0
321,TRAIN,NORMAL,"[55584, 86515, 15740, 38730, 41232, 17121, 68168, 25023, 75622, 4372, 19819, 107995, 69457, 45224, 50151, 79439, 23155, 55978, 58123, 141790]",0
322,TRAIN,NORMAL,"[67768, 96346, 12951, 76166, 130242, 55319, 110578, 36818, 137117, 68336, 44622, 26600, 59224, 36012, 143053, 20895, 129661, 30697, 123582, 148944]",0
323,TRAIN,NORMAL,"[81336, 101926, 123606, 106781, 111736, 36619, 111690, 116017, 123968, 92094, 146269, 128529, 96226, 147935, 31000, 123668, 117767, 5614, 54713, 62927]",0
324,TRAIN,NORMAL,"[121309, 27485, 57639, 218, 79028, 127796, 51961, 121133, 99816, 31257, 39655, 36018, 142857, 33327, 119778, 136708, 95948, 132072, 90390, 141947]",0
325,TRAIN,NORMAL,"[139742, 107111, 123324, 83822, 80904, 8718, 72178, 47159, 59539, 15620, 53841, 108575, 35491, 70721, 16594, 147679, 146908, 80957, 129460, 54646]",0
326,TRAIN,NORMAL,"[16767, 81845, 113682, 125, 21264, 91889, 63461, 74615, 34087, 135234, 121403, 57383, 30188, 16371, 87350, 23583, 66437, 118070, 54178, 17209]",0
327,TRAIN,NORMAL,"[57637, 80549, 69779, 61162, 27955, 105139, 135778, 35812, 37100, 87531, 3721, 84834, 10712, 135265, 131880, 137082, 32149, 142245, 47864, 109822]",0
328,TRAIN,NORMAL,"[107567, 135996, 23869, 57389, 87266, 96415, 52987, 42600, 140526, 32416, 57017, 23894, 12455, 146038, 37364, 26865, 68703, 71867, 28899, 43238]",0
329,TRAIN,NORMAL,"[2254, 114173, 51012, 100951, 89349, 33877, 26106, 103228, 2981, 124652, 108567, 71941, 51420, 59652, 84477, 56865, 144143, 87975, 66896, 82141]",0
330,TRAIN,NORMAL,"[84283, 29343, 128005, 101814, 98181, 94058, 116326, 98474, 75268, 87664, 29643, 22295, 63880, 48029, 84092, 39875, 58798, 13309, 109801, 95627]",0
331,TRAIN,NORMAL,"[62687, 59436, 85032, 71353, 85499, 9327, 79117, 57418, 115639, 140740, 124722, 103991, 91697, 146631, 85954, 63681, 118585, 138555, 54597, 39805]",0
332,TRAIN,NORMAL,"[38701, 111478, 133774, 140837, 118322, 121581, 23362, 86919, 28360, 78992, 106878, 7646, 64709, 1465, 149570, 74400, 132234, 135224, 69156, 119797]",0
333,TRAIN,NORMAL,"[11004, 35880, 104517, 144157, 12723, 32411, 121422, 63983, 73885, 33219, 30691, 22989, 120844, 131555, 3237, 30606, 43964, 131567, 146039, 116057]",0
334,TRAIN,NORMAL,"[51800, 130083, 123947, 40776, 86904, 100568, 134277, 14733, 15396, 118347, 138662, 70137, 20595, 37306, 75987, 14009, 2547, 24256, 40329, 107619]",0
335,TRAIN,NORMAL,"[115326, 128904, 16171, 490, 9779, 103153, 33600, 86842, 148986, 139305, 56826, 11544, 49781, 33199, 36512, 55114, 133274, 22757, 28854, 43885]",0
336,TRAIN,NORMAL,"[129222, 71354, 54411, 18768, 10898, 20748, 33485, 58269, 146195, 149255, 93809, 9588, 147668, 146047, 57692, 11650, 9904, 111335, 81483, 141953]",0
337,TRAIN,NORMAL,"[85716, 77795, 20084, 95943, 72960, 32459, 75841, 114580, 6407, 29604, 124127, 68969, 6214, 27322, 69516, 69312, 131757, 24704, 109520, 65557]",0
338,TRAIN,NORMAL,"[126528, 13345, 97716, 148017, 19849, 5095, 77481, 49563, 58271, 62651, 146906, 33440, 68673, 127233, 33802, 94267, 53369, 12702, 109622, 15805]",0
339,TRAIN,NORMAL,"[43121, 128489, 112083, 91212, 113448, 142696, 123196, 105207, 102469, 25285, 71921, 10931, 67089, 823, 102585, 20690, 56745, 89856, 12484, 20753]",0
340,TRAIN,NORMAL,"[77089, 135876, 14409, 130753, 101843, 134294, 116723, 65507, 77378, 114742, 99928, 100770, 50585, 76119, 39749, 55367, 114013, 6555, 80140, 111588]",0
341,TRAIN,NORMAL,"[35896, 10485, 63086, 99533, 43161, 143347, 106091, 55091, 3512, 103190, 10802, 94671, 136699, 105938, 6439, 12483, 71364, 136673, 9421, 54966]",0
342,TRAIN,NORMAL,"[254, 103422, 19921, 147819, 42868, 102132, 118487, 25677, 57687, 11059, 24426, 131802, 135702, 65886, 122620, 82806, 60692, 131357, 101695, 63788]",0
343,TRAIN,NORMAL,"[9801, 25405, 74001, 78654, 58506, 57164, 121428, 1432, 80506, 113567, 87713, 38428, 66946, 29959, 28033, 116351, 107221, 9490, 51881, 92191]",0
344,TRAIN,NORMAL,"[93942, 28205, 133604, 142054, 84838, 135626, 114545, 31005, 20915, 7936, 34616, 26081, 149334, 2692, 131538, 66902, 21276, 45423, 63974, 36883]",0
345,TRAIN,NORMAL,"[118515, 94455, 97457, 109713, 55020, 1358, 123014, 93072, 105648, 26329, 140936, 6234, 45253, 47173, 128474, 3991, 121907, 105424, 48630, 106662]",0
346,TRAIN,NORMAL,"[14984, 99239, 79372, 55342, 111437, 792, 94042, 3185, 103227, 128676, 92573, 128093, 126520, 53774, 49810, 89637, 98138, 126322, 68895, 84964]",0
347,TRAIN,NORMAL,"[140386, 50233, 59636, 124946, 41602, 91845, 34917, 108406, 125078, 64863, 28893, 65, 116925, 78524, 4611, 64806, 107439, 54751, 55889, 87135]",0
348,TRAIN,NORMAL,"[115641, 120086, 100506, 67244, 147159, 74852, 111663, 136734, 41702, 122514, 112295, 120928, 125160, 71092, 81608, 143502, 69086, 52840, 26389, 23817]",0
349,TRAIN,NORMAL,"[20769, 118774, 58651, 22199, 116308, 84757, 30189, 112828, 115966, 25291, 22220, 41717, 115792, 23428, 104590, 112791, 29510, 149240, 68238, 127340]",0
350,TRAIN,NORMAL,"[64085, 20377, 32966, 136227, 10208, 15678, 78556, 18662, 44495, 44429, 13329, 60769, 68700, 61972, 29766, 118400, 99801, 136167, 5122, 260]",0
351,TRAIN,NORMAL,"[64369, 66642, 141623, 107007, 12113, 4124, 105466, 32263, 126213, 105081, 22158, 55985, 10273, 118947, 6547, 102001, 57966, 80949, 88412, 65932]",0
352,TRAIN,NORMAL,"[147544, 134489, 72518, 75799, 17635, 122871, 95818, 30680, 9018, 68933, 138468, 76164, 134938, 4899, 81398, 102701, 30641, 122781, 67536, 36475]",0
353,TRAIN,NORMAL,"[20309, 37828, 118341, 65227, 14125, 100846, 142380, 2668, 129621, 28240, 68185, 142256, 144726, 118954, 130291, 146381, 38861, 69066, 42521, 62333]",0
354,TRAIN,NORMAL,"[15988, 135550, 143089, 79053, 8919, 21601, 136218, 44842, 145510, 87747, 109039, 71862, 28744, 112169, 2236, 113926, 102645, 68264, 43906, 139753]",0
355,TRAIN,NORMAL,"[83839, 113974, 98410, 92453, 141809, 88060, 4409, 9869, 130721, 121598, 46524, 39915, 80969, 46377, 121678, 98579, 49013, 90088, 133066, 68396]",0
356,TRAIN,NORMAL,"[85535, 129277, 121723, 113376, 142025, 20787, 123961, 69327, 5729, 57071, 26322, 145132, 37408, 130500, 105004, 75026, 138299, 60913, 82992, 10433]",0
357,TRAIN,NORMAL,"[74906, 132682, 17853, 100739, 76888, 88949, 103107, 106755, 85145, 46253, 31472, 46380, 36865, 36210, 22258, 124047, 124204, 134581, 140033, 71048]",0
358,TRAIN,NORMAL,"[119093, 134456, 84801, 93226, 23713, 32004, 13069, 80197, 71861, 61539, 51020, 117002, 35871, 2681, 141603, 75635, 67301, 121934, 56942, 27638]",0
359,TRAIN,NORMAL,"[2569, 99874, 93555, 110851, 128649, 79264, 79541, 93075, 130257, 67161, 27874, 106015, 22925, 117178, 2106, 126785, 58647, 92760, 28709, 131561]",0
360,TRAIN,NORMAL,"[96503, 10007, 138408, 80291, 138027, 119929, 32605, 149495, 101652, 117507, 129479, 122984, 112367, 129817, 31570, 14667, 22021, 136684, 88043, 57679]",0
361,TRAIN,NORMAL,"[89511, 31977, 115327, 34745, 116094, 137164, 10805, 57541, 75201, 11788, 94218, 43551, 11129, 95637, 129211, 109079, 21207, 1568, 40878, 9106]",0
362,TRAIN,NORMAL,"[10178, 53139, 145034, 23692, 51632, 128688, 83647, 64127, 33813, 134383, 83943, 47222, 113883, 74356, 143915, 65015, 99070, 11035, 124766, 8469]",0
363,TRAIN,NORMAL,"[49377, 112270, 56467, 29451, 92963, 30020, 127469, 95082, 7111, 44106, 102234, 85012, 88589, 141103, 996, 21430, 133348, 122419, 85771, 29839]",0
364,TRAIN,NORMAL,"[95046, 146413, 46020, 85953, 125797, 68742, 15934, 1419, 102293, 127125, 82104, 112352, 68488, 132788, 959, 71237, 88034, 59837, 114123, 147014]",0
365,TRAIN,NORMAL,"[4010, 45873, 110200, 103213, 36541, 27067, 112264, 123242, 147946, 117112, 59420, 85294, 14478, 47825, 146761, 39442, 7704, 5431, 52185, 10039]",0
366,TRAIN,NORMAL,"[35259, 109106, 39553, 32812, 114073, 34835, 55782, 128066, 55467, 114734, 114301, 121180, 115353, 20589, 98647, 51364, 111353, 69728, 114107, 44451]",0
367,TRAIN,NORMAL,"[21564, 131024, 73468, 70745, 69121, 58405, 100155, 97319, 75773, 72391, 4089, 127086, 85618, 25086, 86062, 142607, 98899, 71949, 27580, 49443]",0
368,TRAIN,NORMAL,"[4072, 15953, 110041, 100751, 49642, 130879, 101916, 66769, 51653, 137392, 82643, 109258, 26773, 115148, 130620, 104955, 145856, 134739, 19016, 73165]",0
369,TRAIN,NORMAL,"[62098, 104583, 22822, 51372, 25761, 14801, 74883, 42380, 133239, 53402, 118927, 12196, 111831, 1463, 149573, 131267, 104779, 49134, 68189, 67174]",0
370,TRAIN,NORMAL,"[130097, 68684, 111292, 41668, 11659, 68156, 28449, 125763, 35494, 5701, 27713, 42134, 13629, 86408, 123745, 136478, 30644, 117892, 135541, 118637]",0
371,TRAIN,NORMAL,"[86435, 95890, 133036, 100688, 87787, 129463, 15373, 89145, 142691, 12530, 142415, 36691, 97195, 147834, 11642, 43741, 24318, 75736, 14753, 97204]",0
372,TRAIN,NORMAL,"[93580, 140696, 106238, 108749, 186, 62170, 137148, 68470, 62960, 95178, 15505, 79182, 84246, 21640, 38077, 110042, 99193, 9489, 92700, 47983]",0
373,TRAIN,NORMAL,"[34742, 70066, 138272, 31841, 106255, 107472, 114004, 109420, 83519, 58874, 34194, 146820, 99635, 52330, 11099, 143672, 123454, 30727, 91083, 39318]",0
374,TRAIN,NORMAL,"[54390, 109976, 65290, 43643, 26984, 144070, 60008, 113975, 84869, 43169, 54428, 99349, 57092, 19342, 38039, 92448, 105795, 53844, 138054, 51843]",0
375,TRAIN,NORMAL,"[25512, 69950, 149134, 107076, 81130, 83576, 57154, 128055, 75967, 531, 11204, 20950, 62381, 37964, 10134, 65411, 83269, 55312, 122469, 49024]",0
376,TRAIN,NORMAL,"[37294, 77838, 136440, 140154, 24260, 140454, 97731, 145421, 67821, 71222, 65155, 32565, 58802, 90579, 65630, 18578, 76399, 22580, 142082, 136268]",0
377,TRAIN,NORMAL,"[76468, 100918, 83342, 51938, 52952, 136228, 80243, 11482, 114501, 104188, 24721, 471, 22773, 126699, 111103, 142720, 80149, 65136, 81574, 36733]",0
378,TRAIN,NORMAL,"[5439, 63301, 107356, 43868, 67979, 72626, 69986, 89757, 41079, 81967, 118033, 109781, 120326, 41785, 41580, 96907, 65162, 54716, 23461, 126430]",0
379,TRAIN,NORMAL,"[11310, 98037, 132455, 78106, 77585, 117578, 67883, 72683, 99259, 88183, 19927, 80153, 112789, 108485, 105084, 99884, 127140, 79966, 18950, 107882]",0
380,TRAIN,NORMAL,"[101371, 86659, 40517, 81552, 40970, 21636, 52151, 24366, 42844, 124742, 84327, 106189, 11021, 91263, 22992, 83496, 12970, 55456, 95694, 5646]",0
381,TRAIN,NORMAL,"[12630, 15074, 49059, 4171, 91648, 95831, 34985, 23937, 76145, 100655, 42759, 83182, 92335, 87133, 110254, 21141, 30635, 113876, 24655, 147849]",0
382,TRAIN,NORMAL,"[100160, 76964, 35174, 39683, 117723, 88681, 75795, 121870, 99357, 120023, 35843, 116152, 107462, 7023, 56201, 120851, 43085, 25850, 110486, 110282]",0
383,TRAIN,NORMAL,"[93234, 147157, 63396, 7489, 80510, 15676, 107220, 96573, 24765, 26873, 21369, 95467, 8107, 82400, 19521, 84656, 133782, 72041, 17394, 73512]",0
384,TRAIN,NORMAL,"[96531, 66793, 85916, 9293, 54765, 109253, 18420, 945, 130720, 103566, 25050, 58144, 5022, 66985, 37494, 82280, 130704, 58326, 33621, 35922]",0
385,TRAIN,NORMAL,"[142282, 18911, 130589, 115354, 64348, 91319, 104088, 94367, 2078, 131221, 47202, 120533, 60868, 136479, 58473, 133597, 96685, 14607, 130713, 72394]",0
386,TRAIN,NORMAL,"[118307, 53296, 135424, 1628, 55393, 71479, 2679, 92411, 28913, 108595, 87283, 51041, 31528, 135675, 108113, 128897, 30749, 109597, 24117, 3106]",0
387,TRAIN,NORMAL,"[107905, 137808, 61230, 92778, 76435, 55728, 108527, 22156, 1425, 100722, 25496, 132783, 118815, 109754, 143804, 100706, 2032, 146117, 80425, 783]",0
388,TRAIN,NORMAL,"[117948, 109635, 76304, 91252, 114157, 8842, 108568, 18135, 6037, 100008, 11386, 23780, 142330, 7291, 103694, 141159, 44503, 107557, 1281, 74073]",0
389,TRAIN,NORMAL,"[76227, 32557, 12271, 64577, 23457, 134932, 127257, 909, 36314, 92372, 122162, 144718, 95011, 74255, 129022, 26664, 76546, 140624, 126264, 126818]",0
390,TRAIN,NORMAL,"[16925, 112454, 69746, 76939, 128879, 124245, 55340, 86475, 100537, 126757, 56628, 46638, 39452, 88995, 115953, 92576, 113153, 48637, 77942, 114263]",0
391,TRAIN,NORMAL,"[69731, 149304, 81273, 97428, 86419, 112932, 101217, 132261, 34411, 94547, 28386, 50636, 61993, 134504, 104757, 16394, 31163, 146940, 111876, 77287]",0
392,TRAIN,NORMAL,"[104754, 36380, 11190, 113436, 86343, 74605, 136841, 6477, 148550, 95426, 130436, 54423, 148664, 86916, 127431, 48962, 53109, 21058, 88719, 87092]",0
393,TRAIN,NORMAL,"[119836, 30912, 110064, 126246, 93770, 147799, 52966, 125038, 125504, 51769, 108452, 123178, 9661, 10875, 74827, 28141, 14986, 108139, 42460, 108538]",0
394,TRAIN,NORMAL,"[93851, 104949, 127909, 136407, 135185, 37240, 27246, 117827, 44640, 21083, 38715, 117991, 115704, 55881, 83409, 20012, 118486, 54914, 127359, 71611]",0
395,TRAIN,NORMAL,"[93971, 51501, 110593, 28013, 25235, 11203, 49120, 69763, 28565, 145458, 32925, 17074, 87460, 119804, 3174, 54953, 128525, 116600, 11676, 146305]",0
396,TRAIN,NORMAL,"[141906, 111486, 22413, 4067, 103128, 22415, 47303, 32031, 66037, 140674, 16510, 125905, 117317, 55959, 38999, 58617, 34350, 22408, 38385, 18944]",0
397,TRAIN,NORMAL,"[35415, 66380, 97140, 31626, 134931, 104290, 67645, 132712, 122563, 61697, 94939, 49259, 112075, 132702, 12564, 126945, 115416, 44911, 92580, 11416]",0
398,TRAIN,NORMAL,"[79457, 40678, 140124, 97718, 141817, 148570, 67337, 85762, 127594, 63270, 95073, 72703, 44757, 46276, 127857, 4985, 22890, 95244, 118846, 21504]",0
399,TRAIN,NORMAL,"[28318, 106073, 70709, 31967, 55051, 77257, 120686, 134986, 135834, 58048, 133386, 144445, 86021, 44742, 96435, 12016, 144762, 45065, 47040, 95411]",0
400,TRAIN,NORMAL,"[1756, 77420, 95538, 37066, 2065, 123016, 97765, 73700, 84612, 84467, 36463, 36348, 12017, 79095, 87479, 100717, 28113, 149578, 16073, 28372]",0
401,TRAIN,NORMAL,"[5193, 115959, 21593, 22026, 136276, 144948, 32831, 25414, 59566, 141632, 69301, 15506, 129891, 63137, 129252, 56018, 55983, 11697, 69719, 41565]",0
402,TRAIN,NORMAL,"[93474, 136370, 11578, 95144, 118530, 137624, 129288, 42796, 527, 76970, 35372, 89758, 138394, 60489, 132424, 52892, 7789, 42346, 136371, 122152]",0
403,TRAIN,NORMAL,"[143655, 1094, 90507, 45714, 88959, 39449, 68350, 71349, 51046, 16283, 121649, 126442, 124389, 115441, 63172, 25018, 143940, 132365, 119313, 35964]",0
404,TRAIN,NORMAL,"[25320, 81196, 52632, 31130, 60197, 136326, 72639, 63677, 133535, 18074, 143466, 129879, 32238, 10790, 131142, 32209, 21912, 59612, 33820, 4789]",0
405,TRAIN,NORMAL,"[4775, 56932, 55823, 91830, 107256, 36793, 111115, 137042, 3682, 100083, 126060, 139211, 125676, 140804, 31233, 110833, 60060, 10641, 92634, 113875]",0
406,TRAIN,NORMAL,"[15689, 92018, 71657, 141097, 6190, 33777, 103655, 13642, 74313, 144145, 42940, 48621, 50855, 10054, 114390, 35442, 101321, 4767, 141424, 129794]",0
407,TRAIN,NORMAL,"[102899, 95084, 4619, 103369, 34128, 88792, 130080, 17556, 94826, 12874, 131305, 6183, 79621, 107030, 71216, 52418, 94225, 5276, 146010, 142463]",0
408,TRAIN,NORMAL,"[130991, 45938, 90494, 119681, 45539, 35348, 31122, 100879, 132384, 40065, 101805, 108450, 135989, 101765, 62981, 83164, 72493, 108401, 114897, 60071]",0
409,TRAIN,NORMAL,"[122733, 50111, 6297, 79924, 94663, 144998, 38669, 41425, 144874, 124532, 135218, 121108, 100969, 20224, 54101, 72308, 14292, 149537, 149702, 40637]",0
410,TRAIN,NORMAL,"[119782, 31829, 74268, 26131, 82802, 124286, 56375, 78310, 51380, 99350, 105612, 119106, 34740, 4773, 53687, 87103, 110410, 84987, 104181, 38061]",0
411,TRAIN,NORMAL,"[120591, 23773, 62692, 78809, 119321, 1981, 76806, 146012, 70772, 55230, 66662, 122038, 3878, 125784, 37301, 15680, 33012, 3823, 124771, 58311]",0
412,TRAIN,NORMAL,"[70313, 123922, 111085, 117085, 135716, 49783, 105577, 118378, 53089, 121968, 26736, 22765, 67424, 121750, 41159, 35690, 45221, 54373, 76996, 142068]",0
413,TRAIN,NORMAL,"[78187, 75399, 142198, 83253, 138678, 53176, 81670, 92248, 140771, 17613, 51131, 2527, 37492, 62225, 111627, 62345, 15532, 8120, 93742, 75975]",0
414,TRAIN,NORMAL,"[10443, 30754, 58231, 48209, 29761, 110364, 89560, 103555, 82602, 31033, 94161, 50346, 144090, 101929, 143249, 142930, 34273, 1710, 139917, 115085]",0
415,TRAIN,NORMAL,"[76122, 24151, 76889, 96311, 24621, 74854, 134409, 94651, 96565, 3602, 95392, 110461, 42560, 81278, 97737, 108907, 143277, 129799, 43878, 148505]",0
416,TRAIN,NORMAL,"[110175, 101604, 5235, 36808, 25765, 146131, 110748, 58416, 124329, 17722, 149878, 122683, 68653, 103745, 80765, 123664, 133296, 107320, 93160, 120065]",0
417,TRAIN,NORMAL,"[2775, 51727, 116826, 40432, 129187, 124540, 23520, 144896, 69354, 47108, 54845, 102522, 143557, 110037, 8924, 10785, 19168, 59235, 59042, 118420]",0
418,TRAIN,NORMAL,"[138010, 57913, 119976, 55845, 2629, 83030, 123214, 51892, 120396, 19113, 97238, 47135, 104398, 134236, 141002, 117588, 29533, 123565, 29110, 55565]",0
419,TRAIN,NORMAL,"[103173, 16474, 104671, 33466, 45410, 67373, 103527, 54580, 54528, 110665, 36194, 116833, 45882, 138810, 148799, 20166, 76541, 106295, 39861, 55176]",0
420,TRAIN,NORMAL,"[138854, 92314, 125854, 50471, 139785, 127006, 66198, 17939, 65870, 21149, 89508, 130865, 118546, 26164, 60813, 38849, 83100, 141362, 83733, 18671]",0
421,TRAIN,NORMAL,"[100280, 28338, 110747, 81662, 136307, 135754, 72766, 39189, 51720, 16122, 137336, 52579, 73317, 89249, 133758, 95605, 116891, 149868, 56221, 80968]",0
422,TRAIN,NORMAL,"[73107, 119642, 102290, 123389, 96943, 125468, 37941, 124090, 72156, 88225, 104455, 36959, 67854, 37723, 105308, 701, 27800, 33833, 20922, 10932]",0
423,TRAIN,NORMAL,"[100310, 55334, 106149, 36898, 111187, 747, 98897, 144639, 109256, 78432, 74014, 114621, 149874, 4149, 103126, 111396, 49844, 78371, 50640, 12659]",0
424,TRAIN,NORMAL,"[94641, 99534, 125301, 17890, 86828, 27701, 63316, 71966, 110564, 118775, 30318, 85558, 128492, 112087, 130990, 98596, 108702, 52634, 29064, 72326]",0
425,TRAIN,NORMAL,"[101835, 130963, 61021, 75829, 60530, 33733, 66290, 104707, 18257, 46094, 83447, 62048, 37676, 32989, 5185, 86857, 20588, 109333, 56106, 132557]",0
426,TRAIN,NORMAL,"[5132, 110233, 142360, 146522, 28631, 29252, 112741, 120722, 81503, 67994, 51447, 38677, 97062, 101693, 125677, 71789, 119482, 81416, 80580, 110360]",0
427,TRAIN,NORMAL,"[126093, 21650, 55090, 21784, 129861, 64394, 81119, 90864, 37821, 47260, 68894, 9362, 34865, 39866, 103385, 139248, 58373, 35751, 128949, 44698]",0
428,TRAIN,NORMAL,"[80012, 5345, 24967, 137712, 72464, 143614, 112411, 112715, 85304, 115129, 103192, 46008, 106698, 128986, 119614, 27235, 130571, 21265, 104246, 49485]",0
429,TRAIN,NORMAL,"[82948, 116366, 127606, 30698, 67929, 5325, 93595, 48290, 35669, 16820, 52354, 106719, 94233, 47340, 47612, 66069, 76326, 27426, 53428, 106792]",0
430,TRAIN,NORMAL,"[138132, 56272, 17669, 14847, 14526, 74713, 120652, 149417, 248, 114497, 85773, 129670, 141899, 119613, 74656, 96331, 11525, 2145, 65958, 45124]",0
431,TRAIN,NORMAL,"[116060, 51456, 84595, 146866, 87741, 109725, 78382, 147848, 147901, 123975, 32762, 34092, 110223, 63544, 3956, 16862, 98510, 81720, 27487, 79299]",0
432,TRAIN,NORMAL,"[22750, 64199, 117181, 7066, 90164, 64368, 49663, 6558, 115330, 89669, 33904, 12114, 142487, 125372, 137648, 97697, 101178, 314, 75941, 2541]",0
433,TRAIN,NORMAL,"[61916, 129803, 2264, 40094, 36142, 95282, 102274, 136032, 92872, 51081, 99179, 16483, 29031, 126020, 64252, 11293, 109018, 122077, 56791, 14686]",0
434,TRAIN,NORMAL,"[117170, 69638, 8079, 149297, 128995, 53441, 96898, 9309, 116032, 145951, 78307, 34270, 105392, 132074, 23086, 79836, 108891, 45180, 90418, 20129]",0
435,TRAIN,NORMAL,"[40417, 118056, 66121, 123073, 107827, 119742, 20100, 39793, 141220, 43768, 6060, 73043, 119328, 83873, 141454, 124654, 108433, 131980, 106879, 16117]",0
436,TRAIN,NORMAL,"[56093, 65590, 72708, 113225, 30779, 120453, 66247, 133999, 20924, 44601, 10235, 104551, 86226, 140197, 46248, 120831, 45042, 51153, 860, 124303]",0
437,TRAIN,NORMAL,"[8927, 146348, 2915, 94171, 145728, 93402, 69692, 144811, 62513, 135747, 139922, 20367, 22050, 17410, 18358, 56730, 117985, 4618, 44040, 60020]",0
438,TRAIN,NORMAL,"[65712, 8090, 26343, 18150, 65767, 4417, 16932, 48130, 58573, 125798, 69907, 121601, 40478, 132262, 139470, 46534, 132462, 99314, 114118, 38254]",0
439,TRAIN,NORMAL,"[14794, 62724, 15993, 50155, 24068, 99113, 93318, 110539, 58004, 42916, 94952, 81236, 49170, 126076, 11425, 45012, 106772, 54738, 72621, 103775]",0
440,TRAIN,NORMAL,"[41533, 9642, 24657, 6835, 50229, 90014, 56161, 79609, 55802, 149674, 56329, 59155, 70187, 142326, 120135, 145787, 10985, 1609, 62181, 142477]",0
441,TRAIN,NORMAL,"[131861, 83923, 4450, 75794, 12699, 910, 133043, 101541, 118659, 24869, 33094, 63350, 49475, 103356, 93195, 24910, 124495, 137521, 60918, 47039]",0
442,TRAIN,NORMAL,"[87855, 64647, 29570, 85596, 130254, 62950, 94538, 148545, 33008, 96849, 49003, 111452, 83921, 107011, 96202, 88243, 137269, 99721, 98054, 108709]",0
443,TRAIN,NORMAL,"[23498, 118574, 115120, 101873, 64301, 71534, 120165, 45783, 46846, 89801, 38808, 67182, 6286, 20114, 16996, 85803, 39216, 137600, 42857, 35047]",0
444,TRAIN,NORMAL,"[121747, 146304, 125949, 137242, 122592, 111921, 35157, 94272, 102099, 106272, 44930, 7045, 65521, 145996, 138580, 110260, 102103, 71287, 123959, 130686]",0
445,TRAIN,NORMAL,"[25570, 140455, 63839, 41914, 101882, 46542, 68751, 10383, 148418, 75922, 93176, 51495, 76353, 57649, 21763, 95353, 105668, 21976, 21733, 59982]",0
446,TRAIN,NORMAL,"[110893, 62353, 36272, 45778, 42092, 27399, 30549, 104085, 101755, 74942, 121392, 49807, 33746, 22894, 127222, 49929, 27296, 94281, 113422, 82772]",0
447,TRAIN,NORMAL,"[119525, 71498, 23467, 137168, 149534, 39182, 36229, 145265, 24714, 110332, 10380, 58611, 38246, 134002, 53491, 48041, 145663, 57856, 129801, 69656]",0
448,TRAIN,NORMAL,"[11308, 128267, 26068, 108346, 25045, 27298, 98154, 10894, 69070, 90289, 62790, 66017, 65664, 496, 136128, 34741, 89467, 22093, 88210, 12980]",0
449,TRAIN,NORMAL,"[5799, 140189, 3636, 25795, 104670, 51956, 47446, 145486, 11192, 19433, 46045, 19851, 49069, 101760, 22522, 51604, 139219, 79167, 94928, 33715]",0
450,TRAIN,NORMAL,"[15525, 30202, 81903, 146041, 115394, 123683, 25401, 117980, 80887, 124257, 72448, 10017, 142481, 114076, 97995, 38593, 48605, 138864, 94742, 8736]",0
451,TRAIN,NORMAL,"[12509, 87857, 70204, 56882, 140593, 127585, 32527, 46214, 100547, 116550, 118179, 119267, 48771, 108111, 79568, 137283, 123197, 67963, 42617, 123402]",0
452,TRAIN,NORMAL,"[77183, 47532, 12590, 13058, 44768, 13846, 94942, 96220, 84914, 147176, 140918, 102151, 124834, 131064, 84018, 26684, 132247, 141421, 78898, 85620]",0
453,TRAIN,NORMAL,"[98314, 77303, 40827, 108916, 64712, 89950, 70384, 45228, 132021, 13190, 22565, 87197, 145068, 33080, 57950, 14565, 128335, 74059, 146491, 69157]",0
454,TRAIN,NORMAL,"[105562, 113379, 113164, 127994, 39560, 31393, 139804, 70184, 1656, 55695, 137463, 38644, 130555, 147442, 37109, 27005, 12957, 133425, 53489, 108999]",0
455,TRAIN,NORMAL,"[121992, 44235, 131278, 135385, 61367, 60141, 85296, 88434, 69501, 79679, 118238, 116671, 95497, 94093, 107099, 99611, 130754, 77764, 4953, 3338]",0
456,TRAIN,NORMAL,"[81963, 69337, 66711, 142366, 93645, 103271, 75821, 77868, 138958, 19423, 131248, 35470, 138441, 132579, 80461, 48987, 118844, 142174, 40955, 6624]",0
457,TRAIN,NORMAL,"[17592, 82599, 37632, 35038, 35636, 112348, 35398, 105567, 83634, 2595, 30736, 137435, 101358, 6756, 4917, 14645, 45365, 147538, 115414, 119074]",0
458,TRAIN,NORMAL,"[44684, 133205, 118788, 132217, 119979, 39085, 104839, 89311, 106262, 99419, 89924, 6436, 40391, 45504, 126345, 112086, 36880, 14527, 149528, 33892]",0
459,TRAIN,NORMAL,"[116684, 47291, 64858, 128648, 26410, 127985, 6012, 64578, 114522, 44332, 37637, 98100, 68672, 17173, 85234, 119028, 81865, 144031, 72880, 125753]",0
460,TRAIN,NORMAL,"[113260, 3288, 41589, 91942, 71799, 116269, 115522, 22897, 133008, 104816, 126026, 100114, 73155, 136978, 67889, 81856, 82319, 126995, 74747, 132336]",0
461,TRAIN,NORMAL,"[82821, 93526, 112229, 125133, 99748, 79129, 109800, 89970, 37836, 73996, 97250, 83349, 21895, 75637, 49062, 59769, 53857, 112653, 25260, 81362]",0
462,TRAIN,NORMAL,"[149290, 121169, 5793, 44760, 148798, 139298, 80800, 41431, 34660, 63753, 120704, 116380, 104175, 4376, 118002, 96166, 16385, 28435, 135319, 127602]",0
463,TRAIN,NORMAL,"[39629, 12921, 97553, 95765, 62884, 112473, 41074, 122417, 52395, 60046, 26862, 91724, 25370, 84384, 55266, 48102, 40578, 135485, 53834, 124343]",0
464,TRAIN,NORMAL,"[110073, 84004, 82432, 58524, 101504, 28539, 267, 28454, 41926, 71389, 111609, 126980, 85900, 134705, 110246, 18478, 25633, 131198, 148333, 118800]",0
465,TRAIN,NORMAL,"[55981, 99605, 40738, 111068, 101797, 4482, 35142, 76058, 99486, 85814, 138895, 7732, 53840, 90587, 128584, 114991, 106279, 25535, 61761, 67233]",0
466,TRAIN,NORMAL,"[70941, 72737, 62373, 86895, 16344, 22975, 109487, 31716, 8655, 73062, 10949, 65308, 137185, 114354, 141415, 95487, 122658, 19259, 69460, 32376]",0
467,TRAIN,NORMAL,"[129585, 98860, 39360, 8793, 48540, 36277, 129070, 56621, 110450, 64867, 121016, 59603, 125718, 48866, 25746, 52989, 129599, 93963, 96308, 116590]",0
468,TRAIN,NORMAL,"[148629, 40937, 85898, 24309, 61809, 23203, 142345, 125543, 48576, 14298, 106233, 138515, 21416, 113299, 44117, 4843, 21075, 1051, 94778, 92567]",0
469,TRAIN,NORMAL,"[18901, 120484, 67899, 103273, 47024, 77061, 2859, 139207, 89033, 91255, 2598, 65674, 35865, 108699, 7013, 98139, 16097, 140251, 115469, 66343]",0
470,TRAIN,NORMAL,"[71711, 78293, 68421, 137985, 136308, 127535, 19882, 40226, 45202, 125610, 69202, 113444, 146723, 3961, 50201, 140327, 111698, 135961, 41985, 4271]",0
471,TRAIN,NORMAL,"[55177, 86506, 96784, 98285, 16691, 117814, 28727, 96395, 38969, 38076, 62113, 23664, 121368, 57756, 50510, 27597, 18440, 49732, 92076, 45361]",0
472,TRAIN,NORMAL,"[60640, 31276, 149152, 5582, 100442, 23084, 96608, 126794, 90485, 21691, 50977, 43893, 113789, 112780, 81825, 138829, 122210, 72368, 92114, 18990]",0
473,TRAIN,NORMAL,"[23702, 41036, 86172, 89727, 41429, 15138, 92511, 58920, 28584, 57172, 61099, 71442, 13348, 102873, 34763, 62842, 139146, 71327, 79144, 133777]",0
474,TRAIN,NORMAL,"[100369, 80381, 71903, 47191, 108358, 87063, 89086, 23947, 43607, 75341, 102349, 78909, 38423, 67927, 29051, 59552, 14330, 94718, 41791, 1187]",0
475,TRAIN,NORMAL,"[46383, 86022, 20435, 126795, 43399, 103970, 123916, 46653, 82012, 113949, 67989, 14600, 96162, 93934, 100246, 137187, 111489, 2421, 52374, 5496]",0
476,TRAIN,NORMAL,"[132799, 8953, 25471, 33915, 92636, 11599, 137939, 109277, 77291, 137006, 65694, 35903, 5715, 89315, 147191, 110517, 18495, 28516, 11933, 56940]",0
477,TRAIN,NORMAL,"[134314, 46160, 35559, 111884, 24075, 35960, 3569, 105997, 89454, 146688, 1502, 18089, 109321, 82179, 58170, 85751, 133846, 23484, 11418, 129613]",0
478,TRAIN,NORMAL,"[65497, 139475, 90119, 55331, 11078, 74127, 13885, 9635, 25053, 65413, 140900, 121181, 37054, 53096, 45644, 96364, 110904, 23763, 124668, 114204]",0
479,TRAIN,NORMAL,"[66074, 39581, 82911, 52040, 68907, 39998, 48564, 58549, 107664, 138170, 100614, 54744, 114563, 37710, 42587, 34564, 4897, 139850, 124024, 67022]",0
480,TRAIN,NORMAL,"[27115, 52911, 110558, 20327, 105056, 147296, 72540, 45746, 64693, 36853, 91528, 147713, 114534, 31762, 98003, 90250, 82644, 64544, 3933, 94743]",0
481,TRAIN,NORMAL,"[97347, 82860, 37761, 91402, 52476, 83911, 89377, 120522, 43590, 88595, 77256, 138013, 81425, 103066, 11575, 127495, 97173, 58948, 232, 83855]",0
482,TRAIN,NORMAL,"[29396, 73393, 8427, 14779, 37155, 84985, 33875, 98519, 12118, 96757, 44140, 106524, 16785, 103876, 8308, 39515, 46607, 27939, 129314, 28303]",0
483,TRAIN,NORMAL,"[23149, 6942, 1996, 107278, 106729, 5463, 25034, 94204, 121026, 5427, 35905, 60408, 144101, 19184, 67183, 52577, 98756, 118081, 137331, 14447]",0
484,TRAIN,NORMAL,"[42484, 139234, 28313, 67469, 52317, 38336, 143382, 4006, 86421, 76403, 120910, 37938, 62728, 46149, 20482, 120986, 45532, 56981, 64596, 77114]",0
485,TRAIN,NORMAL,"[88679, 23160, 115734, 75651, 22695, 123280, 107981, 149564, 113664, 100616, 64088, 30837, 4729, 133821, 44870, 99250, 67965, 75342, 82239, 119364]",0
486,TRAIN,NORMAL,"[125544, 51662, 119225, 140469, 29114, 118401, 94912, 43523, 86788, 17310, 80003, 117632, 8068, 122374, 61362, 5850, 6850, 93266, 71717, 17296]",0
487,TRAIN,NORMAL,"[137427, 120759, 125889, 61863, 88980, 76035, 87846, 36436, 66160, 99935, 16848, 106824, 72284, 101840, 82253, 101424, 81033, 43473, 66953, 9155]",0
488,TRAIN,NORMAL,"[28663, 145325, 8817, 96810, 119713, 9084, 25222, 83028, 32481, 9053, 32252, 93115, 90557, 89052, 117748, 31845, 65503, 93353, 86655, 88523]",0
489,TRAIN,NORMAL,"[123095, 129897, 68265, 107140, 117958, 27802, 134351, 115664, 131826, 16591, 12420, 90408, 77327, 83821, 68840, 133732, 10663, 52702, 119276, 74685]",0
490,TRAIN,NORMAL,"[24762, 64580, 40561, 77842, 69029, 137737, 141731, 64873, 12020, 69475, 20520, 130527, 3515, 12410, 133242, 14502, 140664, 4791, 11793, 14181]",0
491,TRAIN,NORMAL,"[64051, 58193, 85924, 148694, 106948, 144163, 64818, 66687, 81948, 117855, 37460, 148932, 73424, 72112, 34999, 48982, 80028, 84267, 142940, 32829]",0
492,TRAIN,NORMAL,"[20046, 146138, 124947, 35914, 142916, 7997, 19848, 121461, 57278, 123252, 11609, 54123, 63236, 136786, 142847, 91635, 104312, 31691, 49682, 118759]",0
493,TRAIN,NORMAL,"[130317, 101881, 76155, 19277, 78889, 10491, 59976, 9123, 136918, 92242, 99292, 32685, 125811, 58127, 28842, 63171, 100852, 28022, 84372, 36472]",0
494,TRAIN,NORMAL,"[147646, 117594, 35263, 59683, 94157, 50283, 1442, 74072, 29251, 132385, 37247, 38232, 854, 85309, 47273, 52364, 73537, 93832, 113869, 67322]",0
495,TRAIN,NORMAL,"[109038, 21537, 31834, 86663, 121901, 48875, 86263, 31527, 55562, 84588, 146915, 77935, 72952, 117236, 120015, 21057, 142127, 77427, 143993, 6180]",0
496,TRAIN,NORMAL,"[64524, 60951, 127528, 68030, 102186, 146437, 51668, 49829, 147651, 75200, 69120, 109823, 28122, 28346, 102897, 49558, 48664, 28014, 49318, 45290]",0
497,TRAIN,NORMAL,"[16979, 109571, 36933, 140175, 46484, 22136, 70557, 138418, 90489, 98227, 99877, 24094, 112265, 89819, 61392, 2074, 109547, 110585, 57295, 142134]",0
498,TRAIN,NORMAL,"[8191, 38646, 81815, 123343, 140686, 5599, 13661, 58179, 39468, 142131, 101059, 37267, 92465, 13847, 140186, 94258, 97029, 7146, 77955, 66875]",0
499,TRAIN,NORMAL,"[130797, 26613, 85724, 23746, 99710, 145642, 55178, 13599, 108707, 140477, 130901, 8335, 9270, 41137, 53171, 96710, 95024, 87750, 35339, 99049]",0
500,TRAIN,NORMAL,"[68867, 92949, 39150, 26871, 90304, 44403, 83744, 50969, 29098, 46547, 144494, 100578, 24623, 147281, 122351, 129412, 83883, 94762, 107288, 5236]",0
501,TRAIN,NORMAL,"[140709, 76739, 86843, 32447, 58407, 8836, 115836, 133455, 97148, 58406, 74396, 108800, 112891, 99199, 105879, 3163, 126999, 93554, 87518, 66148]",0
502,TRAIN,NORMAL,"[111480, 101260, 78479, 142165, 124206, 32235, 69020, 72040, 31470, 135701, 46644, 136471, 141021, 35324, 20856, 81070, 112756, 59858, 115442, 93286]",0
503,TRAIN,NORMAL,"[16130, 148874, 35329, 36534, 120264, 136967, 40352, 86130, 40472, 60100, 147192, 37006, 34726, 108326, 138452, 137982, 36669, 60133, 69115, 35422]",0
504,TRAIN,NORMAL,"[20489, 100908, 142831, 148491, 92680, 75698, 142148, 110934, 146503, 7247, 65473, 86669, 49350, 138285, 84680, 4033, 110582, 92581, 1253, 22733]",0
505,TRAIN,NORMAL,"[127336, 105524, 64148, 38310, 83517, 119551, 1684, 61742, 143606, 142926, 43984, 14221, 61141, 65246, 9274, 147728, 131059, 72852, 86208, 55861]",0
506,TRAIN,NORMAL,"[132742, 97075, 26879, 95754, 97677, 110721, 144558, 92338, 42471, 82216, 76651, 135091, 42424, 39215, 59564, 28340, 70782, 42176, 72930, 133636]",0
507,TRAIN,NORMAL,"[118200, 117596, 73257, 121486, 51678, 8504, 74885, 26482, 117833, 75149, 72454, 99633, 100619, 27312, 69927, 99035, 143461, 65612, 52547, 101773]",0
508,TRAIN,NORMAL,"[135859, 149767, 41326, 38105, 138821, 56972, 30150, 62434, 67083, 110270, 10237, 124230, 91601, 50576, 120707, 140260, 29037, 142619, 39633, 1679]",0
509,TRAIN,NORMAL,"[132457, 84235, 43512, 52269, 35431, 49192, 91434, 147367, 117619, 38261, 122961, 143793, 127822, 46305, 112642, 148189, 106455, 77036, 40344, 48051]",0
510,TRAIN,NORMAL,"[32175, 80826, 116867, 129420, 66481, 15109, 113107, 5289, 143752, 75711, 55279, 71397, 71440, 107648, 116560, 112149, 76495, 99948, 92596, 99777]",0
511,TRAIN,NORMAL,"[89663, 112901, 88428, 88579, 144720, 73046, 149399, 106768, 82214, 111242, 11185, 78611, 44666, 90073, 19820, 62427, 148037, 65885, 64055, 10088]",0
512,TRAIN,NORMAL,"[76523, 9161, 28380, 56747, 26205, 38516, 84553, 113586, 28424, 24454, 68679, 14428, 73609, 82331, 147174, 88992, 69905, 68518, 2148, 76250]",0
513,TRAIN,NORMAL,"[99722, 7367, 102444, 62479, 70605, 75566, 27308, 57995, 45181, 137338, 35017, 147484, 100429, 13323, 140330, 29781, 59685, 111131, 124431, 128460]",0
514,TRAIN,NORMAL,"[146947, 4517, 101778, 63333, 145413, 114847, 142958, 50900, 139323, 22724, 100930, 67505, 3119, 48972, 148808, 27667, 7151, 40900, 5202, 117033]",0
515,TRAIN,NORMAL,"[99650, 146346, 113992, 49852, 132326, 96137, 52363, 133025, 22012, 125336, 137680, 121903, 78537, 11287, 55471, 87273, 139064, 125604, 91743, 124956]",0
516,TRAIN,NORMAL,"[4030, 9319, 59270, 135678, 138184, 16271, 80668, 1424, 63849, 144549, 77102, 98521, 139828, 100458, 142903, 138740, 51108, 5243, 37340, 10816]",0
517,TRAIN,NORMAL,"[98841, 30003, 11747, 86594, 46099, 127507, 78793, 117862, 76043, 20212, 36755, 140807, 137877, 53066, 3603, 18892, 37986, 57974, 110708, 118877]",0
518,TRAIN,NORMAL,"[105491, 67062, 89475, 49406, 26739, 25319, 113462, 77865, 68808, 116645, 25310, 93262, 26380, 70055, 25689, 41261, 100786, 24507, 82786, 58037]",0
519,TRAIN,NORMAL,"[47177, 95369, 92014, 35327, 100064, 102912, 68798, 10140, 69734, 40601, 61118, 87029, 112587, 115181, 137565, 112297, 50221, 140619, 91832, 74490]",0
520,TRAIN,NORMAL,"[71632, 36146, 59114, 29872, 59715, 92785, 62265, 140295, 71141, 85586, 121093, 95960, 11826, 89068, 48252, 125668, 41530, 83835, 93660, 135938]",0
521,TRAIN,NORMAL,"[102726, 73186, 45958, 14248, 61480, 110703, 94519, 123690, 11236, 96101, 94156, 49077, 115164, 141346, 49619, 21433, 7237, 27234, 42183, 46264]",0
522,TRAIN,NORMAL,"[139954, 125564, 131921, 145041, 7824, 131943, 54019, 15779, 139481, 88903, 58852, 143, 90950, 92008, 116373, 149722, 103699, 89120, 20010, 72053]",0
523,TRAIN,NORMAL,"[95277, 115758, 2283, 99453, 78685, 134429, 30791, 138971, 34848, 97217, 42780, 106818, 5814, 73712, 102494, 99429, 73556, 644, 127604, 115765]",0
524,TRAIN,NORMAL,"[88511, 120909, 49870, 76597, 107338, 70275, 49826, 52069, 70279, 128636, 46118, 107149, 26063, 31949, 49653, 32845, 70808, 56990, 42910, 76212]",0
525,TRAIN,NORMAL,"[51782, 85834, 57666, 145119, 124681, 49397, 52124, 12708, 99238, 28759, 101740, 9946, 126959, 35950, 137010, 148099, 11061, 15432, 40620, 106773]",0
526,TRAIN,NORMAL,"[87373, 69711, 50506, 45081, 85836, 55674, 118453, 28378, 102057, 116564, 38599, 120490, 145808, 134576, 143583, 28116, 115564, 141179, 16931, 113805]",0
527,TRAIN,NORMAL,"[129615, 11455, 134375, 97099, 25560, 135684, 99622, 112760, 158, 114475, 102498, 146670, 76065, 112143, 120860, 98193, 114089, 45941, 101529, 76131]",0
528,TRAIN,NORMAL,"[91163, 115902, 25333, 69732, 61049, 21814, 118517, 95274, 26274, 7492, 118669, 103946, 57695, 72635, 114615, 78471, 71689, 88262, 88486, 140053]",0
529,TRAIN,NORMAL,"[112928, 2893, 27757, 107089, 85177, 94551, 64488, 240, 103185, 73286, 9667, 51885, 138908, 52223, 60601, 136931, 7423, 133693, 100304, 38726]",0
530,TRAIN,NORMAL,"[26945, 88120, 109050, 52132, 113826, 148942, 56582, 4210, 64251, 127476, 145659, 14954, 103030, 110173, 26536, 114413, 91470, 27728, 26780, 107304]",0
531,TRAIN,NORMAL,"[8993, 123393, 73483, 61880, 33135, 60224, 127009, 106885, 126943, 148306, 12513, 118168, 41739, 32141, 117172, 60373, 82972, 99191, 83526, 84782]",0
532,TRAIN,NORMAL,"[101055, 135692, 117854, 42086, 108633, 83114, 96800, 42508, 54184, 36794, 99151, 118344, 96818, 5530, 138217, 26686, 127680, 6664, 70095, 139411]",0
533,TRAIN,NORMAL,"[75729, 2288, 101707, 100659, 113509, 28666, 34239, 35904, 131900, 21571, 147440, 113827, 135506, 71988, 27521, 9572, 48230, 41854, 45549, 110131]",0
534,TRAIN,NORMAL,"[97196, 12233, 57373, 12327, 119159, 118288, 108995, 104314, 97868, 56205, 38014, 77442, 56043, 83776, 83629, 59498, 69617, 109524, 94583, 135252]",0
535,TRAIN,NORMAL,"[64182, 61404, 137347, 109614, 88912, 63596, 131228, 23317, 1828, 134233, 50054, 85651, 141764, 68331, 19532, 146494, 85472, 79499, 19821, 46735]",0
536,TRAIN,NORMAL,"[14296, 20239, 76561, 107019, 138015, 146555, 52585, 77339, 1821, 44805, 113479, 58578, 131478, 29330, 48178, 45599, 50093, 74700, 63621, 146730]",0
537,TRAIN,NORMAL,"[29780, 37884, 12861, 85052, 114227, 72578, 135014, 47092, 32923, 53134, 70883, 128998, 35965, 22680, 94529, 123748, 17861, 147600, 47494, 96628]",0
538,TRAIN,NORMAL,"[21694, 22049, 111389, 123166, 131662, 126000, 17222, 64139, 31101, 35313, 66323, 145403, 48017, 44247, 47245, 4768, 133757, 68558, 68347, 132962]",0
539,TRAIN,NORMAL,"[18778, 132506, 53904, 104259, 54620, 7075, 36873, 536, 71491, 44920, 128779, 33025, 49893, 121590, 83328, 8063, 38908, 50049, 126085, 140537]",0
540,TRAIN,NORMAL,"[32102, 63934, 104050, 130490, 148920, 67981, 100795, 115824, 12576, 67723, 96020, 139250, 119644, 53742, 117673, 100922, 80874, 62284, 618, 40936]",0
541,TRAIN,NORMAL,"[103579, 145054, 61804, 147065, 125776, 44452, 129729, 146863, 41522, 145731, 78136, 10596, 15512, 62236, 14829, 53633, 67836, 98168, 32571, 46893]",0
542,TRAIN,NORMAL,"[119768, 10812, 19421, 64924, 115102, 53703, 143153, 115130, 98669, 112858, 85995, 95778, 86917, 41121, 12833, 46778, 30136, 70971, 47800, 29711]",0
543,TRAIN,NORMAL,"[27995, 30951, 120561, 66462, 113824, 85564, 129311, 5514, 15541, 146886, 72311, 118326, 111791, 46556, 46334, 106898, 105684, 20525, 7168, 34073]",0
544,TRAIN,NORMAL,"[3048, 100472, 128374, 60333, 138305, 2088, 9118, 28963, 78924, 14700, 15639, 36524, 59226, 25978, 78352, 48649, 36795, 146398, 77008, 148585]",0
545,TRAIN,NORMAL,"[147533, 8754, 67286, 81333, 122205, 51373, 118096, 34444, 41722, 28931, 145178, 67042, 84359, 129292, 112049, 87034, 49596, 105235, 147653, 93664]",0
546,TRAIN,NORMAL,"[96934, 1764, 23330, 50214, 58558, 50908, 111004, 96247, 115175, 20943, 2703, 87709, 2568, 12584, 99746, 35029, 96702, 72860, 86815, 59702]",0
547,TRAIN,NORMAL,"[136390, 27641, 2405, 99691, 113583, 126139, 108534, 87901, 41120, 332, 108103, 32814, 144626, 56013, 93592, 140374, 51369, 11016, 69075, 92696]",0
548,TRAIN,NORMAL,"[109085, 97341, 128271, 38383, 120203, 70665, 13567, 124456, 98223, 44317, 9324, 127629, 80766, 99207, 24197, 45010, 103781, 9364, 102979, 48556]",0
549,TRAIN,NORMAL,"[71499, 82044, 139308, 117019, 88831, 72854, 22609, 3446, 95278, 81179, 67459, 13501, 36286, 135027, 26023, 146418, 113475, 51236, 131669, 120695]",0
550,TRAIN,NORMAL,"[95474, 67758, 37874, 40910, 29653, 3567, 116230, 132653, 117329, 125411, 20634, 62855, 43379, 67628, 134129, 17009, 100927, 100337, 136264, 105833]",0
551,TRAIN,NORMAL,"[119748, 58939, 98269, 100059, 11495, 134797, 96182, 23941, 9935, 92633, 78646, 74135, 89683, 44009, 124506, 71847, 21797, 146746, 22720, 146230]",0
552,TRAIN,NORMAL,"[98945, 23017, 10438, 71579, 110267, 55520, 66132, 115798, 72962, 13901, 18451, 135688, 47888, 119127, 57053, 29713, 38060, 88662, 12703, 70592]",0
553,TRAIN,NORMAL,"[37258, 15548, 113863, 97491, 127526, 8444, 116976, 93841, 6603, 122685, 107275, 76797, 74377, 38765, 36847, 71125, 67422, 38811, 35830, 10829]",0
554,TRAIN,NORMAL,"[21789, 91385, 51194, 88856, 135838, 29255, 11757, 140798, 149196, 54215, 88515, 99972, 33396, 54758, 120988, 110511, 77674, 102840, 27889, 134258]",0
555,TRAIN,NORMAL,"[38542, 38702, 144007, 35176, 127772, 65913, 14990, 114733, 90237, 4583, 80206, 20941, 145209, 48398, 88281, 119800, 59152, 1340, 121553, 56423]",0
556,TRAIN,NORMAL,"[60498, 60892, 4522, 145903, 117990, 144619, 82030, 103360, 38292, 123423, 124326, 98651, 39816, 78445, 149415, 27085, 134468, 95098, 25951, 79146]",0
557,TRAIN,NORMAL,"[87065, 76648, 135369, 136587, 79412, 62979, 71624, 79839, 35933, 54600, 121300, 147424, 129089, 63012, 130870, 137485, 27808, 67139, 144025, 129657]",0
558,TRAIN,NORMAL,"[19774, 139115, 116673, 58398, 88057, 14329, 27877, 109187, 116557, 37534, 68484, 114495, 136650, 23984, 4169, 81581, 60664, 77507, 85209, 145623]",0
559,TRAIN,NORMAL,"[46702, 43105, 62721, 130858, 44245, 48091, 20053, 3372, 50184, 74555, 60737, 97172, 131266, 23391, 36330, 53735, 135863, 22107, 56955, 77814]",0
560,TRAIN,NORMAL,"[7444, 64814, 102296, 61640, 115877, 63421, 58488, 118088, 5159, 92766, 15189, 52447, 120254, 87340, 9816, 85550, 15807, 120058, 58674, 102354]",0
561,TRAIN,NORMAL,"[111229, 119692, 141280, 34486, 99038, 90186, 114199, 26587, 50804, 1097, 135983, 64043, 43322, 37572, 81821, 144295, 17471, 139322, 108412, 140411]",0
562,TRAIN,NORMAL,"[143213, 83233, 69232, 69936, 144399, 55636, 107164, 8014, 52666, 143478, 108658, 41399, 116329, 95700, 65856, 28395, 45163, 147925, 120727, 143184]",0
563,TRAIN,NORMAL,"[37143, 139317, 118938, 87407, 149660, 50662, 37104, 98962, 128885, 98634, 93995, 105003, 22175, 55737, 27723, 22931, 112015, 89376, 30366, 110990]",0
564,TRAIN,NORMAL,"[88759, 11281, 14008, 1188, 71922, 53055, 79105, 32316, 14702, 138964, 117808, 42025, 253, 84925, 140641, 93267, 83096, 110912, 137549, 35164]",0
565,TRAIN,NORMAL,"[127506, 31844, 41712, 145570, 134185, 68321, 83593, 60123, 129626, 101041, 52081, 97596, 73330, 16595, 148613, 83761, 70306, 13421, 1215, 25336]",0
566,TRAIN,NORMAL,"[124015, 77861, 16657, 23796, 54895, 37076, 79975, 130330, 145484, 13784, 78247, 11564, 91865, 131169, 57056, 25089, 134706, 94647, 8849, 88643]",0
567,TRAIN,NORMAL,"[8350, 43408, 116940, 76572, 11239, 69214, 94335, 116218, 7123, 46943, 91854, 14386, 5012, 140016, 26434, 104131, 4122, 25093, 34387, 31083]",0
568,TRAIN,NORMAL,"[72064, 65634, 19654, 4255, 65488, 88505, 117454, 56395, 100878, 72164, 83278, 37184, 101738, 27615, 128274, 14346, 6545, 30716, 93484, 119722]",0
569,TRAIN,NORMAL,"[107646, 38195, 82756, 22908, 86395, 90023, 26521, 67012, 19490, 47070, 1141, 62917, 11739, 35866, 70462, 135645, 54298, 133699, 114704, 144209]",0
570,TRAIN,NORMAL,"[125044, 62405, 146968, 119311, 136164, 145205, 81918, 21006, 101067, 113017, 120120, 114257, 17170, 4819, 120013, 54945, 28524, 36156, 60486, 43422]",0
571,TRAIN,NORMAL,"[80799, 5367, 23675, 24985, 28867, 108318, 112770, 142632, 134596, 145821, 104845, 40662, 66123, 75865, 94638, 33030, 8558, 21151, 65977, 101042]",0
572,TRAIN,NORMAL,"[16225, 53246, 101091, 42426, 73305, 13251, 42628, 118398, 120741, 15376, 9390, 31253, 148625, 109449, 28644, 57081, 3390, 48035, 98442, 95786]",0
573,TRAIN,NORMAL,"[86155, 87019, 34809, 60458, 97906, 21436, 16093, 99118, 72221, 99352, 11844, 52463, 149457, 84105, 11943, 28870, 89206, 85179, 92013, 37547]",0
574,TRAIN,NORMAL,"[76000, 82396, 35984, 140146, 57736, 53757, 121735, 114520, 4007, 133234, 15560, 36492, 122081, 4570, 4013, 113946, 137237, 86793, 93880, 117665]",0
575,TRAIN,NORMAL,"[64732, 24194, 1479, 75070, 15006, 46287, 102593, 42414, 91431, 126655, 106249, 13849, 14043, 92289, 13952, 24500, 9655, 9220, 29000, 74912]",0
576,TRAIN,NORMAL,"[143444, 133920, 11988, 133095, 72659, 51434, 10834, 107217, 17041, 59522, 64808, 25672, 11805, 83363, 60147, 60032, 11925, 35516, 124516, 12437]",0
577,TRAIN,NORMAL,"[100039, 3788, 39244, 6182, 976, 30446, 11422, 17454, 15168, 76098, 53153, 53119, 54979, 110518, 96255, 108853, 56078, 44153, 130272, 87104]",0
578,TRAIN,NORMAL,"[39877, 15754, 147758, 79081, 37270, 72502, 50439, 18284, 67010, 12714, 26560, 90362, 133902, 15580, 71219, 94301, 81540, 17212, 111251, 118862]",0
579,TRAIN,NORMAL,"[104909, 74431, 132284, 135608, 60287, 67109, 120367, 140475, 99196, 67984, 143392, 134883, 84538, 111219, 25592, 40076, 168, 86529, 117659, 54732]",0
580,TRAIN,NORMAL,"[59995, 94046, 65049, 113834, 12639, 99930, 47170, 145298, 106207, 71126, 92195, 134694, 58899, 65739, 17281, 144908, 30448, 62757, 92457, 59236]",0
581,TRAIN,NORMAL,"[112695, 52402, 93728, 11656, 125175, 149441, 105177, 61265, 59418, 94631, 7175, 134501, 61475, 16758, 148957, 76912, 92609, 103787, 52062, 62289]",0
582,TRAIN,NORMAL,"[85103, 33998, 92842, 61886, 92506, 37698, 65698, 64775, 55701, 25931, 93683, 38373, 107498, 138517, 116711, 50942, 62299, 130615, 33222, 55089]",0
583,TRAIN,NORMAL,"[20780, 123903, 125759, 43155, 139424, 103224, 3776, 18731, 15535, 123508, 55500, 86017, 138728, 99876, 132884, 28024, 31892, 25815, 49849, 86901]",0
584,TRAIN,NORMAL,"[14918, 136715, 20039, 74277, 87520, 54846, 125317, 135386, 140612, 117394, 17445, 99855, 130012, 32962, 51684, 2897, 149805, 27370, 94979, 62826]",0
585,TRAIN,NORMAL,"[84089, 86015, 89002, 15589, 68511, 63535, 75643, 31695, 103650, 68676, 325, 72013, 48457, 101949, 84972, 105027, 116430, 67622, 262, 57461]",0
586,TRAIN,NORMAL,"[121925, 128772, 12697, 11870, 42293, 49848, 6719, 106184, 47696, 103671, 9368, 78852, 117727, 113192, 124942, 142015, 93687, 129499, 127228, 6422]",0
587,TRAIN,NORMAL,"[72832, 32548, 27583, 26226, 92324, 130375, 21046, 90711, 126504, 101005, 110197, 53712, 48522, 66517, 1214, 53231, 88421, 52194, 121382, 51506]",0
588,TRAIN,NORMAL,"[71905, 93444, 38348, 133222, 112665, 54896, 84543, 19330, 29603, 16066, 122575, 118488, 93334, 52441, 54317, 14413, 2446, 87507, 74032, 5711]",0
589,TRAIN,NORMAL,"[65262, 2194, 91619, 33718, 38722, 6189, 40382, 24508, 131084, 132125, 102385, 44559, 134410, 4145, 90781, 71151, 68065, 68562, 17858, 99403]",0
590,TRAIN,NORMAL,"[19447, 95033, 78644, 72140, 117443, 144516, 129739, 146843, 92005, 66490, 23939, 89908, 47422, 84567, 108496, 146703, 7344, 123461, 33208, 103902]",0
591,TRAIN,NORMAL,"[234, 75152, 90229, 146686, 64387, 70122, 94885, 109604, 87388, 146176, 7505, 145390, 98702, 81467, 17555, 90063, 982, 6677, 61220, 132191]",0
592,TRAIN,NORMAL,"[108524, 48389, 44874, 28802, 141811, 109147, 51575, 37739, 126009, 108581, 114322, 104305, 21821, 36594, 111864, 106899, 45692, 74224, 36650, 48069]",0
593,TRAIN,NORMAL,"[20259, 66431, 138524, 9100, 61668, 38099, 91364, 125360, 87995, 11948, 27916, 28461, 69361, 99814, 57008, 29217, 86068, 68066, 79195, 113366]",0
594,TRAIN,NORMAL,"[29400, 144845, 112292, 60852, 72895, 7958, 54762, 8121, 36190, 51313, 20529, 63638, 90122, 3609, 103944, 23354, 47771, 58169, 31425, 85692]",0
595,TRAIN,NORMAL,"[64516, 120614, 115032, 93386, 61062, 4073, 101387, 124216, 133017, 100000, 64326, 69392, 44248, 64027, 2585, 62423, 130852, 98896, 8759, 17375]",0
596,TRAIN,NORMAL,"[6521, 147165, 120715, 21882, 108792, 60022, 25738, 144953, 82352, 29815, 72904, 3619, 81401, 52414, 32628, 50321, 98603, 16341, 24323, 58423]",0
597,TRAIN,NORMAL,"[30102, 141558, 53762, 110617, 126474, 141040, 60182, 15288, 62204, 113068, 47571, 53587, 119002, 46652, 4400, 138812, 3943, 63265, 5242, 145183]",0
598,TRAIN,NORMAL,"[58564, 50120, 94378, 149210, 104510, 50628, 50, 43350, 123686, 131894, 28857, 49012, 78596, 45380, 104849, 63046, 83145, 101768, 28490, 2344]",0
599,TRAIN,NORMAL,"[99479, 116277, 12115, 109759, 56914, 40539, 6235, 12947, 40908, 131874, 61065, 35351, 110244, 30705, 24086, 48437, 134393, 27008, 80808, 20483]",0
600,TRAIN,NORMAL,"[50620, 18497, 30421, 99960, 73049, 107970, 5239, 29218, 36047, 130959, 136219, 146347, 89536, 146644, 124340, 58032, 122979, 110114, 81480, 67884]",0
601,TRAIN,NORMAL,"[33146, 89999, 55982, 139480, 103586, 12655, 12391, 113732, 18659, 50003, 132376, 37779, 60770, 120169, 30462, 1384, 39574, 79822, 90415, 24950]",0
602,TRAIN,NORMAL,"[12223, 121398, 107535, 133150, 113950, 142642, 15086, 116695, 141307, 72441, 107722, 8472, 25277, 113981, 17400, 131162, 105199, 134491, 111700, 14824]",0
603,TRAIN,NORMAL,"[66756, 81495, 61286, 78123, 100034, 122711, 69620, 74141, 80361, 68824, 59362, 116722, 42155, 140128, 134215, 38998, 101624, 145960, 70531, 69814]",0
604,TRAIN,NORMAL,"[118068, 68612, 41909, 138532, 44014, 110638, 81955, 71651, 59563, 59772, 125997, 79098, 41833, 98422, 96858, 44157, 104699, 34103, 26247, 38013]",0
605,TRAIN,NORMAL,"[135544, 29813, 58759, 13045, 1122, 41123, 102462, 39770, 69991, 97452, 27361, 149727, 58713, 127706, 138335, 96603, 36905, 123672, 27944, 25712]",0
606,TRAIN,NORMAL,"[49579, 98703, 20590, 134439, 130613, 55563, 144533, 132531, 43404, 128269, 12656, 114162, 14587, 108811, 29998, 120448, 67641, 94009, 13390, 3395]",0
607,TRAIN,NORMAL,"[62447, 59169, 31498, 104066, 97090, 110091, 66525, 21863, 36858, 18765, 122953, 59653, 76636, 147503, 7390, 119861, 60907, 28657, 56385, 27431]",0
608,TRAIN,NORMAL,"[64505, 149369, 41766, 64932, 101938, 139104, 15418, 12331, 118888, 128152, 90477, 141001, 131793, 24947, 143434, 144598, 137181, 37647, 95176, 69598]",0
609,TRAIN,NORMAL,"[33631, 106362, 4705, 67265, 130828, 116450, 111812, 121198, 126368, 38262, 123191, 84600, 131929, 112043, 98095, 42549, 118414, 25248, 127466, 107563]",0
610,TRAIN,NORMAL,"[19666, 100539, 103297, 120925, 95196, 48995, 97943, 54851, 14180, 61568, 34533, 102709, 12594, 15587, 104276, 92477, 130371, 77449, 110928, 57136]",0
611,TRAIN,NORMAL,"[138904, 71320, 99146, 122094, 40097, 134574, 48549, 114278, 125861, 73811, 16963, 88522, 91114, 49581, 58415, 41168, 34414, 119009, 83107, 126991]",0
612,TRAIN,NORMAL,"[78280, 102474, 57954, 413, 90901, 137916, 31333, 6443, 68481, 6379, 8290, 49270, 794, 128997, 41959, 47360, 17036, 40353, 51215, 63126]",0
613,TRAIN,NORMAL,"[140722, 20990, 124650, 3780, 7149, 58241, 80783, 58430, 111586, 62369, 54196, 145084, 63820, 22584, 102758, 83641, 99550, 99390, 107488, 49794]",0
614,TRAIN,NORMAL,"[144752, 104178, 19934, 46199, 114463, 148667, 28503, 78174, 64025, 32410, 54363, 67742, 83160, 66524, 9026, 77794, 131843, 83159, 10330, 78631]",0
615,TRAIN,NORMAL,"[106239, 18605, 139458, 17847, 113689, 33632, 79674, 42278, 49770, 142160, 24694, 133464, 48379, 89860, 74341, 95456, 25772, 6695, 148047, 7951]",0
616,TRAIN,NORMAL,"[15897, 11128, 33986, 119238, 125708, 89660, 104193, 54660, 18004, 27140, 3171, 85764, 141191, 42428, 74182, 119552, 133255, 68226, 89743, 72180]",0
617,TRAIN,NORMAL,"[119013, 50110, 18247, 21607, 68757, 49317, 53083, 668, 138150, 122463, 90187, 26074, 86731, 144830, 110261, 129137, 137817, 90905, 30915, 102989]",0
618,TRAIN,NORMAL,"[27631, 32687, 103735, 1144, 114230, 103427, 25372, 52451, 119595, 86477, 55658, 94747, 14469, 130711, 98371, 41725, 15864, 97962, 17818, 49266]",0
619,TRAIN,NORMAL,"[38858, 84049, 88292, 49995, 48905, 97990, 91090, 40498, 106119, 148735, 74311, 42977, 10644, 146327, 51002, 1660, 108932, 26977, 130158, 90120]",0
620,TRAIN,NORMAL,"[131773, 75811, 15651, 99891, 63464, 87607, 85749, 102078, 484, 88168, 48958, 141314, 28316, 64853, 706, 40320, 10560, 55907, 121061, 84211]",0
621,TRAIN,NORMAL,"[94309, 110634, 114185, 114858, 124682, 54297, 105750, 99099, 111049, 67414, 124944, 136256, 37733, 61459, 25224, 82017, 80311, 124565, 93806, 14678]",0
622,TRAIN,NORMAL,"[120149, 105801, 131306, 19802, 131948, 3413, 127758, 110034, 131125, 4774, 69357, 133653, 74565, 137421, 127538, 43338, 114082, 81824, 142152, 57109]",0
623,TRAIN,NORMAL,"[104105, 117135, 28348, 145026, 140554, 89804, 46843, 41674, 125108, 98913, 5494, 100432, 115114, 67409, 69542, 48742, 16067, 800, 74572, 57254]",0
624,TRAIN,NORMAL,"[148669, 56664, 85902, 119374, 91658, 125650, 17215, 107811, 100598, 115221, 43649, 34679, 55879, 112315, 82282, 13381, 20660, 128246, 114416, 5516]",0
625,TRAIN,NORMAL,"[35306, 34998, 114305, 140873, 122052, 115521, 36276, 46860, 3316, 57055, 39155, 1817, 127334, 107150, 77937, 92787, 117292, 78664, 61827, 139401]",0
626,TRAIN,NORMAL,"[65657, 96866, 132661, 117555, 124328, 139476, 46541, 114250, 63438, 22986, 99586, 3903, 23832, 125335, 105691, 73983, 132145, 58332, 16447, 82127]",0
627,TRAIN,NORMAL,"[83066, 122699, 54805, 146987, 62892, 82472, 9591, 4829, 73578, 136855, 80961, 127370, 106508, 19221, 29178, 38652, 25901, 55305, 39230, 41875]",0
628,TRAIN,NORMAL,"[138268, 83587, 76876, 84681, 62508, 121895, 147827, 148198, 122328, 50725, 70038, 92424, 91386, 112156, 120965, 114818, 105266, 132216, 78511, 86457]",0
629,TRAIN,NORMAL,"[72882, 4825, 27572, 77984, 121501, 21497, 130087, 94135, 3112, 45257, 138843, 111530, 83234, 28626, 67987, 29474, 18349, 57007, 76846, 133340]",0
630,TRAIN,NORMAL,"[1226, 52805, 113724, 133252, 46670, 88166, 63598, 126134, 238, 144831, 93127, 30093, 131362, 126297, 23861, 134469, 108972, 104154, 84803, 90947]",0
631,TRAIN,NORMAL,"[77001, 79888, 67400, 109632, 107328, 23386, 17673, 14472, 23632, 120282, 134909, 134306, 64650, 62643, 28562, 43401, 25457, 10169, 16539, 23896]",0
632,TRAIN,NORMAL,"[12887, 56481, 19052, 100516, 117260, 124928, 98045, 128162, 121565, 143044, 38608, 6515, 70846, 45312, 7082, 89395, 98251, 55638, 43928, 127194]",0
633,TRAIN,NORMAL,"[83157, 101950, 450, 115697, 46097, 12718, 104322, 141320, 73110, 7391, 41179, 129688, 27467, 84241, 53448, 78317, 149780, 38212, 57153, 68582]",0
634,TRAIN,NORMAL,"[29683, 46327, 96278, 88439, 31160, 38239, 147098, 101623, 113405, 13449, 47648, 84667, 106814, 28659, 39247, 54399, 48525, 140887, 129551, 27139]",0
635,TRAIN,NORMAL,"[136559, 69604, 48902, 72163, 70200, 141850, 8000, 104133, 135435, 14617, 148921, 394, 109941, 70596, 62515, 81235, 27584, 144577, 139745, 65137]",0
636,TRAIN,NORMAL,"[51157, 137745, 66245, 92528, 62871, 134761, 97194, 38786, 69556, 87898, 111643, 39696, 36082, 128095, 143447, 132071, 12310, 64052, 25109, 41831]",0
637,TRAIN,NORMAL,"[46136, 37210, 12855, 20056, 109097, 146676, 115733, 135076, 99645, 112570, 140489, 47364, 76525, 148360, 45272, 75802, 143150, 74790, 91890, 43907]",0
638,TRAIN,NORMAL,"[99079, 85295, 134983, 20213, 46505, 90203, 17435, 75731, 102117, 96522, 97248, 71421, 78480, 58444, 72939, 63042, 27952, 125833, 7036, 6250]",0
639,TRAIN,NORMAL,"[22034, 51026, 129113, 54770, 105107, 66367, 36041, 1634, 47583, 38802, 62497, 102573, 21024, 112259, 56226, 5338, 96875, 5224, 39418, 118814]",0
640,TRAIN,NORMAL,"[67941, 70695, 149828, 75052, 42117, 35836, 17365, 31928, 7993, 28736, 54849, 16886, 40512, 99451, 65966, 81381, 125281, 6874, 62026, 104595]",0
641,TRAIN,NORMAL,"[23332, 1676, 114856, 82601, 133860, 65069, 27489, 107372, 129304, 54303, 54454, 97307, 97185, 65387, 133751, 134398, 96976, 27343, 73475, 116502]",0
642,TRAIN,NORMAL,"[137978, 116586, 84928, 80814, 11619, 61157, 99519, 106585, 81621, 28160, 58937, 121307, 93593, 144994, 143488, 48941, 129991, 142494, 93296, 126142]",0
643,TRAIN,NORMAL,"[11867, 134034, 90361, 80124, 124737, 39384, 74580, 114283, 2051, 14229, 126394, 18167, 94066, 141460, 35816, 31169, 133738, 113341, 22075, 36325]",0
644,TRAIN,NORMAL,"[82576, 36370, 14135, 124010, 30108, 43156, 53584, 130985, 99304, 77000, 18009, 121652, 121327, 1127, 62020, 102652, 112250, 111550, 79832, 110844]",0
645,TRAIN,NORMAL,"[68949, 72474, 70112, 115250, 67829, 55913, 91144, 75270, 79019, 107596, 52380, 85307, 54247, 67922, 44859, 36349, 47751, 86646, 82887, 82413]",0
646,TRAIN,NORMAL,"[147207, 49990, 141566, 117174, 11149, 10982, 82722, 22560, 7915, 77311, 68253, 126409, 31119, 132677, 143633, 45696, 15803, 33881, 78386, 35242]",0
647,TRAIN,NORMAL,"[122334, 14179, 3407, 43761, 75822, 104400, 141522, 111032, 75879, 3832, 126969, 34964, 56273, 122145, 38967, 136925, 95965, 35621, 1730, 1779]",0
648,TRAIN,NORMAL,"[118313, 110933, 128838, 130769, 134546, 15761, 13785, 1242, 55841, 45413, 137722, 95968, 36038, 137236, 8048, 37416, 61052, 94842, 84416, 13287]",0
649,TRAIN,NORMAL,"[140756, 79083, 70939, 66691, 103929, 5591, 119158, 106312, 132183, 91667, 83674, 45268, 32864, 72150, 5725, 47708, 664, 126477, 122803, 79739]",0
650,TRAIN,NORMAL,"[66366, 79475, 17726, 33809, 1847, 60395, 13533, 91122, 122649, 9044, 62703, 144083, 18467, 45844, 40989, 129924, 5694, 2581, 132139, 114757]",0
651,TRAIN,NORMAL,"[63731, 103180, 148832, 67313, 134654, 101501, 67000, 40805, 68651, 36487, 37404, 94177, 115988, 128103, 117568, 56776, 149366, 50040, 139819, 149813]",0
652,TRAIN,NORMAL,"[129920, 136808, 145, 20639, 13988, 54406, 51743, 79947, 130228, 109031, 32822, 99175, 87406, 109278, 80235, 141393, 101048, 38194, 119079, 36826]",0
653,TRAIN,NORMAL,"[56105, 71950, 44923, 1622, 94415, 25785, 116907, 30352, 69252, 139242, 115809, 115344, 80609, 85714, 145208, 77711, 138809, 103802, 113025, 63386]",0
654,TRAIN,NORMAL,"[96414, 45635, 77443, 95407, 144332, 83050, 131180, 11804, 51458, 138878, 121507, 65045, 141893, 132203, 64789, 89579, 32046, 99789, 92912, 105923]",0
655,TRAIN,NORMAL,"[61719, 77574, 143071, 20127, 137621, 134674, 141359, 58735, 89286, 13562, 110019, 824, 112938, 92867, 98784, 125251, 109362, 128764, 21281, 21284]",0
656,TRAIN,NORMAL,"[6057, 120636, 64641, 111587, 84520, 84440, 41643, 70314, 133353, 70776, 35148, 122732, 54393, 80232, 14309, 12198, 23843, 70510, 24124, 26076]",0
657,TRAIN,NORMAL,"[28683, 124790, 126577, 88476, 146542, 47408, 8449, 60891, 1877, 76110, 34106, 140628, 147705, 23655, 43007, 97438, 388, 58591, 102596, 58825]",0
658,TRAIN,NORMAL,"[117746, 140585, 141821, 9911, 55426, 133879, 89062, 15736, 116501, 64704, 59849, 147330, 38569, 77201, 83803, 58391, 57599, 17472, 62197, 17989]",0
659,TRAIN,NORMAL,"[94802, 14377, 57061, 117311, 141212, 92075, 78406, 89271, 17522, 59520, 80916, 63750, 12777, 36871, 119255, 132153, 114049, 95422, 128593, 129286]",0
660,TRAIN,NORMAL,"[148661, 13361, 54569, 12624, 43640, 117351, 66908, 94470, 38874, 99943, 27629, 84824, 80109, 66140, 21379, 26108, 10537, 66102, 37842, 1222]",0
661,TRAIN,NORMAL,"[145559, 37764, 98205, 50178, 34396, 75300, 121898, 121619, 84953, 114632, 123718, 10264, 117126, 14197, 68228, 11186, 119849, 123063, 148173, 48194]",0
662,TRAIN,NORMAL,"[81629, 93549, 130067, 39715, 125001, 119263, 74120, 70848, 145182, 72411, 21922, 121394, 76903, 72021, 55690, 41746, 133233, 12159, 135512, 121186]",0
663,TRAIN,NORMAL,"[92697, 98302, 125696, 78857, 105318, 22219, 47463, 122487, 102214, 93168, 52390, 98663, 62234, 54038, 64040, 81206, 139808, 141176, 62014, 136819]",0
664,TRAIN,NORMAL,"[29334, 8065, 98298, 68416, 60622, 126152, 19933, 75288, 136225, 102655, 58006, 70930, 109928, 88319, 42989, 147250, 138001, 144434, 43301, 113072]",0
665,TRAIN,NORMAL,"[84506, 110854, 95074, 140485, 111022, 55561, 41264, 149797, 120920, 45682, 68711, 101128, 133127, 46823, 68883, 24419, 122332, 47014, 49136, 88322]",0
666,TRAIN,NORMAL,"[14995, 41830, 103764, 117039, 28563, 149775, 110210, 124970, 132665, 24371, 114766, 58705, 61167, 141512, 31228, 100526, 10174, 19534, 23223, 48151]",0
667,TRAIN,NORMAL,"[8441, 94305, 14848, 28387, 147078, 39631, 120980, 50621, 48828, 140413, 10606, 67266, 81991, 60844, 128100, 92097, 63998, 96666, 132574, 145221]",0
668,TRAIN,NORMAL,"[18771, 13526, 26235, 131678, 85576, 5570, 89882, 760, 39222, 75225, 122660, 54075, 15999, 75305, 84718, 137657, 5922, 126915, 79292, 58606]",0
669,TRAIN,NORMAL,"[133199, 12025, 47968, 18134, 108229, 103942, 53902, 110164, 74481, 103824, 48006, 14493, 140391, 48552, 92068, 48339, 96777, 121932, 5971, 113198]",0
670,TRAIN,NORMAL,"[145590, 85886, 109951, 20722, 113627, 109231, 2827, 55404, 34906, 94222, 6275, 59739, 11088, 11592, 46355, 11370, 107728, 83914, 137859, 122786]",0
671,TRAIN,NORMAL,"[148779, 130344, 139705, 137542, 129019, 35879, 73099, 13780, 141643, 49016, 42067, 135276, 67389, 4261, 94924, 43797, 94189, 22954, 143391, 61375]",0
672,TRAIN,NORMAL,"[52923, 131085, 126425, 11718, 14570, 143311, 118878, 60304, 56755, 24339, 121410, 61559, 69179, 20070, 60573, 111597, 39933, 65623, 58919, 127155]",0
673,TRAIN,NORMAL,"[40450, 100973, 66924, 18745, 59327, 95015, 119876, 124646, 54748, 33087, 133515, 111881, 65515, 31923, 36834, 94855, 5349, 93567, 128133, 116320]",0
674,TRAIN,NORMAL,"[146321, 32883, 42547, 148105, 133121, 135184, 120222, 21492, 71271, 58446, 98680, 70458, 149078, 124465, 118586, 91600, 26550, 88737, 51490, 38124]",0
675,TRAIN,NORMAL,"[6609, 135164, 92709, 77261, 143015, 31010, 54007, 61088, 40426, 136870, 73676, 130247, 41105, 52153, 121415, 31760, 32945, 124427, 68293, 110505]",0
676,TRAIN,NORMAL,"[3432, 750, 19756, 108546, 42056, 70916, 30236, 79926, 113386, 56757, 49330, 124283, 68945, 25587, 18477, 125908, 16054, 91473, 105519, 38588]",0
677,TRAIN,NORMAL,"[72872, 77471, 143919, 49022, 56191, 12318, 43143, 103667, 3214, 106473, 101963, 81514, 45745, 124264, 104577, 37615, 14750, 58056, 89948, 104079]",0
678,TRAIN,NORMAL,"[46382, 36653, 68250, 45078, 121947, 148486, 42581, 59584, 76798, 9418, 2675, 141288, 19751, 68501, 142578, 586, 56296, 71693, 61785, 148704]",0
679,TRAIN,NORMAL,"[49367, 78925, 65319, 67743, 130831, 16138, 86610, 112398, 77408, 56785, 126530, 58941, 59194, 40535, 18676, 129459, 142950, 43569, 77344, 149787]",0
680,TRAIN,NORMAL,"[10967, 125068, 33572, 72867, 23246, 118569, 116740, 118792, 121160, 35730, 92987, 42112, 70019, 100926, 93330, 17237, 58823, 42405, 104818, 61504]",0
681,TRAIN,NORMAL,"[61968, 5461, 55859, 103767, 121399, 94403, 109489, 92128, 10279, 100254, 125406, 49684, 139774, 4480, 53765, 32374, 5524, 127765, 82376, 16638]",0
682,TRAIN,NORMAL,"[89117, 98611, 25609, 49551, 132983, 60416, 134241, 111495, 75873, 832, 27081, 132356, 73443, 27309, 127939, 22234, 129382, 42437, 15250, 93415]",0
683,TRAIN,NORMAL,"[133093, 123996, 145200, 41519, 45981, 120210, 52299, 66979, 105670, 142384, 98609, 30890, 25077, 47913, 37881, 109771, 122239, 78330, 11936, 91318]",0
684,TRAIN,NORMAL,"[43282, 19147, 9756, 84924, 99631, 107346, 82621, 59388, 127040, 138404, 121972, 623, 133263, 81808, 123269, 112432, 138794, 131551, 33118, 58945]",0
685,TRAIN,NORMAL,"[9528, 121069, 90110, 122461, 73956, 72814, 100552, 108493, 132101, 15876, 43575, 40145, 130651, 34709, 96354, 130414, 117928, 76337, 43120, 71030]",0
686,TRAIN,NORMAL,"[22019, 109927, 121549, 84696, 45602, 67474, 82861, 72027, 1575, 99900, 10605, 80730, 27454, 59817, 64553, 103399, 148967, 45024, 74721, 17382]",0
687,TRAIN,NORMAL,"[33159, 72584, 57343, 85464, 80409, 94515, 3315, 111766, 68475, 144727, 135894, 44326, 48550, 52949, 129950, 115161, 96942, 129177, 42912, 23209]",0
688,TRAIN,NORMAL,"[39630, 111296, 16475, 133494, 118940, 97260, 30471, 810, 138741, 87554, 82880, 51511, 101683, 144170, 103712, 66581, 108219, 30209, 68049, 75577]",0
689,TRAIN,NORMAL,"[138340, 68977, 96897, 7101, 32819, 116116, 40052, 20587, 73081, 70060, 1889, 116533, 149783, 115470, 60077, 772, 134250, 28134, 99971, 75056]",0
690,TRAIN,NORMAL,"[146755, 74035, 118946, 27992, 86186, 139721, 18325, 134472, 111502, 73301, 142693, 38134, 38660, 96746, 87397, 137057, 66118, 124400, 72037, 103927]",0
691,TRAIN,NORMAL,"[3203, 2450, 30661, 4684, 142640, 74022, 3090, 84609, 135940, 40126, 80873, 120735, 47569, 49654, 25145, 96227, 45348, 17223, 98413, 93473]",0
692,TRAIN,NORMAL,"[146247, 122770, 22948, 94444, 146148, 106525, 73364, 74704, 15218, 113784, 139272, 80076, 124231, 100816, 120197, 143569, 2507, 135065, 11396, 45676]",0
693,TRAIN,NORMAL,"[8024, 45441, 21624, 121828, 61818, 21888, 110227, 141185, 52562, 127064, 73040, 105467, 105289, 115947, 3113, 133153, 63985, 132080, 23480, 38187]",0
694,TRAIN,NORMAL,"[142518, 91305, 83071, 84714, 64627, 88450, 90346, 26282, 28364, 86335, 51350, 43295, 2882, 71316, 52050, 118016, 134299, 83753, 125585, 65621]",0
695,TRAIN,NORMAL,"[113052, 102981, 58715, 7542, 126857, 108013, 135594, 15276, 36241, 5015, 71658, 44907, 83370, 36786, 47872, 6467, 129763, 42493, 69813, 44276]",0
696,TRAIN,NORMAL,"[146864, 487, 132708, 26276, 126539, 41349, 136438, 13383, 9014, 103231, 27381, 129298, 71528, 23711, 129814, 52900, 28978, 134316, 123254, 103268]",0
697,TRAIN,NORMAL,"[90010, 30910, 126931, 106857, 78729, 112649, 116569, 60191, 52258, 123971, 59760, 98671, 12082, 35380, 39699, 24931, 64417, 68733, 145019, 70561]",0
698,TRAIN,NORMAL,"[116064, 134425, 90266, 147919, 115854, 21686, 94886, 148330, 130342, 72229, 135975, 145569, 97267, 25352, 76320, 91227, 115739, 56313, 89364, 59256]",0
699,TRAIN,NORMAL,"[34707, 103626, 26283, 111269, 8934, 51219, 107683, 128548, 19064, 66831, 123849, 41050, 72888, 95183, 40448, 146451, 111365, 70227, 88223, 24920]",0
700,TRAIN,NORMAL,"[66893, 18199, 138782, 62983, 86615, 82245, 72168, 72057, 67865, 86884, 61029, 48682, 18937, 101227, 100138, 116860, 132378, 5603, 27684, 138917]",0
701,TRAIN,NORMAL,"[5364, 53002, 3907, 20002, 84376, 27414, 69637, 116809, 103491, 52845, 95649, 120967, 141572, 82374, 54015, 19966, 16852, 86074, 83282, 100104]",0
702,TRAIN,NORMAL,"[74944, 44934, 133160, 111401, 69871, 28045, 9452, 81286, 16440, 31488, 83422, 9312, 79204, 49512, 136612, 50890, 81577, 30159, 65814, 143524]",0
703,TRAIN,NORMAL,"[146722, 79434, 64655, 70577, 35061, 131668, 41295, 128865, 110388, 6678, 74780, 43460, 19823, 37662, 111995, 124452, 54847, 142113, 119755, 109974]",0
704,TRAIN,NORMAL,"[133244, 50222, 89453, 36686, 52086, 31184, 691, 97949, 75415, 10349, 7389, 140401, 46934, 140426, 131218, 137882, 68464, 133396, 142392, 22067]",0
705,TRAIN,NORMAL,"[17584, 130562, 140021, 59045, 84989, 136002, 73067, 72033, 55836, 119246, 8404, 27605, 61466, 16535, 26437, 64415, 81147, 138951, 90453, 139009]",0
706,TRAIN,NORMAL,"[51709, 59364, 25860, 21032, 58659, 74133, 102309, 107017, 18507, 95688, 72034, 88317, 32697, 70687, 94283, 37584, 19192, 66401, 76175, 27775]",0
707,TRAIN,NORMAL,"[11626, 123771, 64084, 130353, 116623, 133360, 114104, 3183, 104718, 55261, 123602, 11621, 135536, 70475, 36523, 92585, 38901, 141666, 93219, 64213]",0
708,TRAIN,NORMAL,"[133835, 69228, 61679, 121518, 99484, 121873, 10057, 38206, 33711, 1652, 142694, 69687, 97286, 48358, 125512, 110181, 66906, 144662, 60454, 112274]",0
709,TRAIN,NORMAL,"[63332, 149502, 50704, 128707, 103803, 73152, 35352, 124803, 134973, 29454, 139851, 2425, 25228, 117109, 71943, 47009, 62206, 108770, 92455, 93233]",0
710,TRAIN,NORMAL,"[109723, 98356, 49137, 24335, 98864, 23577, 120562, 6866, 47791, 9604, 130418, 48643, 91637, 36804, 58086, 142912, 120083, 24630, 41398, 109319]",0
711,TRAIN,NORMAL,"[142528, 16529, 43141, 134726, 137048, 11701, 139188, 63356, 136842, 12616, 26985, 552, 28611, 95646, 88121, 35604, 33972, 72958, 5737, 88111]",0
712,TRAIN,NORMAL,"[62987, 44052, 112332, 6154, 26826, 59156, 29931, 82956, 149052, 87854, 108585, 10084, 102312, 149104, 140596, 65578, 38081, 11487, 148407, 11746]",0
713,TRAIN,NORMAL,"[42007, 91580, 105662, 4781, 96884, 78148, 127614, 5217, 46054, 102409, 10818, 108466, 132144, 6033, 28827, 80567, 30116, 87966, 124092, 119051]",0
714,TRAIN,NORMAL,"[106801, 127117, 29307, 61225, 144836, 41535, 8866, 54305, 15487, 41546, 110178, 46164, 47243, 140691, 85297, 132763, 95344, 65863, 130900, 108416]",0
715,TRAIN,NORMAL,"[10222, 70308, 101279, 87964, 26135, 82409, 76473, 88442, 64922, 41783, 7798, 60933, 27263, 22345, 115821, 23668, 135509, 128052, 129365, 46296]",0
716,TRAIN,NORMAL,"[117139, 53514, 32763, 44464, 144601, 132295, 1967, 55949, 25753, 132007, 100691, 18792, 85911, 42645, 21971, 112350, 108549, 44344, 17709, 57910]",0
717,TRAIN,NORMAL,"[96526, 32899, 149544, 67481, 94123, 10580, 43232, 104295, 97115, 89222, 108797, 37679, 62380, 21247, 124488, 29696, 18633, 25832, 105224, 143126]",0
718,TRAIN,NORMAL,"[76574, 51647, 13514, 32312, 61281, 142520, 135313, 67604, 116203, 48270, 20013, 7635, 95568, 42396, 65808, 18782, 22043, 4348, 77105, 136135]",0
719,TRAIN,NORMAL,"[90592, 11836, 55664, 128540, 60786, 138692, 113591, 141877, 90160, 149834, 19182, 121489, 114506, 132366, 135524, 38991, 141360, 136556, 71884, 108739]",0
720,TRAIN,NORMAL,"[32540, 143025, 100084, 79388, 108330, 130821, 112568, 109041, 57591, 82862, 12678, 29446, 134566, 76373, 87826, 140283, 108820, 121965, 148421, 48803]",0
721,TRAIN,NORMAL,"[112625, 132881, 41952, 102308, 101271, 39271, 89329, 113853, 28315, 73354, 145049, 67310, 52946, 74104, 72875, 21479, 16056, 21729, 101774, 14027]",0
722,TRAIN,NORMAL,"[106313, 11921, 146411, 87184, 18802, 18249, 144774, 66117, 43753, 53509, 82811, 137674, 76632, 45232, 125049, 127072, 22445, 21454, 84152, 112714]",0
723,TRAIN,NORMAL,"[82666, 29240, 128420, 58202, 113886, 20765, 4769, 9188, 104140, 71608, 118957, 106072, 124592, 104820, 116883, 54925, 20798, 96008, 59642, 87687]",0
724,TRAIN,NORMAL,"[81183, 126121, 6747, 45710, 111405, 95094, 63989, 99512, 42350, 98318, 83322, 45514, 119388, 59918, 69524, 11341, 104929, 43969, 90530, 145418]",0
725,TRAIN,NORMAL,"[91042, 136051, 142910, 97328, 111580, 21759, 21341, 44888, 64449, 125601, 18239, 138101, 137578, 101599, 89403, 99886, 96729, 105279, 15964, 49315]",0
726,TRAIN,NORMAL,"[48868, 97274, 131407, 58596, 122486, 64813, 17810, 80434, 82987, 114680, 99112, 75826, 75246, 15268, 38159, 59930, 128392, 33054, 70081, 62783]",0
727,TRAIN,NORMAL,"[867, 136220, 94888, 34515, 22402, 39072, 16693, 87355, 124022, 13957, 18749, 48440, 78842, 107739, 69805, 26555, 86133, 11705, 142228, 50415]",0
728,TRAIN,NORMAL,"[53566, 33122, 15643, 46205, 43565, 105249, 6821, 17904, 55097, 98271, 4035, 114551, 144697, 59678, 27335, 87560, 76237, 49644, 77883, 80238]",0
729,TRAIN,NORMAL,"[55346, 35970, 64589, 93205, 64282, 116495, 38684, 9330, 67008, 129283, 35623, 17965, 102380, 24434, 11400, 51371, 60072, 14115, 3657, 69793]",0
730,TRAIN,NORMAL,"[94728, 2076, 86151, 121665, 4839, 143648, 86537, 34314, 139998, 5503, 79610, 142600, 97924, 10671, 143526, 79543, 64271, 97335, 40311, 56658]",0
731,TRAIN,NORMAL,"[383, 102489, 93384, 44209, 106853, 111161, 123598, 132410, 143893, 38419, 6432, 132685, 131429, 100096, 118969, 51554, 105287, 28209, 104575, 142048]",0
732,TRAIN,NORMAL,"[136930, 117522, 14567, 77854, 135064, 57025, 33420, 69311, 111875, 29359, 54316, 589, 97240, 68326, 82028, 104807, 51657, 107798, 53993, 147465]",0
733,TRAIN,NORMAL,"[52953, 39017, 5238, 33265, 61694, 60034, 59424, 120921, 59802, 149253, 12127, 121072, 66327, 149300, 123153, 105580, 27715, 12381, 38621, 90406]",0
734,TRAIN,NORMAL,"[131807, 132258, 95377, 148846, 47814, 88390, 94880, 85386, 7002, 53589, 148457, 9861, 50069, 141451, 57968, 144902, 67785, 130018, 81127, 111696]",0
735,TRAIN,NORMAL,"[78301, 89407, 54333, 128603, 92691, 22796, 125051, 120185, 91950, 66021, 142971, 123609, 110555, 30132, 12932, 97103, 142842, 76266, 52376, 22069]",0
736,TRAIN,NORMAL,"[39798, 66991, 140202, 59514, 122546, 3651, 107359, 137812, 137867, 83366, 50872, 1603, 149555, 135029, 42540, 31801, 98557, 107819, 54711, 38887]",0
737,TRAIN,NORMAL,"[104157, 14688, 43833, 85072, 114635, 6911, 87545, 131603, 148682, 86598, 122278, 143685, 92934, 143838, 98708, 117057, 52246, 86005, 120020, 143960]",0
738,TRAIN,NORMAL,"[43417, 63916, 128254, 84191, 48722, 35402, 102640, 115666, 50936, 141211, 44402, 90130, 127894, 4586, 13091, 86760, 148227, 116808, 57661, 17552]",0
739,TRAIN,NORMAL,"[44488, 37154, 93059, 128565, 73779, 62964, 42019, 74587, 6522, 41293, 35503, 22978, 95776, 135031, 36019, 106457, 103600, 63863, 95212, 79772]",0
740,TRAIN,NORMAL,"[19371, 73479, 133627, 2526, 24250, 42171, 24294, 92326, 109642, 33903, 38221, 42468, 32590, 63833, 67972, 58047, 85005, 52075, 101608, 54024]",0
741,TRAIN,NORMAL,"[98850, 119545, 106889, 140380, 48911, 78604, 121082, 50565, 49850, 70464, 47468, 129769, 51537, 113624, 108854, 81502, 138236, 143707, 15787, 74226]",0
742,TRAIN,NORMAL,"[28849, 50407, 75999, 82944, 131390, 77841, 128777, 2940, 86819, 122792, 143684, 145482, 146455, 41828, 34770, 133082, 120088, 49955, 123206, 32678]",0
743,TRAIN,NORMAL,"[66217, 47118, 103264, 102695, 65964, 120907, 37683, 47132, 104593, 14276, 108026, 30669, 25266, 137826, 121766, 99136, 140182, 139956, 58454, 138629]",0
744,TRAIN,NORMAL,"[75443, 64560, 116763, 33197, 85680, 89623, 23265, 28219, 69241, 113116, 19428, 35293, 82689, 106809, 82467, 103589, 142687, 70351, 60896, 91055]",0
745,TRAIN,NORMAL,"[75606, 30922, 8691, 108331, 83223, 53768, 76140, 35124, 95149, 18499, 7219, 23905, 7259, 98694, 82447, 34390, 141608, 105278, 126737, 29927]",0
746,TRAIN,NORMAL,"[134022, 37259, 100263, 120397, 89695, 101147, 143225, 14669, 11291, 40559, 80757, 80657, 58240, 19448, 4187, 108193, 97794, 71713, 79591, 146629]",0
747,TRAIN,NORMAL,"[15292, 64586, 110809, 115263, 120968, 83847, 112803, 104672, 112819, 58620, 40914, 85849, 115190, 94774, 93083, 56681, 27320, 81433, 91330, 65455]",0
748,TRAIN,NORMAL,"[5584, 143607, 98558, 130543, 105939, 67327, 69480, 86542, 110120, 118331, 59783, 141347, 86751, 119031, 3193, 57800, 87281, 116785, 11317, 107854]",0
749,TRAIN,NORMAL,"[7099, 30812, 40223, 17455, 76696, 40934, 19525, 147664, 68696, 2614, 92322, 24545, 123554, 89649, 1909, 133126, 45999, 25133, 71654, 143884]",0
750,TRAIN,NORMAL,"[111189, 87540, 4600, 84537, 85763, 21290, 66026, 34896, 5286, 59857, 36454, 16162, 58561, 115455, 112455, 148462, 65074, 6696, 34918, 42454]",0
751,TRAIN,NORMAL,"[35484, 91955, 36291, 124697, 119897, 97271, 124903, 6647, 5767, 31904, 114297, 66359, 88969, 77693, 12696, 44748, 101274, 117010, 102368, 94745]",0
752,TRAIN,NORMAL,"[134012, 103100, 53269, 144593, 23513, 55527, 84309, 60173, 73239, 81081, 117020, 58932, 9121, 100696, 43098, 73549, 130957, 70400, 50643, 52617]",0
753,TRAIN,NORMAL,"[133387, 52191, 88769, 56442, 124466, 127029, 113523, 143611, 23526, 126311, 112024, 55750, 42362, 7361, 47084, 141196, 13644, 133299, 100859, 79574]",0
754,TRAIN,NORMAL,"[70382, 63493, 137659, 34888, 90752, 114389, 10218, 66034, 102190, 45824, 57960, 51033, 109490, 87055, 74563, 83625, 87118, 147163, 10011, 10632]",0
755,TRAIN,NORMAL,"[59428, 101127, 144559, 11644, 99668, 43008, 116229, 106620, 118708, 53800, 9888, 55831, 42348, 91545, 54557, 33919, 149586, 141779, 124558, 7980]",0
756,TRAIN,NORMAL,"[133020, 3757, 111686, 148314, 144320, 85980, 45533, 122008, 75353, 44351, 44321, 145812, 8372, 16351, 147419, 28227, 26806, 95203, 89099, 22630]",0
757,TRAIN,NORMAL,"[44796, 123044, 27987, 129153, 5001, 2536, 43684, 109585, 31630, 64446, 86632, 79511, 68785, 143604, 58806, 4421, 104996, 141804, 98753, 83880]",0
758,TRAIN,NORMAL,"[127484, 129702, 28538, 149749, 37982, 102725, 3494, 85015, 35194, 40568, 132453, 112234, 140669, 78516, 62219, 52520, 70913, 124799, 61401, 4846]",0
759,TRAIN,NORMAL,"[35630, 39670, 18424, 33673, 107106, 126066, 128585, 33925, 122726, 98638, 130595, 69969, 126244, 23335, 106670, 28203, 128349, 20654, 11942, 60453]",0
760,TRAIN,NORMAL,"[50011, 99969, 124243, 54065, 119973, 134978, 141937, 72055, 71282, 31652, 29441, 114324, 12168, 87684, 44645, 108715, 132089, 125177, 60089, 788]",0
761,TRAIN,NORMAL,"[91040, 14209, 10086, 131289, 117710, 139514, 127223, 130329, 135021, 61661, 100808, 141057, 6328, 87278, 25965, 47246, 14496, 44701, 146159, 24228]",0
762,TRAIN,NORMAL,"[129291, 22663, 54009, 142883, 115805, 47681, 81171, 61628, 80877, 14524, 75124, 94147, 95815, 78263, 2130, 59897, 73027, 104402, 116503, 80579]",0
763,TRAIN,NORMAL,"[79215, 127265, 49028, 26949, 120293, 1468, 111859, 23407, 109252, 77437, 103162, 24824, 108056, 76361, 143563, 101213, 48347, 36919, 32753, 141626]",0
764,TRAIN,NORMAL,"[6596, 79873, 109962, 146622, 21090, 81445, 83140, 101570, 79104, 19400, 70516, 9824, 47079, 103856, 10233, 128324, 119046, 28172, 140069, 17876]",0
765,TRAIN,NORMAL,"[43747, 28409, 77969, 64232, 51467, 33292, 149382, 96332, 16574, 23242, 140999, 12938, 37590, 46572, 139386, 16036, 47460, 18682, 104391, 77190]",0
766,TRAIN,NORMAL,"[3164, 55545, 66723, 20814, 92373, 79175, 131143, 204, 17857, 66066, 55249, 99651, 411, 2725, 50170, 69978, 89389, 6172, 10213, 24862]",0
767,TRAIN,NORMAL,"[127481, 148285, 66885, 42997, 139768, 47664, 137697, 134106, 88798, 14803, 139407, 69723, 106542, 16302, 81316, 55306, 91127, 66373, 83553, 15733]",0
768,TRAIN,NORMAL,"[97169, 44960, 122242, 109809, 12879, 16085, 15979, 54060, 85223, 130221, 77898, 100965, 113953, 29539, 9626, 100286, 48344, 144307, 140180, 81039]",0
769,TRAIN,NORMAL,"[105423, 21768, 34473, 83261, 99557, 40530, 335, 133202, 4512, 107015, 60624, 26953, 126712, 71823, 109914, 122157, 140474, 110694, 28885, 137785]",0
770,TRAIN,NORMAL,"[53651, 21619, 133528, 78710, 138209, 68121, 43435, 28735, 54138, 61987, 73620, 70826, 76418, 9907, 130111, 64263, 1794, 143028, 132830, 24167]",0
771,TRAIN,NORMAL,"[128284, 68423, 141637, 148352, 93303, 62578, 148997, 45929, 66803, 2211, 140757, 66760, 39429, 36756, 32935, 50861, 72061, 64980, 126749, 18834]",0
772,TRAIN,NORMAL,"[48901, 144197, 141851, 123035, 115320, 17260, 93421, 135137, 23272, 103847, 95121, 4434, 105291, 142524, 80336, 91941, 132998, 55278, 13603, 79402]",0
773,TRAIN,NORMAL,"[140870, 18513, 21408, 77624, 6924, 149055, 130048, 33267, 24705, 133473, 89608, 89300, 84540, 86401, 51499, 61432, 89817, 49982, 96649, 114098]",0
774,TRAIN,NORMAL,"[73970, 134750, 61976, 39902, 80868, 94887, 117444, 96152, 12357, 91098, 92688, 78609, 19325, 69930, 96067, 117102, 54095, 14509, 3328, 13258]",0
775,TRAIN,NORMAL,"[129231, 15603, 38869, 15241, 125042, 140018, 118532, 30187, 93974, 134814, 107587, 75076, 89003, 107049, 102546, 111674, 63894, 115706, 109298, 109828]",0
776,TRAIN,NORMAL,"[38201, 80634, 58083, 61918, 58259, 64019, 15696, 112775, 129165, 63702, 76957, 11364, 26653, 7326, 61122, 130156, 72139, 128391, 122030, 107801]",0
777,TRAIN,NORMAL,"[45305, 129346, 818, 15097, 50696, 52782, 82386, 6369, 37032, 95735, 93031, 25481, 57037, 81842, 119738, 84837, 30487, 93088, 122379, 124860]",0
778,TRAIN,NORMAL,"[73544, 123913, 47575, 60152, 77130, 19892, 43671, 133773, 24827, 42003, 123995, 85934, 21900, 37796, 113476, 139854, 66888, 121409, 21102, 65365]",0
779,TRAIN,NORMAL,"[3167, 106328, 13237, 136775, 123122, 22621, 83012, 9639, 112863, 29332, 132606, 136454, 114491, 104874, 143367, 61139, 51283, 26398, 149745, 127013]",0
780,TRAIN,NORMAL,"[94464, 86818, 58542, 113862, 62798, 28876, 24566, 30585, 17327, 146185, 146376, 53529, 148296, 82569, 121782, 122673, 36224, 24764, 79429, 78870]",0
781,TRAIN,NORMAL,"[131348, 39966, 97434, 105460, 26239, 51401, 101400, 18028, 18565, 960, 55010, 146172, 85149, 85222, 70769, 53192, 71441, 58262, 111652, 115995]",0
782,TRAIN,NORMAL,"[138934, 76013, 84377, 70309, 103915, 148689, 29845, 40621, 119137, 87738, 16486, 134939, 47187, 19282, 53492, 107445, 8035, 142437, 21477, 10048]",0
783,TRAIN,NORMAL,"[94915, 116853, 73272, 93773, 10142, 15231, 84083, 49887, 6736, 123826, 115579, 67270, 86030, 141201, 16760, 140200, 42480, 115089, 88552, 100457]",0
784,TRAIN,NORMAL,"[107716, 47526, 41214, 45190, 109726, 85581, 14837, 107723, 37684, 106019, 66789, 7384, 109170, 36164, 29589, 37090, 92031, 90007, 83724, 39777]",0
785,TRAIN,NORMAL,"[61899, 47778, 108686, 36954, 12419, 131845, 30303, 93650, 107989, 13659, 7962, 20371, 54822, 23248, 110134, 63391, 90784, 56672, 52276, 100355]",0
786,TRAIN,NORMAL,"[82337, 2380, 25530, 59505, 120634, 117934, 120486, 45629, 73118, 5303, 125542, 108419, 60787, 6815, 116200, 141874, 120717, 30246, 88539, 110434]",0
787,TRAIN,NORMAL,"[17257, 71117, 77262, 132472, 145473, 20827, 359, 149075, 71169, 36516, 100561, 17459, 130829, 16316, 22364, 14608, 50739, 111320, 18617, 32461]",0
788,TRAIN,NORMAL,"[77581, 77397, 31864, 67298, 114101, 111946, 56261, 8197, 26652, 135260, 101647, 99634, 131607, 67921, 57094, 16573, 92549, 31638, 127504, 132194]",0
789,TRAIN,NORMAL,"[129363, 86413, 68917, 43979, 13718, 86182, 48485, 109438, 48174, 34276, 29681, 100477, 104821, 140847, 128700, 121777, 42528, 119626, 138014, 25344]",0
790,TRAIN,NORMAL,"[69863, 112719, 95791, 10232, 72409, 113470, 33326, 36548, 78289, 36256, 113183, 104526, 95906, 51587, 146011, 26008, 11465, 29164, 97034, 127270]",0
791,TRAIN,NORMAL,"[68123, 34581, 141604, 3378, 69073, 143157, 53383, 75450, 43706, 65390, 90801, 37250, 78945, 136971, 43743, 143190, 138616, 100007, 75388, 84726]",0
792,TRAIN,NORMAL,"[102941, 88900, 97879, 26816, 54156, 32452, 40958, 143232, 106650, 62320, 33874, 59880, 93481, 81011, 123184, 21514, 127057, 64119, 149445, 79112]",0
793,TRAIN,NORMAL,"[17446, 31440, 88018, 22390, 133333, 91791, 38942, 11150, 55128, 50470, 106079, 145153, 36074, 9087, 49945, 29151, 20227, 76727, 144476, 25007]",0
794,TRAIN,NORMAL,"[109681, 42739, 138808, 33818, 24036, 1855, 54675, 146074, 103525, 66996, 4103, 422, 119469, 94543, 62124, 100528, 70028, 74485, 141121, 120445]",0
795,TRAIN,NORMAL,"[109989, 87233, 92461, 112601, 92197, 91935, 142588, 90321, 37749, 107753, 92957, 101337, 42839, 19968, 148455, 51880, 34627, 83707, 54918, 23525]",0
796,TRAIN,NORMAL,"[116841, 13065, 41200, 125395, 30529, 110013, 64442, 32188, 51154, 65201, 48991, 68854, 46405, 80484, 50623, 80272, 89232, 1372, 97586, 28731]",0
797,TRAIN,NORMAL,"[72641, 138241, 19280, 139078, 23622, 88284, 78995, 24795, 66313, 84445, 17825, 82707, 85696, 130966, 7061, 103964, 79933, 58966, 85226, 105015]",0
798,TRAIN,NORMAL,"[8535, 23708, 51004, 138505, 113340, 26979, 80686, 11589, 116541, 73141, 94746, 2956, 68005, 76553, 136290, 4591, 145275, 62211, 120955, 6918]",0
799,TRAIN,NORMAL,"[8321, 37320, 147942, 40545, 48109, 72472, 34735, 70877, 142417, 139674, 82096, 52597, 92279, 110710, 79874, 33653, 62527, 17142, 74499, 25814]",0
800,TRAIN,NORMAL,"[65073, 135604, 60862, 109380, 80658, 28090, 43911, 60607, 139720, 124407, 44849, 34659, 114094, 690, 93540, 30297, 100206, 97001, 133945, 97830]",0
801,TRAIN,NORMAL,"[6221, 142370, 54887, 60543, 49932, 149443, 40414, 78222, 80010, 16774, 119010, 41634, 87488, 118588, 79409, 97530, 138786, 66512, 83270, 148408]",0
802,TRAIN,NORMAL,"[72231, 57001, 109992, 90005, 101904, 59711, 145658, 90368, 105385, 7442, 122613, 75968, 12354, 76691, 139894, 3790, 80066, 105995, 138036, 48580]",0
803,TRAIN,NORMAL,"[25293, 98877, 20659, 21203, 3481, 19656, 130948, 111792, 32544, 46169, 83136, 27437, 100359, 116884, 82779, 24101, 141478, 134965, 21393, 41835]",0
804,TRAIN,NORMAL,"[31148, 62486, 138700, 56426, 65083, 109930, 91325, 117316, 113935, 55878, 87307, 20257, 124031, 40782, 93865, 80926, 149759, 80635, 111668, 32518]",0
805,TRAIN,NORMAL,"[35744, 128242, 34593, 138975, 32654, 134454, 61024, 118625, 104456, 139569, 54412, 88571, 71330, 111312, 12790, 61933, 8885, 131302, 19084, 37101]",0
806,TRAIN,NORMAL,"[70218, 46338, 60586, 35, 9761, 137579, 33928, 115572, 135015, 100424, 122571, 5700, 115094, 60208, 149429, 98449, 53604, 48519, 48814, 39728]",0
807,TRAIN,NORMAL,"[52091, 137551, 105208, 35400, 9634, 66209, 31487, 96925, 29967, 32279, 54664, 7620, 131721, 80952, 77172, 94089, 91602, 81346, 47595, 23434]",0
808,TRAIN,NORMAL,"[70747, 144099, 32344, 139501, 84317, 132609, 118193, 28467, 96927, 106611, 92472, 64616, 129831, 13968, 118459, 88096, 14215, 90667, 9514, 38073]",0
809,TRAIN,NORMAL,"[91975, 138876, 115912, 124624, 139746, 73383, 83165, 64512, 26646, 134806, 120575, 28559, 40956, 50388, 8081, 63395, 42900, 21110, 42798, 42355]",0
810,TRAIN,NORMAL,"[80706, 113640, 97417, 117690, 117633, 62094, 121471, 6717, 9808, 113059, 109862, 36604, 134485, 4937, 52016, 101458, 89905, 64707, 23867, 149567]",0
811,TRAIN,NORMAL,"[1713, 87477, 85469, 66400, 45148, 47052, 70240, 84312, 131925, 136604, 302, 149653, 36425, 134160, 111503, 86645, 94410, 99325, 102504, 242]",0
812,TRAIN,NORMAL,"[50550, 67426, 94588, 85020, 21851, 62230, 24510, 82059, 24099, 113887, 107200, 140844, 12070, 138444, 113289, 13906, 148181, 105253, 69046, 18061]",0
813,TRAIN,NORMAL,"[74558, 65332, 93907, 36750, 23038, 110894, 87970, 112052, 133359, 93638, 140149, 89633, 17225, 148895, 25362, 38501, 114486, 7467, 46703, 145250]",0
814,TRAIN,NORMAL,"[2091, 16246, 8789, 128069, 5925, 72564, 11189, 11174, 59202, 43328, 144368, 134200, 129356, 2166, 26011, 102978, 138061, 94621, 69824, 125184]",0
815,TRAIN,NORMAL,"[140782, 108509, 50915, 85772, 5104, 33180, 115976, 26812, 110557, 94507, 10331, 118343, 96974, 69239, 149489, 36566, 149581, 117609, 145151, 104684]",0
816,TRAIN,NORMAL,"[50144, 114571, 34264, 13399, 137306, 98401, 1671, 84364, 137585, 24019, 11138, 54541, 87120, 109803, 107606, 106599, 137293, 40609, 47426, 102392]",0
817,TRAIN,NORMAL,"[96465, 135572, 72100, 46206, 9621, 12618, 108505, 148503, 86660, 132057, 138050, 70715, 21155, 72506, 6922, 137811, 64525, 35681, 112462, 104420]",0
818,TRAIN,NORMAL,"[2343, 53729, 16375, 18419, 73638, 7970, 84363, 18744, 81226, 59804, 113617, 88832, 125269, 149487, 78412, 74023, 58869, 90825, 131797, 123180]",0
819,TRAIN,NORMAL,"[104600, 80631, 1121, 118319, 2513, 83824, 136105, 85048, 25941, 42887, 99812, 66348, 1923, 65117, 7617, 5187, 112409, 113165, 45477, 40206]",0
820,TRAIN,NORMAL,"[63602, 76744, 51066, 119562, 16919, 118098, 91399, 77985, 130922, 72746, 82365, 68248, 83266, 55822, 138799, 46326, 71049, 27678, 24917, 26249]",0
821,TRAIN,NORMAL,"[88326, 89766, 103673, 97061, 113067, 132707, 2903, 113912, 101905, 111765, 126035, 95002, 105050, 105109, 137110, 101620, 138374, 33277, 109288, 61763]",0
822,TRAIN,NORMAL,"[34717, 47226, 120278, 11202, 93426, 60379, 73824, 5037, 52225, 25359, 140429, 145524, 33869, 40707, 122735, 19914, 110779, 76792, 40699, 24191]",0
823,TRAIN,NORMAL,"[108933, 127861, 62959, 81646, 79671, 84944, 18734, 18608, 101942, 90561, 19805, 30066, 37759, 44406, 77954, 140162, 88233, 84898, 127217, 54745]",0
824,TRAIN,NORMAL,"[63798, 143219, 138713, 51304, 114981, 105687, 14658, 7784, 82960, 100469, 44077, 55423, 77690, 43148, 148987, 64621, 31232, 29364, 48246, 48215]",0
825,TRAIN,NORMAL,"[96355, 79415, 2942, 94311, 113867, 109335, 119806, 104476, 114578, 31112, 30000, 84654, 24951, 37388, 24092, 39229, 131309, 78072, 59032, 102819]",0
826,TRAIN,NORMAL,"[84080, 15079, 6082, 41419, 118719, 50454, 78068, 58540, 781, 135457, 136235, 110148, 15213, 34901, 29144, 86704, 128113, 127094, 19257, 89205]",0
827,TRAIN,NORMAL,"[72810, 21562, 131644, 116807, 16125, 27222, 93149, 59273, 125231, 15732, 37661, 119799, 84393, 138578, 83874, 111471, 101989, 46582, 114066, 30070]",0
828,TRAIN,NORMAL,"[8716, 46640, 47115, 10318, 84687, 48400, 57450, 81919, 112805, 146352, 128756, 13663, 24559, 35931, 124974, 107224, 29434, 85108, 42412, 35337]",0
829,TRAIN,NORMAL,"[145698, 117049, 54430, 361, 50775, 131294, 134003, 35592, 11517, 21801, 31383, 56393, 32874, 145162, 97664, 132353, 1839, 133994, 22745, 15984]",0
830,TRAIN,NORMAL,"[70701, 75453, 51563, 53173, 114931, 126095, 99230, 71918, 128951, 51024, 114701, 90917, 118356, 100098, 68536, 78935, 48377, 1731, 121395, 101167]",0
831,TRAIN,NORMAL,"[45755, 107879, 21927, 83782, 40279, 5904, 107165, 89236, 105601, 58220, 72177, 136003, 80964, 142465, 40063, 72669, 129505, 65406, 137522, 139615]",0
832,TRAIN,NORMAL,"[146701, 65316, 80125, 107591, 125003, 46163, 130944, 142699, 65542, 18826, 75072, 141944, 80060, 71414, 81797, 13085, 82892, 52769, 70892, 86604]",0
833,TRAIN,NORMAL,"[116659, 59589, 44142, 39597, 10255, 73092, 51450, 136975, 16421, 108723, 79274, 7019, 123860, 61249, 61590, 137843, 81313, 22357, 7609, 88665]",0
834,TRAIN,NORMAL,"[5912, 7276, 51602, 110375, 60469, 136177, 40411, 10861, 141167, 26160, 32412, 129266, 85354, 96264, 110321, 31632, 41116, 105985, 66236, 83536]",0
835,TRAIN,NORMAL,"[20916, 132749, 111536, 12458, 39032, 94636, 101919, 80359, 64152, 42573, 28433, 145030, 72417, 17119, 141729, 55987, 124987, 15942, 111303, 53344]",0
836,TRAIN,NORMAL,"[108092, 114376, 63790, 65632, 7586, 125973, 78683, 66847, 135364, 45070, 149628, 110845, 26386, 120474, 55694, 116360, 81472, 63283, 54655, 110071]",0
837,TRAIN,NORMAL,"[102197, 80674, 141554, 69883, 15775, 101764, 18845, 89582, 149498, 12818, 23214, 8844, 114848, 57767, 59132, 119067, 29230, 132582, 85037, 13017]",0
838,TRAIN,NORMAL,"[74758, 2644, 63275, 879, 11735, 25879, 103533, 127045, 144420, 144137, 48265, 69350, 22377, 146647, 118715, 28212, 122894, 2621, 112582, 102950]",0
839,TRAIN,NORMAL,"[115283, 17385, 100243, 138715, 107597, 32047, 96013, 9227, 26655, 137523, 75807, 17413, 91400, 84742, 126815, 25295, 115284, 22434, 63166, 107465]",0
840,TRAIN,NORMAL,"[135050, 67752, 80966, 102580, 125894, 60674, 77381, 96096, 111665, 129087, 144696, 53754, 62753, 148707, 41157, 30593, 95518, 96032, 67168, 85544]",0
841,TRAIN,NORMAL,"[121285, 121385, 94324, 53551, 104776, 97128, 134253, 121490, 57931, 100178, 78764, 104945, 1412, 119662, 20598, 34151, 117720, 92687, 9372, 88175]",0
842,TRAIN,NORMAL,"[117089, 59735, 129771, 123075, 73494, 24613, 114017, 117308, 93328, 120799, 41420, 71985, 115591, 7843, 42861, 30542, 53321, 44578, 132447, 114792]",0
843,TRAIN,NORMAL,"[16792, 93795, 28541, 59829, 123232, 7183, 46711, 96803, 21805, 129860, 79980, 126497, 140490, 38442, 94923, 33553, 103578, 103705, 110277, 100314]",0
844,TRAIN,NORMAL,"[144956, 48225, 62352, 52499, 27345, 22115, 28103, 145432, 2262, 149522, 122539, 126379, 25504, 135380, 27849, 140491, 78078, 40272, 35738, 136990]",0
845,TRAIN,NORMAL,"[88136, 99578, 16727, 113496, 10339, 72897, 24049, 6523, 55809, 17668, 116297, 63900, 75584, 35989, 57693, 27652, 81114, 89101, 91077, 148423]",0
846,TRAIN,NORMAL,"[59153, 99511, 86392, 87134, 36634, 116992, 18972, 29065, 45287, 78905, 94801, 71734, 99244, 40923, 32100, 149478, 146763, 38680, 125263, 148356]",0
847,TRAIN,NORMAL,"[124012, 138498, 62923, 15352, 103183, 30921, 78739, 67429, 61682, 29373, 149395, 64456, 90170, 49587, 72225, 129125, 77673, 39506, 96477, 1069]",0
848,TRAIN,NORMAL,"[31073, 136406, 50228, 137240, 34443, 82921, 81059, 25208, 20034, 148820, 126241, 815, 141862, 61072, 106453, 25249, 124982, 120944, 57409, 34434]",0
849,TRAIN,NORMAL,"[1180, 53823, 76144, 91229, 46457, 108717, 12073, 96172, 68465, 77208, 57467, 83571, 29956, 82276, 126993, 30241, 53858, 43970, 43709, 58493]",0
850,TRAIN,NORMAL,"[107021, 107630, 79732, 85439, 91474, 66928, 133607, 48305, 99476, 116224, 119885, 80602, 13247, 51732, 19344, 66518, 64278, 116386, 114020, 104045]",0
851,TRAIN,NORMAL,"[89367, 57719, 136205, 123225, 117624, 44489, 99860, 104993, 128025, 68503, 7763, 43313, 149668, 50299, 122025, 106137, 127971, 103617, 6382, 71156]",0
852,TRAIN,NORMAL,"[8781, 87449, 35521, 30555, 98786, 58734, 99392, 114840, 47796, 90580, 45304, 53265, 2087, 7607, 87210, 14540, 49744, 129686, 86423, 62273]",0
853,TRAIN,NORMAL,"[97609, 51560, 82107, 107658, 118021, 90902, 65035, 85198, 62205, 103101, 88934, 60854, 100024, 83317, 90386, 148658, 137917, 52696, 29806, 37606]",0
854,TRAIN,NORMAL,"[41675, 149494, 120167, 140933, 48125, 98982, 3151, 112909, 108168, 141679, 32523, 43793, 129543, 1501, 11368, 131940, 13011, 82926, 30879, 31563]",0
855,TRAIN,NORMAL,"[93349, 147099, 58361, 89909, 43126, 43881, 95048, 119803, 115024, 121004, 140953, 105135, 33942, 63242, 14068, 94847, 32145, 79958, 92054, 62569]",0
856,TRAIN,NORMAL,"[48853, 98274, 73037, 128527, 116617, 123240, 130498, 64568, 59203, 148272, 119083, 9094, 107869, 24756, 85501, 33428, 142371, 91395, 149710, 133930]",0
857,TRAIN,NORMAL,"[3555, 60096, 139184, 58777, 59616, 66843, 140344, 124673, 135259, 7727, 147508, 56248, 148738, 149735, 99822, 132414, 149347, 106305, 19061, 24591]",0
858,TRAIN,NORMAL,"[99837, 80825, 80220, 149274, 107714, 117314, 44266, 137771, 27186, 77171, 2900, 55970, 90481, 4026, 15333, 72304, 145636, 35086, 118104, 53091]",0
859,TRAIN,NORMAL,"[12844, 61128, 46379, 136008, 111691, 77111, 102639, 18460, 60159, 124507, 56340, 129362, 111759, 14939, 143599, 79054, 60538, 94769, 91500, 35268]",0
860,TRAIN,NORMAL,"[59542, 57459, 10076, 108348, 15594, 54786, 129625, 99545, 42838, 129106, 84493, 25792, 10378, 96887, 124530, 69204, 40315, 116824, 109268, 11162]",0
861,TRAIN,NORMAL,"[82088, 132541, 73591, 123787, 293, 35593, 77792, 13792, 37445, 19826, 53237, 183, 49603, 93471, 60566, 619, 140683, 108889, 3489, 148362]",0
862,TRAIN,NORMAL,"[128893, 20352, 92583, 92253, 43501, 37633, 47032, 21273, 114462, 1163, 35154, 123910, 18431, 18324, 126375, 143151, 147252, 143497, 65798, 139437]",0
863,TRAIN,NORMAL,"[23302, 83555, 146871, 1834, 87176, 33615, 77583, 141830, 86349, 17934, 55685, 89081, 34455, 122541, 40125, 121121, 19215, 43138, 61499, 142515]",0
864,TRAIN,NORMAL,"[66522, 49712, 78950, 101377, 108642, 5783, 70455, 62774, 3731, 53270, 54888, 31270, 93338, 142793, 15874, 72118, 3406, 116414, 140416, 103873]",0
865,TRAIN,NORMAL,"[149219, 98619, 48444, 125445, 25383, 64603, 66282, 73091, 93117, 66836, 102874, 3735, 142587, 1932, 38225, 93964, 105398, 72006, 116750, 50220]",0
866,TRAIN,NORMAL,"[58116, 65425, 18353, 87177, 68001, 95528, 110348, 78616, 828, 45875, 15564, 24730, 779, 90838, 87154, 84280, 92614, 119483, 83180, 320]",0
867,TRAIN,NORMAL,"[103055, 41016, 31602, 47211, 122663, 108712, 17683, 15313, 39381, 16311, 100805, 69136, 82788, 104701, 65325, 135990, 37822, 52368, 49956, 83777]",0
868,TRAIN,NORMAL,"[161, 18551, 72435, 122316, 26377, 28829, 67944, 129184, 122516, 67692, 11208, 64963, 68135, 9024, 97774, 97021, 91852, 119972, 2325, 130054]",0
869,TRAIN,NORMAL,"[4054, 94607, 40483, 119005, 3575, 140635, 134467, 37257, 87745, 67571, 27470, 99299, 47728, 106325, 54967, 53733, 116440, 115540, 15913, 36506]",0
870,TRAIN,NORMAL,"[105005, 63163, 129006, 94198, 83577, 91238, 132598, 67871, 143999, 46842, 16210, 137292, 24966, 29771, 105647, 39917, 11215, 27043, 12903, 59359]",0
871,TRAIN,NORMAL,"[43311, 74979, 3262, 36593, 26760, 31880, 29916, 12704, 90333, 20316, 28026, 45037, 5212, 21181, 25354, 36779, 118684, 95059, 17850, 62713]",0
872,TRAIN,NORMAL,"[28200, 113323, 12791, 107960, 26027, 96609, 107748, 42618, 67241, 34112, 38285, 133839, 8471, 68898, 120949, 145624, 26511, 148530, 7388, 2279]",0
873,TRAIN,NORMAL,"[52985, 76397, 64144, 92915, 111712, 102013, 121588, 105711, 86626, 104738, 36008, 75186, 126846, 141948, 3984, 67976, 39950, 105991, 15431, 4759]",0
874,TRAIN,NORMAL,"[59555, 2054, 33257, 119743, 31815, 10583, 38319, 144553, 76791, 20075, 132451, 144340, 10958, 4203, 50501, 147275, 51094, 122179, 73731, 109576]",0
875,TRAIN,NORMAL,"[13838, 52814, 56787, 45986, 145239, 138219, 103389, 48480, 96195, 92458, 87935, 41894, 73136, 8796, 47380, 58171, 57091, 81154, 97619, 111639]",0
876,TRAIN,NORMAL,"[54715, 46167, 41490, 59952, 128696, 65810, 1355, 124026, 88888, 31047, 65373, 35039, 62182, 39717, 110571, 77931, 92895, 81247, 115588, 102862]",0
877,TRAIN,NORMAL,"[29296, 58672, 60106, 137125, 48060, 40696, 99301, 75916, 93940, 6151, 113231, 77116, 65154, 51448, 147978, 33136, 66003, 46525, 144020, 41236]",0
878,TRAIN,NORMAL,"[144548, 52649, 147944, 125483, 68490, 34666, 29835, 54742, 131104, 118330, 145806, 67231, 140161, 66291, 103351, 14638, 125746, 117244, 142170, 41085]",0
879,TRAIN,NORMAL,"[96417, 144492, 88614, 89049, 18641, 26501, 125215, 126569, 57257, 109208, 6282, 104359, 25360, 136652, 86685, 143925, 61859, 110104, 12730, 49571]",0
880,TRAIN,NORMAL,"[62191, 77538, 102813, 33667, 128917, 42031, 118142, 57820, 27688, 135618, 17292, 89998, 36070, 77564, 50276, 91265, 33047, 61068, 135813, 15765]",0
881,TRAIN,NORMAL,"[122946, 87703, 69107, 15392, 149330, 60554, 43588, 78498, 99159, 115931, 56727, 37118, 146554, 91145, 30933, 15225, 130496, 76429, 21429, 95045]",0
882,TRAIN,NORMAL,"[37651, 83263, 6121, 23002, 46924, 52522, 61324, 76400, 135598, 86911, 15401, 96981, 36652, 71101, 103125, 35747, 61268, 102551, 58951, 52009]",0
883,TRAIN,NORMAL,"[111069, 143223, 59709, 91205, 23050, 74878, 66447, 139963, 110066, 78111, 58069, 116188, 52406, 17762, 104648, 55724, 98252, 120305, 112711, 128590]",0
884,TRAIN,NORMAL,"[133859, 97977, 37455, 31518, 136076, 137574, 109516, 64111, 89194, 20921, 65358, 107292, 70182, 126493, 26486, 102599, 123408, 139149, 97939, 59079]",0
885,TRAIN,NORMAL,"[53746, 102752, 126515, 125742, 129296, 86026, 87681, 64396, 143941, 125969, 78298, 70369, 35557, 136956, 91878, 51, 47624, 148773, 138091, 111756]",0
886,TRAIN,NORMAL,"[7755, 143936, 31029, 27676, 32075, 111960, 125484, 96901, 56700, 97837, 90663, 44365, 30378, 122817, 44673, 100182, 47163, 8170, 100575, 145104]",0
887,TRAIN,NORMAL,"[139678, 13714, 38956, 15202, 44012, 3513, 34085, 101908, 71590, 139876, 88403, 98409, 135937, 100198, 62633, 117646, 72751, 65128, 60484, 67192]",0
888,TRAIN,NORMAL,"[142906, 45799, 49636, 106379, 20079, 20926, 53699, 16494, 147615, 93622, 59790, 12088, 143772, 80167, 110981, 12086, 2831, 79620, 12072, 42487]",0
889,TRAIN,NORMAL,"[79913, 28860, 100434, 101203, 110382, 5219, 102168, 146873, 61665, 114796, 89913, 82175, 85873, 114771, 106850, 66167, 2657, 146810, 35265, 61136]",0
890,TRAIN,NORMAL,"[99393, 113996, 61235, 15222, 43844, 127470, 119310, 92621, 80905, 23782, 55369, 40602, 46894, 31407, 142304, 107601, 130730, 76331, 120000, 57330]",0
891,TRAIN,NORMAL,"[133705, 47210, 19726, 120711, 39184, 125417, 66621, 120155, 91468, 72343, 118099, 71647, 25304, 93259, 132480, 16817, 66533, 36850, 7001, 95972]",0
892,TRAIN,NORMAL,"[32066, 103000, 30578, 115970, 51711, 93080, 126098, 19012, 48687, 131936, 110168, 136185, 99956, 40762, 87392, 130785, 144759, 41100, 75883, 29646]",0
893,TRAIN,NORMAL,"[31821, 80806, 135008, 14975, 36803, 127311, 39148, 95268, 110278, 109637, 143235, 36062, 1496, 127649, 40399, 111576, 30496, 114269, 89054, 9300]",0
894,TRAIN,NORMAL,"[19841, 128317, 103914, 136640, 7828, 63367, 51484, 88652, 79265, 28690, 85659, 14704, 26299, 74335, 87025, 135463, 97141, 130910, 86075, 51529]",0
895,TRAIN,NORMAL,"[1569, 35223, 146978, 143174, 11616, 110428, 141793, 107938, 138581, 108099, 94535, 130603, 89760, 43542, 62511, 82968, 28956, 50050, 89770, 95417]",0
896,TRAIN,NORMAL,"[13727, 113695, 140422, 47721, 104481, 71568, 42192, 75810, 3217, 101550, 90002, 30971, 138832, 72542, 34436, 68495, 79746, 95942, 75520, 12579]",0
897,TRAIN,NORMAL,"[114592, 117970, 48241, 75978, 134214, 42106, 74082, 3665, 13658, 44650, 39258, 38199, 134414, 2914, 34216, 95440, 48629, 142939, 121279, 132359]",0
898,TRAIN,NORMAL,"[119652, 98141, 51462, 37016, 54369, 6414, 4160, 131423, 57355, 145571, 3918, 73038, 26154, 86551, 3889, 103308, 79550, 48896, 28458, 142998]",0
899,TRAIN,NORMAL,"[53815, 48600, 127503, 28249, 58348, 88146, 121556, 102206, 114972, 82176, 62739, 116181, 62043, 84732, 127831, 14318, 95304, 15725, 97246, 81329]",0
900,TRAIN,NORMAL,"[86036, 3837, 125859, 136422, 68691, 91525, 49847, 49667, 114120, 23621, 118102, 138485, 59868, 10194, 117865, 37595, 57982, 38568, 123279, 38785]",0
901,TRAIN,NORMAL,"[141233, 31243, 115983, 58587, 98537, 73213, 102514, 15531, 15176, 90365, 22407, 148088, 24385, 43535, 126099, 71598, 116454, 78561, 124664, 11343]",0
902,TRAIN,NORMAL,"[129957, 56830, 147649, 138369, 34587, 23644, 42865, 26357, 86961, 57993, 99660, 42920, 93420, 102254, 126395, 47498, 32828, 135900, 78389, 12910]",0
903,TRAIN,NORMAL,"[68155, 124528, 16755, 72341, 142162, 114717, 112069, 123548, 40269, 11010, 4802, 89846, 99297, 59020, 130152, 33785, 23920, 9416, 139106, 81403]",0
904,TRAIN,NORMAL,"[5952, 47581, 129188, 71594, 20982, 132679, 123628, 29769, 15394, 111911, 26735, 146711, 9346, 8690, 16811, 46685, 85394, 124044, 103498, 142855]",0
905,TRAIN,NORMAL,"[93564, 38974, 16812, 13460, 87614, 104394, 56575, 11366, 109815, 14488, 69128, 34144, 88974, 132389, 91336, 83339, 120578, 141236, 87389, 97152]",0
906,TRAIN,NORMAL,"[50860, 140483, 32135, 114254, 18646, 41346, 141048, 9142, 91688, 18174, 72752, 140052, 89370, 145143, 72093, 13368, 63278, 115062, 69867, 42158]",0
907,TRAIN,NORMAL,"[92813, 7473, 71451, 3951, 35691, 1548, 107603, 95811, 39462, 107314, 12301, 99007, 117256, 131954, 139711, 126158, 13679, 135220, 98220, 137054]",0
908,TRAIN,NORMAL,"[97150, 109601, 47614, 112552, 61856, 56881, 30121, 43795, 116168, 5924, 15956, 35260, 34631, 24273, 52644, 15842, 105676, 138506, 19106, 18656]",0
909,TRAIN,NORMAL,"[5957, 35963, 58989, 44690, 12109, 70856, 41977, 1509, 42948, 142177, 83639, 132134, 73851, 74154, 145146, 77231, 99831, 144342, 99600, 95607]",0
910,TRAIN,NORMAL,"[33976, 22855, 49841, 119458, 1326, 5151, 86641, 101506, 19004, 34225, 115628, 13547, 76934, 24169, 55484, 69804, 89268, 116621, 126485, 142344]",0
911,TRAIN,NORMAL,"[40675, 105193, 59244, 135149, 73926, 16778, 91294, 140948, 145550, 115906, 10964, 16677, 76795, 124137, 148834, 50615, 35451, 52875, 73193, 94642]",0
912,TRAIN,NORMAL,"[91622, 113532, 90559, 70910, 38716, 25919, 130931, 140419, 42485, 26166, 2042, 104894, 125771, 2960, 90432, 141607, 120303, 57874, 66972, 104239]",0
913,TRAIN,NORMAL,"[86737, 33480, 21292, 14128, 110305, 83040, 146421, 19310, 61947, 67173, 17519, 62819, 94865, 118772, 3269, 17763, 2520, 127969, 30928, 23820]",0
914,TRAIN,NORMAL,"[70855, 120436, 107081, 10590, 14833, 130447, 85585, 6710, 91568, 70255, 27023, 33338, 71422, 38578, 115303, 59064, 7360, 120603, 42388, 145798]",0
915,TRAIN,NORMAL,"[81909, 74617, 19451, 37281, 121641, 39974, 105877, 120312, 92698, 78805, 127202, 63774, 128509, 109942, 50251, 117312, 45559, 103486, 106122, 7218]",0
916,TRAIN,NORMAL,"[108457, 49040, 59367, 68994, 126679, 70376, 113967, 60018, 10909, 34760, 79155, 61279, 134661, 56834, 138180, 17050, 81053, 109500, 27117, 60053]",0
917,TRAIN,NORMAL,"[11765, 30795, 103239, 97233, 25564, 39340, 114456, 20244, 104262, 35012, 120343, 38311, 15059, 5391, 137313, 5429, 148039, 135696, 57835, 116207]",0
918,TRAIN,NORMAL,"[97522, 8123, 70186, 42578, 92058, 26519, 36079, 96340, 31715, 104294, 68919, 90124, 6499, 72805, 11977, 19907, 37026, 3083, 129101, 88547]",0
919,TRAIN,NORMAL,"[104191, 31772, 145122, 84490, 27248, 73376, 10155, 121866, 76948, 123222, 75279, 119752, 118428, 17488, 142059, 103478, 4350, 8482, 87317, 134824]",0
920,TRAIN,NORMAL,"[69444, 103903, 9250, 143956, 12471, 148182, 29630, 35244, 91895, 51124, 57902, 57531, 86585, 17996, 64062, 1537, 54645, 109967, 72567, 96128]",0
921,TRAIN,NORMAL,"[113104, 95124, 93034, 101409, 135191, 121939, 93488, 140207, 109912, 5199, 138273, 131480, 136061, 95980, 56992, 6471, 72432, 63029, 101690, 145540]",0
922,TRAIN,NORMAL,"[47238, 129643, 97066, 107545, 102448, 105979, 46523, 118127, 86063, 98444, 19692, 118596, 65858, 149271, 101224, 98361, 98527, 70107, 146393, 30392]",0
923,TRAIN,NORMAL,"[14624, 40715, 96547, 33411, 48044, 78657, 80493, 24711, 64341, 12765, 28426, 128674, 83600, 30300, 62630, 23255, 6157, 69901, 65917, 57646]",0
924,TRAIN,NORMAL,"[143359, 102238, 115794, 22844, 18609, 81279, 34756, 76508, 88349, 26481, 60845, 41452, 107793, 4158, 142293, 36064, 29092, 56517, 52511, 81050]",0
925,TRAIN,NORMAL,"[13682, 19796, 143610, 81625, 44552, 111254, 13596, 21178, 80114, 30903, 109580, 45789, 42718, 51165, 125571, 97321, 47219, 137335, 144884, 130246]",0
926,TRAIN,NORMAL,"[39884, 122074, 113359, 130514, 76398, 37974, 41088, 81350, 39304, 20676, 15663, 147045, 99655, 117492, 55917, 85562, 36966, 25152, 79556, 11421]",0
927,TRAIN,NORMAL,"[10117, 147604, 102744, 77012, 139738, 122144, 96178, 101889, 21903, 116325, 137172, 108646, 1055, 112972, 25200, 114871, 25903, 126888, 134845, 23860]",0
928,TRAIN,NORMAL,"[63973, 105734, 38284, 120267, 68965, 132959, 94487, 83955, 88938, 143384, 112347, 20153, 7026, 112034, 15205, 44496, 101637, 54133, 118469, 120273]",0
929,TRAIN,NORMAL,"[44634, 110087, 95007, 60233, 46985, 87578, 131159, 69848, 81587, 138841, 58706, 46226, 32848, 41723, 33102, 13892, 111490, 6020, 134278, 1919]",0
930,TRAIN,NORMAL,"[103514, 27321, 123236, 17136, 55882, 42349, 77636, 131800, 34744, 57940, 32987, 125940, 65514, 48776, 146154, 55730, 119909, 2709, 65975, 82573]",0
931,TRAIN,NORMAL,"[10306, 137282, 72162, 107962, 146199, 59684, 8964, 128344, 136586, 24634, 147257, 16497, 61041, 88207, 52051, 29258, 127191, 122256, 137838, 74774]",0
932,TRAIN,NORMAL,"[40030, 34913, 72957, 117987, 95157, 143692, 61962, 15950, 119679, 108235, 81190, 93196, 89053, 135397, 65020, 131999, 18918, 88438, 77259, 60608]",0
933,TRAIN,NORMAL,"[115703, 45814, 7597, 1806, 118264, 51995, 92244, 110069, 112619, 57178, 4572, 102803, 115317, 10877, 565, 77092, 50293, 117490, 40599, 119112]",0
934,TRAIN,NORMAL,"[3947, 19328, 37649, 126717, 41440, 115407, 28549, 63556, 101667, 65307, 140620, 14748, 76342, 124741, 75838, 21655, 51904, 83862, 114071, 718]",0
935,TRAIN,NORMAL,"[124758, 115593, 95076, 8386, 50461, 102207, 11850, 106057, 33683, 40452, 130462, 36185, 36734, 117779, 55659, 42322, 89917, 102909, 68859, 26563]",0
936,TRAIN,NORMAL,"[27352, 135242, 12773, 62779, 19032, 41662, 66106, 140152, 61185, 125550, 937, 139131, 24298, 42875, 72637, 30581, 120191, 21241, 47787, 135156]",0
937,TRAIN,NORMAL,"[6394, 27476, 34075, 45085, 54988, 133218, 21583, 5892, 51547, 46946, 88435, 79471, 35027, 24753, 55794, 7311, 96900, 24235, 57350, 13585]",0
938,TRAIN,NORMAL,"[77016, 14359, 51354, 3708, 124955, 11737, 76257, 48512, 46889, 4074, 52831, 41273, 54283, 44899, 22010, 146738, 58494, 75452, 40043, 73820]",0
939,TRAIN,NORMAL,"[61527, 88545, 73302, 78998, 111203, 52192, 72083, 57405, 120936, 55948, 74153, 16922, 78396, 33611, 103988, 113688, 130144, 117900, 61182, 45484]",0
940,TRAIN,NORMAL,"[7809, 6460, 48303, 52897, 2350, 20732, 110412, 86285, 88099, 39121, 49237, 11872, 28311, 75944, 118676, 71896, 43440, 78989, 29023, 117009]",0
941,TRAIN,NORMAL,"[94211, 6605, 50130, 6374, 129450, 77309, 102954, 81866, 147366, 11339, 67700, 28513, 4414, 112501, 30576, 101309, 87646, 148301, 55134, 136756]",0
942,TRAIN,NORMAL,"[55826, 106298, 84728, 92047, 83060, 81276, 47363, 117026, 142668, 24097, 68216, 30152, 44956, 5198, 15529, 55270, 132391, 39444, 137944, 93005]",0
943,TRAIN,NORMAL,"[89443, 109448, 134703, 124683, 61329, 53465, 118847, 115473, 117742, 145943, 136679, 141234, 81851, 37305, 41361, 31171, 33815, 108021, 84755, 81249]",0
944,TRAIN,NORMAL,"[77980, 1129, 82371, 91107, 75707, 61768, 23925, 66964, 149090, 116467, 132634, 116339, 105382, 54325, 33640, 87956, 10976, 88920, 2759, 1999]",0
945,TRAIN,NORMAL,"[16078, 12691, 123734, 86912, 125652, 115006, 117230, 105654, 61745, 78642, 60517, 109092, 113662, 107405, 126984, 146819, 10097, 108588, 56960, 96118]",0
946,TRAIN,NORMAL,"[89578, 149645, 44910, 133012, 87599, 93212, 88186, 3517, 24413, 58498, 111553, 5840, 85695, 111853, 105494, 136607, 63200, 129208, 45877, 51245]",0
947,TRAIN,NORMAL,"[61077, 129237, 121531, 20211, 142328, 33964, 121801, 19837, 126805, 88996, 13311, 55937, 51877, 8830, 109991, 3711, 68261, 65804, 74577, 89532]",0
948,TRAIN,NORMAL,"[31649, 21994, 33659, 76135, 23102, 147383, 10200, 132121, 71507, 37864, 139528, 120473, 15534, 125666, 132493, 86059, 139484, 1009, 138451, 119821]",0
949,TRAIN,NORMAL,"[37680, 74190, 140420, 13101, 39924, 117777, 110163, 67492, 144353, 145155, 31986, 56870, 71662, 43050, 40283, 120895, 15495, 31705, 54092, 104192]",0
950,TRAIN,NORMAL,"[49164, 134154, 12267, 45430, 70450, 118063, 121220, 21391, 135204, 49391, 122507, 109284, 129695, 28874, 138310, 130216, 149286, 112656, 77423, 112239]",0
951,TRAIN,NORMAL,"[95709, 51726, 16309, 104338, 116206, 124235, 147784, 70951, 148495, 30231, 66475, 112036, 65111, 6822, 84547, 59240, 61759, 14427, 54869, 112953]",0
952,TRAIN,NORMAL,"[7683, 26722, 129193, 80237, 105234, 126787, 110685, 76263, 748, 17044, 80574, 91496, 68153, 65094, 148395, 43740, 66530, 72865, 61442, 41882]",0
953,TRAIN,NORMAL,"[139782, 76831, 49968, 27969, 42690, 129218, 118647, 121085, 23625, 104663, 50451, 39356, 58293, 124880, 40054, 45102, 146379, 106154, 113606, 80368]",0
954,TRAIN,NORMAL,"[140852, 120095, 83584, 62580, 136579, 110701, 13941, 8288, 48034, 37787, 34795, 43686, 68990, 25253, 85229, 32611, 45793, 44440, 10341, 100022]",0
955,TRAIN,NORMAL,"[112875, 111277, 87746, 70256, 136136, 120760, 43669, 1606, 129392, 67894, 51962, 117580, 137793, 145415, 1091, 46555, 34558, 20652, 105197, 40064]",0
956,TRAIN,NORMAL,"[115850, 84548, 149339, 124476, 135843, 44747, 126421, 6244, 90103, 19453, 22805, 16290, 20165, 34554, 70239, 144162, 83570, 55439, 69193, 30258]",0
957,TRAIN,NORMAL,"[118910, 7988, 15419, 68714, 19252, 28520, 114674, 117941, 78535, 80746, 63183, 133989, 121447, 139483, 120809, 89013, 109482, 74358, 25178, 85014]",0
958,TRAIN,NORMAL,"[77691, 20698, 72776, 73153, 114323, 31167, 140153, 22926, 24780, 114637, 103691, 48624, 91680, 33408, 143092, 57943, 111145, 30205, 138382, 56584]",0
959,TRAIN,NORMAL,"[101909, 31236, 70366, 64776, 85874, 7989, 94273, 45872, 19002, 139589, 12976, 32327, 89032, 81034, 14592, 34146, 108787, 15655, 20485, 136704]",0
960,TRAIN,NORMAL,"[45994, 140964, 20795, 15750, 107115, 44229, 122912, 88387, 146512, 38766, 82453, 32053, 50393, 58942, 19149, 10250, 102670, 9102, 73765, 73554]",0
961,TRAIN,NORMAL,"[133129, 146125, 7088, 124449, 66230, 13122, 65139, 53276, 64727, 123989, 144001, 38810, 85122, 124172, 87175, 72136, 114543, 60476, 139371, 73210]",0
962,TRAIN,NORMAL,"[56141, 43953, 138613, 63309, 95118, 76176, 146893, 3054, 13416, 131301, 60074, 101384, 104501, 43340, 89228, 36160, 112499, 132951, 116904, 103587]",0
963,TRAIN,NORMAL,"[45566, 133247, 93780, 47608, 145545, 33449, 119306, 131719, 43779, 124829, 121114, 145529, 107888, 117951, 94420, 130110, 74112, 121763, 144754, 36783]",0
964,TRAIN,NORMAL,"[90641, 42651, 53780, 108320, 128450, 132130, 8405, 71164, 80218, 41986, 30690, 9243, 128732, 40349, 115784, 117667, 65684, 34961, 86701, 8446]",0
965,TRAIN,NORMAL,"[105624, 78271, 30055, 2406, 44267, 35290, 73421, 14239, 80219, 146821, 125858, 4148, 43545, 47818, 32707, 76981, 38, 37107, 43494, 103092]",0
966,TRAIN,NORMAL,"[100149, 143781, 10582, 145346, 15147, 145913, 91348, 127461, 118616, 60137, 17476, 19402, 112962, 1607, 74170, 78341, 62558, 41778, 18631, 8976]",0
967,TRAIN,NORMAL,"[146275, 80309, 69036, 113200, 75691, 90800, 32648, 27721, 101066, 116954, 144541, 136754, 127864, 28726, 102821, 115126, 25802, 137589, 52372, 146548]",0
968,TRAIN,NORMAL,"[22778, 70852, 138683, 107577, 142882, 41190, 104788, 31746, 127910, 80652, 70238, 124464, 50308, 55430, 47665, 122955, 55915, 20532, 96427, 32]",0
969,TRAIN,NORMAL,"[134780, 34987, 85408, 49624, 115056, 63103, 32281, 11003, 108905, 35543, 46744, 122626, 121164, 45675, 11871, 84581, 43133, 135266, 139398, 114795]",0
970,TRAIN,NORMAL,"[123577, 79038, 35498, 116678, 32900, 13835, 27384, 54453, 133716, 36659, 63876, 71045, 130176, 125865, 110119, 121070, 107391, 7064, 19769, 34479]",0
971,TRAIN,NORMAL,"[132911, 95499, 75814, 63996, 94796, 148572, 71772, 68642, 55254, 98808, 71110, 10612, 27689, 89105, 7793, 67369, 66040, 70149, 24991, 126019]",0
972,TRAIN,NORMAL,"[94209, 8904, 143501, 70682, 95382, 68515, 77670, 34339, 78772, 117401, 132592, 6639, 108112, 37131, 47820, 92389, 73122, 19275, 11588, 106726]",0
973,TRAIN,NORMAL,"[117796, 41363, 95153, 45922, 40101, 43360, 46832, 4745, 29837, 107655, 50043, 51736, 70143, 130308, 131981, 1191, 96093, 52128, 38777, 124842]",0
974,TRAIN,NORMAL,"[133598, 104117, 128143, 131089, 133013, 36999, 41744, 62203, 46927, 52244, 139692, 71627, 119571, 37502, 59479, 70470, 106950, 6219, 33215, 27602]",0
975,TRAIN,NORMAL,"[82181, 60345, 48277, 70698, 816, 112561, 19098, 62078, 79507, 49867, 10206, 92977, 67401, 90893, 94122, 62587, 138596, 82828, 101185, 54326]",0
976,TRAIN,NORMAL,"[106849, 111882, 113533, 147582, 70447, 91984, 107269, 80824, 133170, 105701, 21652, 76111, 3438, 112135, 102371, 103373, 37804, 63382, 43957, 132789]",0
977,TRAIN,NORMAL,"[56425, 133289, 124462, 52333, 40642, 127074, 26413, 85482, 83085, 143848, 32607, 54599, 103598, 134832, 32271, 76771, 101865, 26584, 57245, 78955]",0
978,TRAIN,NORMAL,"[43380, 96644, 77422, 17124, 123662, 49766, 19185, 90224, 16157, 119890, 125842, 41447, 11828, 33123, 1965, 25485, 121853, 112431, 148382, 14391]",0
979,TRAIN,NORMAL,"[89408, 25807, 80302, 76335, 95926, 144348, 93808, 58583, 138317, 125270, 11716, 127726, 50707, 74712, 29293, 142860, 47192, 121337, 115139, 39890]",0
980,TRAIN,NORMAL,"[85118, 104373, 64407, 110653, 139706, 106694, 102176, 43689, 30313, 80768, 106970, 22124, 73856, 130566, 53763, 9, 118248, 146211, 81921, 70660]",0
981,TRAIN,NORMAL,"[26647, 19715, 60398, 69827, 30656, 40744, 60082, 19599, 145225, 46715, 127300, 125259, 137902, 84583, 83326, 61732, 925, 28848, 122473, 51489]",0
982,TRAIN,NORMAL,"[33133, 24798, 149362, 21554, 38544, 98050, 65882, 45397, 140603, 120446, 21858, 5152, 70341, 69439, 39207, 36333, 71603, 111539, 85107, 73405]",0
983,TRAIN,NORMAL,"[63069, 142043, 4812, 55329, 36936, 84123, 118116, 30642, 4664, 64422, 128191, 109088, 125331, 23613, 111084, 69262, 39750, 8032, 125268, 132232]",0
984,TRAIN,NORMAL,"[128918, 91642, 4220, 30476, 55943, 40323, 136834, 97003, 19727, 31030, 142301, 27348, 3084, 141062, 67721, 105388, 89529, 30210, 98417, 117144]",0
985,TRAIN,NORMAL,"[104698, 111708, 138993, 8410, 113671, 62202, 101987, 19467, 123401, 135086, 101878, 19417, 143623, 104223, 68565, 57862, 75211, 67728, 80807, 94279]",0
986,TRAIN,NORMAL,"[105787, 137136, 149552, 26947, 111301, 97019, 8514, 77704, 106124, 86596, 66311, 92495, 27844, 22644, 33676, 31484, 83061, 106765, 134554, 35587]",0
987,TRAIN,NORMAL,"[23540, 120872, 23397, 73771, 117062, 63536, 8266, 120393, 137862, 53544, 144306, 41572, 32388, 110806, 85170, 838, 125248, 126698, 82837, 137773]",0
988,TRAIN,NORMAL,"[60042, 30129, 53992, 111064, 122731, 92319, 53579, 111646, 97511, 126021, 23213, 111950, 17123, 55064, 14866, 37103, 3605, 92249, 111008, 108736]",0
989,TRAIN,NORMAL,"[16080, 121632, 147141, 47035, 115848, 32775, 19166, 57177, 51106, 136950, 11025, 105454, 105012, 136769, 109553, 28020, 126793, 88512, 113085, 129475]",0
990,TRAIN,NORMAL,"[63784, 53322, 85963, 109885, 13556, 18439, 77210, 24425, 107550, 136152, 115069, 23500, 11796, 89933, 31595, 25830, 88815, 60926, 109667, 73854]",0
991,TRAIN,NORMAL,"[51368, 46897, 1322, 124653, 109618, 48155, 66048, 99085, 87623, 119199, 58000, 56766, 132435, 59264, 14163, 148788, 63871, 89867, 22135, 68675]",0
992,TRAIN,NORMAL,"[56117, 100925, 137333, 74083, 7981, 68433, 9556, 21692, 100766, 95485, 67881, 148451, 4738, 90539, 66335, 70712, 32331, 23339, 33084, 95112]",0
993,TRAIN,NORMAL,"[143617, 38720, 1958, 87115, 29312, 70396, 32319, 7417, 68732, 59876, 138800, 21447, 89644, 41103, 45808, 143018, 58661, 6252, 142833, 114774]",0
994,TRAIN,NORMAL,"[5208, 49484, 39990, 24029, 98072, 20311, 99344, 75349, 54697, 49415, 56299, 88411, 40383, 119389, 50886, 13430, 88958, 122130, 37922, 54365]",0
995,TRAIN,NORMAL,"[15055, 109731, 126953, 11696, 137373, 138546, 123335, 7119, 10199, 113332, 111692, 39641, 140718, 86427, 122755, 53335, 145166, 67464, 64248, 108198]",0
996,TRAIN,NORMAL,"[59738, 120163, 26918, 69410, 44217, 47450, 38190, 102096, 8337, 40029, 63221, 84749, 601, 42287, 77188, 91176, 16935, 53796, 3259, 124934]",0
997,TRAIN,NORMAL,"[129565, 106171, 69449, 114631, 84249, 124572, 28330, 144498, 28062, 34451, 62712, 99602, 139670, 95100, 36852, 65914, 62828, 67847, 59205, 81009]",0
998,TRAIN,NORMAL,"[68309, 92653, 118182, 16213, 73931, 35849, 142787, 115898, 118980, 52681, 48532, 35420, 99763, 132832, 2551, 97323, 28102, 148580, 57824, 41184]",0
999,TRAIN,NORMAL,"[94025, 79897, 92751, 54908, 49118, 126331, 44109, 53665, 65746, 10391, 148363, 42936, 145538, 36059, 59954, 71387, 48269, 53018, 78957, 79711]",0
1000,TRAIN,ATTACK_ONSET,"[134632, 124414, 27819, 77432, 35204, 33202, 90142, 4079, 119947, 21174, 73785, 2104, 84155, 112922, 33973, 51040, 85045, 16438, 8278, 67150]",1
1001,TRAIN,ATTACK_ONSET,"[53440, 113168, 13327, 28620, 5480, 126752, 53255, 38180, 5693, 147448, 642, 37811, 145748, 138881, 77463, 46173, 21678, 23392, 109741, 143284]",1
1002,TRAIN,ATTACK_ONSET,"[129074, 61474, 13313, 94230, 94241, 105650, 26291, 68930, 69131, 142137, 74246, 68116, 79664, 63408, 12314, 61846, 58630, 80849, 140727, 44354]",1
1003,TRAIN,ATTACK_ONSET,"[57182, 16986, 124526, 87408, 130988, 73981, 87192, 88519, 97687, 148943, 42767, 12566, 67312, 135947, 90758, 110909, 15507, 79489, 84261, 66222]",1
1004,TRAIN,ATTACK_ONSET,"[69108, 64352, 6270, 51588, 24461, 117196, 80586, 62509, 137840, 88303, 93590, 61629, 89440, 26983, 61558, 25977, 123708, 22192, 104806, 99093]",1
1005,TRAIN,ATTACK_ONSET,"[105360, 119640, 135679, 88479, 136979, 90618, 62653, 144749, 116078, 145131, 123138, 114242, 32776, 50924, 21684, 62491, 147733, 68292, 69106, 38275]",1
1006,TRAIN,ATTACK_ONSET,"[137747, 8138, 55885, 98282, 26436, 36048, 97284, 16518, 49061, 92390, 130915, 61955, 130268, 34121, 21731, 101747, 124552, 13227, 66714, 71741]",1
1007,TRAIN,ATTACK_ONSET,"[45997, 91382, 48182, 22369, 91199, 122508, 56694, 67655, 90824, 98739, 100267, 33740, 50820, 113595, 38470, 41053, 91340, 86046, 86261, 60704]",1
1008,TRAIN,ATTACK_ONSET,"[37781, 80984, 28133, 70540, 6980, 71211, 87521, 18889, 13283, 133788, 92391, 22160, 111236, 72879, 119294, 141584, 140213, 13535, 118823, 132642]",1
1009,TRAIN,ATTACK_ONSET,"[67178, 112824, 77071, 137111, 37381, 120604, 117992, 138957, 89969, 50199, 87351, 145673, 70245, 2058, 29641, 55499, 53677, 106549, 143794, 94897]",1
1010,TRAIN,ATTACK_ONSET,"[23190, 102884, 74314, 119556, 29759, 98859, 34508, 28574, 67755, 73710, 55158, 36024, 64404, 140650, 32482, 121242, 94399, 48488, 101680, 80222]",1
1011,TRAIN,ATTACK_ONSET,"[79681, 5093, 115082, 109191, 115845, 139627, 137400, 75780, 144554, 147422, 77285, 100851, 72719, 10693, 101368, 89337, 64134, 97170, 116699, 106448]",1
1012,TRAIN,ATTACK_ONSET,"[27018, 96635, 95042, 8506, 144294, 99236, 115908, 146506, 66654, 45373, 52955, 3257, 59512, 16984, 41227, 113053, 25658, 34894, 128109, 88844]",1
1013,TRAIN,ATTACK_ONSET,"[116930, 112676, 31636, 61758, 31026, 93359, 80692, 103812, 99696, 87108, 63684, 77454, 80584, 133207, 14116, 84930, 43887, 88646, 15349, 149675]",1
1014,TRAIN,ATTACK_ONSET,"[66967, 137795, 137757, 69406, 45677, 87244, 147010, 24830, 78092, 106174, 144455, 147884, 73791, 81818, 22268, 9775, 73584, 27697, 48424, 20561]",1
1015,TRAIN,ATTACK_ONSET,"[50865, 27260, 40697, 133190, 46762, 58314, 101376, 140546, 128747, 138439, 143070, 58961, 118533, 141970, 48068, 96053, 121871, 93239, 146727, 125452]",1
1016,TRAIN,ATTACK_ONSET,"[25705, 38573, 63733, 118809, 146584, 80233, 79861, 3045, 120836, 61819, 4185, 92486, 135493, 91109, 41605, 97657, 138109, 89728, 146550, 88494]",1
1017,TRAIN,ATTACK_ONSET,"[101228, 54718, 112526, 84529, 67777, 40721, 33399, 106344, 74896, 102010, 122678, 14129, 11617, 72179, 36983, 46389, 64938, 134651, 79725, 86837]",1
1018,TRAIN,ATTACK_ONSET,"[131384, 9298, 4152, 76251, 56048, 149741, 97532, 9088, 144954, 1581, 85008, 57022, 98284, 131918, 138738, 63261, 5774, 58918, 106259, 33176]",1
1019,TRAIN,ATTACK_ONSET,"[129340, 33999, 5944, 147372, 140130, 10607, 49042, 105960, 76488, 79884, 69050, 7499, 149132, 56861, 70528, 76082, 111009, 53741, 146878, 7722]",1
1020,TRAIN,ATTACK_ONSET,"[56322, 114370, 52325, 91004, 27064, 28457, 45093, 11670, 83854, 27540, 147492, 117224, 45150, 5323, 104611, 97777, 100383, 34308, 77112, 78196]",1
1021,TRAIN,ATTACK_ONSET,"[144380, 145406, 71901, 118217, 65607, 144839, 89502, 36322, 9352, 89479, 149839, 47699, 63920, 59949, 76080, 60202, 32082, 79885, 46176, 97478]",1
1022,TRAIN,ATTACK_ONSET,"[40363, 18226, 119029, 37895, 70533, 37211, 142681, 149279, 15571, 123834, 38955, 138426, 9959, 67668, 58099, 65585, 143530, 42095, 37321, 19806]",1
1023,TRAIN,ATTACK_ONSET,"[132444, 43484, 2549, 75429, 2261, 91614, 91416, 64483, 58723, 33736, 49283, 8735, 144372, 15878, 71554, 115334, 82943, 119072, 29492, 100712]",1
1024,TRAIN,ATTACK_ONSET,"[443, 103948, 85211, 16656, 12448, 129767, 104142, 69048, 114258, 29838, 659, 58393, 68284, 19898, 137725, 94210, 11193, 54229, 103136, 13243]",1
1025,TRAIN,ATTACK_ONSET,"[138038, 54527, 28859, 59341, 92183, 35115, 4230, 66915, 95635, 142714, 80070, 104137, 20028, 87427, 87768, 3234, 27435, 82798, 98047, 41482]",1
1026,TRAIN,ATTACK_ONSET,"[11106, 58771, 23419, 41093, 83324, 32360, 8696, 127041, 71246, 13131, 102412, 132114, 115238, 128579, 104796, 64973, 37691, 40230, 21540, 47198]",1
1027,TRAIN,ATTACK_ONSET,"[42356, 6669, 104327, 117404, 1829, 22727, 52684, 118294, 110299, 20471, 32090, 130355, 39979, 59417, 83558, 141726, 125415, 76698, 44000, 42545]",1
1028,TRAIN,ATTACK_ONSET,"[1718, 10450, 51279, 34630, 67060, 23063, 82014, 32287, 90681, 98612, 114572, 83084, 146471, 140452, 21092, 127926, 91599, 24998, 6263, 148048]",1
1029,TRAIN,ATTACK_ONSET,"[10650, 12948, 4395, 56069, 106191, 44845, 5873, 44700, 38070, 107044, 100279, 118867, 140332, 96755, 10301, 84274, 71445, 49166, 32988, 143205]",1
1030,TRAIN,ATTACK_ONSET,"[32743, 89042, 68833, 132073, 33889, 148209, 7805, 63147, 107103, 85987, 109685, 107653, 104176, 137905, 96329, 44963, 116522, 148241, 575, 62301]",1
1031,TRAIN,ATTACK_ONSET,"[76844, 71766, 48343, 27911, 70059, 47230, 134201, 3364, 112042, 74887, 46425, 74599, 27906, 34626, 16962, 34188, 41096, 103332, 32394, 20454]",1
1032,TRAIN,ATTACK_ONSET,"[69538, 40196, 143133, 124902, 92870, 76258, 143101, 74689, 72665, 43822, 98854, 40510, 64226, 94226, 19188, 71605, 23610, 96926, 68786, 79606]",1
1033,TRAIN,ATTACK_ONSET,"[70937, 27482, 99590, 106502, 52751, 87209, 67822, 69523, 113685, 36290, 100633, 21438, 84806, 148289, 29130, 55632, 148594, 75853, 53813, 50292]",1
1034,TRAIN,ATTACK_ONSET,"[42259, 31463, 81026, 45524, 60928, 8147, 133056, 72072, 118045, 129731, 117259, 42633, 103346, 75183, 119123, 131298, 102572, 93194, 59293, 128159]",1
1035,TRAIN,ATTACK_ONSET,"[141840, 89710, 97159, 5450, 21970, 122132, 39720, 41339, 54799, 32903, 53723, 102618, 34748, 57058, 83063, 8549, 33697, 37489, 91405, 85493]",1
1036,TRAIN,ATTACK_ONSET,"[147409, 120151, 52203, 94462, 100577, 53797, 148086, 113317, 58133, 3036, 75957, 133445, 140394, 92624, 102426, 69846, 71549, 16566, 80780, 58035]",1
1037,TRAIN,ATTACK_ONSET,"[83799, 57300, 93835, 12438, 88715, 72907, 26619, 75562, 123248, 11253, 125020, 86114, 134671, 116674, 94883, 122073, 61086, 71667, 39014, 2176]",1
1038,TRAIN,ATTACK_ONSET,"[6202, 120398, 96293, 35253, 81723, 37263, 60102, 87770, 20074, 25241, 85028, 91579, 53722, 284, 87558, 103517, 136462, 52772, 101296, 99547]",1
1039,TRAIN,ATTACK_ONSET,"[111590, 14380, 74241, 144335, 24840, 129616, 117151, 8320, 147593, 68727, 139597, 78762, 125880, 3294, 80006, 12153, 21293, 88867, 93445, 40619]",1
1040,TRAIN,ATTACK_ONSET,"[134656, 117415, 37891, 40123, 50798, 42418, 69677, 23934, 72714, 114583, 15707, 87587, 126343, 139860, 119586, 17430, 53010, 17632, 27445, 52549]",1
1041,TRAIN,ATTACK_ONSET,"[64846, 46729, 91041, 64254, 67249, 112253, 92955, 145899, 126989, 137532, 32669, 88760, 47488, 18817, 71335, 36063, 30336, 69995, 100724, 16046]",1
1042,TRAIN,ATTACK_ONSET,"[75923, 145662, 58207, 933, 85504, 138991, 3387, 99781, 64166, 44171, 93725, 55341, 30826, 59975, 45955, 59228, 4382, 57501, 74086, 36956]",1
1043,TRAIN,ATTACK_ONSET,"[89531, 109926, 7343, 95571, 102242, 43584, 140632, 18905, 104474, 122112, 5164, 86526, 47439, 9891, 65596, 71081, 99235, 135377, 125131, 43973]",1
1044,TRAIN,ATTACK_ONSET,"[5061, 3148, 106483, 83717, 144656, 58310, 32725, 9740, 57893, 100376, 114445, 43782, 69573, 143286, 116873, 77022, 107034, 124451, 116561, 103482]",1
1045,TRAIN,ATTACK_ONSET,"[106314, 74736, 18313, 54008, 41493, 122959, 98489, 142182, 22684, 122712, 122079, 55771, 133377, 39221, 52704, 61012, 145916, 35874, 130532, 89748]",1
1046,TRAIN,ATTACK_ONSET,"[46567, 24324, 114175, 132438, 136049, 101317, 111192, 99825, 81383, 35640, 112930, 106211, 114996, 100211, 129560, 134846, 42923, 42809, 33936, 17221]",1
1047,TRAIN,ATTACK_ONSET,"[55803, 104853, 49251, 69618, 111537, 60921, 114668, 19351, 134645, 91786, 23450, 123871, 17080, 103883, 125817, 28614, 121092, 129124, 28317, 129161]",1
1048,TRAIN,ATTACK_ONSET,"[52650, 66403, 147337, 115399, 100012, 59328, 104706, 34419, 106150, 902, 99807, 143324, 17264, 129384, 127116, 24897, 35347, 20991, 59472, 7299]",1
1049,TRAIN,ATTACK_ONSET,"[99588, 127858, 144011, 127771, 11117, 123218, 105509, 136972, 92868, 11477, 65143, 36856, 13180, 106916, 82961, 69451, 111914, 114540, 68671, 57145]",1
1050,TRAIN,ATTACK_ONSET,"[134857, 87069, 39290, 148990, 57746, 16836, 124408, 30131, 2804, 142706, 43011, 126810, 65850, 74724, 23680, 14279, 6236, 103950, 95397, 108731]",1
1051,TRAIN,ATTACK_ONSET,"[71557, 87456, 102185, 41404, 21442, 107384, 10483, 9065, 45730, 49743, 1114, 34256, 108775, 34124, 134373, 98136, 47293, 135723, 70961, 52039]",1
1052,TRAIN,ATTACK_ONSET,"[86096, 29627, 72559, 47384, 132584, 83565, 127402, 72446, 73534, 102264, 76381, 27188, 105759, 146238, 44135, 132087, 7823, 108785, 75948, 140382]",1
1053,TRAIN,ATTACK_ONSET,"[66498, 7869, 125962, 77054, 76949, 141226, 84232, 55677, 107922, 78542, 100299, 117307, 68449, 97451, 124616, 96168, 111392, 30724, 17451, 58851]",1
1054,TRAIN,ATTACK_ONSET,"[13286, 1845, 99227, 134817, 57882, 148586, 50295, 69404, 95254, 7030, 17166, 64206, 128261, 3965, 140601, 19720, 58368, 89872, 21285, 94495]",1
1055,TRAIN,ATTACK_ONSET,"[20527, 68033, 46204, 64696, 145526, 9303, 12709, 93792, 118199, 50904, 113315, 29308, 107077, 34846, 96486, 5994, 96361, 74787, 87091, 130664]",1
1056,TRAIN,ATTACK_ONSET,"[32366, 53258, 59168, 119819, 131181, 109040, 99231, 125193, 140352, 50174, 102959, 134149, 149044, 149179, 29200, 64103, 67949, 149651, 33613, 138244]",1
1057,TRAIN,ATTACK_ONSET,"[2160, 117028, 147531, 141629, 74660, 19987, 81958, 94128, 1071, 63909, 76327, 101589, 123933, 75006, 36772, 33363, 98093, 100525, 103982, 105625]",1
1058,TRAIN,ATTACK_ONSET,"[93028, 134882, 149869, 28578, 83659, 25538, 121345, 148552, 88347, 19875, 131225, 110782, 93747, 57866, 142815, 14257, 49446, 122503, 147398, 40119]",1
1059,TRAIN,ATTACK_ONSET,"[143233, 28216, 62356, 23787, 13175, 116871, 33707, 3400, 37060, 110531, 24863, 79944, 93983, 132516, 138053, 3685, 77326, 40324, 109414, 131374]",1
1060,TRAIN,ATTACK_ONSET,"[24548, 31701, 66100, 114169, 93468, 47893, 33587, 67147, 45043, 3201, 75301, 143193, 109764, 116830, 56203, 113361, 38769, 78773, 8959, 43759]",1
1061,TRAIN,ATTACK_ONSET,"[136929, 43030, 114179, 143429, 140171, 29412, 65619, 112669, 22865, 85098, 121680, 115531, 63341, 44508, 93748, 13702, 74977, 146510, 123545, 5428]",1
1062,TRAIN,ATTACK_ONSET,"[30810, 28938, 86829, 50778, 38708, 11931, 141461, 54651, 99833, 4748, 50434, 99465, 30597, 1760, 113273, 78027, 146277, 25937, 71712, 26263]",1
1063,TRAIN,ATTACK_ONSET,"[91310, 81197, 120471, 1589, 112882, 43237, 47804, 114244, 54842, 13889, 89363, 40657, 93218, 70546, 136753, 25545, 13823, 106779, 121240, 88330]",1
1064,TRAIN,ATTACK_ONSET,"[62869, 10475, 83621, 126250, 144581, 9238, 114346, 119143, 54829, 26517, 31427, 88219, 58854, 66350, 7250, 109649, 95864, 26504, 137592, 36141]",1
1065,TRAIN,ATTACK_ONSET,"[139259, 133045, 27334, 57414, 118724, 63289, 40082, 133619, 117153, 78742, 120587, 17914, 56550, 136693, 131147, 66719, 24909, 129618, 73598, 73805]",1
1066,TRAIN,ATTACK_ONSET,"[87562, 119554, 57476, 127023, 42808, 53187, 147743, 45706, 59887, 129921, 61356, 6920, 126904, 17823, 4184, 39497, 33141, 9653, 122513, 18705]",1
1067,TRAIN,ATTACK_ONSET,"[95052, 4212, 80613, 65564, 55738, 2951, 128855, 108053, 118425, 61833, 90998, 90870, 53668, 80199, 31571, 99867, 103740, 12398, 2813, 90876]",1
1068,TRAIN,ATTACK_ONSET,"[126230, 123587, 141045, 44965, 110538, 24823, 14874, 97151, 15538, 115299, 124993, 38753, 123213, 125110, 55521, 68814, 143266, 51835, 22085, 1574]",1
1069,TRAIN,ATTACK_ONSET,"[69685, 53769, 47042, 133204, 69795, 98332, 77592, 29587, 44800, 112586, 104484, 125642, 8187, 26581, 30805, 85365, 30499, 119393, 36080, 91173]",1
1070,TRAIN,ATTACK_ONSET,"[117713, 124285, 84212, 37264, 125903, 145311, 65973, 81082, 103877, 15478, 23195, 12226, 82683, 123945, 68113, 70048, 105486, 64672, 98532, 101064]",1
1071,TRAIN,ATTACK_ONSET,"[70063, 141997, 139840, 20900, 121035, 1842, 11417, 87834, 97758, 18628, 127757, 5053, 71820, 31476, 136667, 26807, 6618, 109101, 85984, 37663]",1
1072,TRAIN,ATTACK_ONSET,"[124503, 146173, 118178, 101544, 79208, 146427, 66046, 129432, 46144, 28067, 104408, 125149, 93443, 126774, 128210, 51777, 105775, 133376, 17561, 12873]",1
1073,TRAIN,ATTACK_ONSET,"[84415, 27093, 4573, 42065, 4065, 42523, 39988, 138928, 12077, 78413, 11998, 121667, 19015, 15801, 18019, 16948, 57759, 95552, 50619, 15308]",1
1074,TRAIN,ATTACK_ONSET,"[147186, 5820, 78565, 124248, 101408, 31168, 125731, 72331, 121982, 55903, 133639, 18862, 60733, 52247, 123800, 10946, 69341, 34959, 22605, 7377]",1
1075,TRAIN,ATTACK_ONSET,"[98762, 128758, 86156, 148835, 120791, 136189, 98044, 95910, 67644, 100720, 23707, 3840, 61410, 139507, 122892, 41748, 45520, 90738, 73379, 107336]",1
1076,TRAIN,ATTACK_ONSET,"[30380, 39856, 135954, 6162, 25667, 88377, 76854, 36823, 113899, 22772, 35530, 2996, 5233, 111863, 26843, 126226, 85110, 24534, 47005, 130872]",1
1077,TRAIN,ATTACK_ONSET,"[117038, 137171, 97369, 127932, 131706, 45336, 13945, 27360, 108665, 31394, 20409, 102205, 95374, 71831, 38289, 109529, 39194, 149877, 132420, 145554]",1
1078,TRAIN,ATTACK_ONSET,"[88025, 132872, 45175, 66837, 65895, 104190, 84800, 11279, 67415, 71486, 37471, 5565, 82129, 13602, 94486, 3730, 148130, 68583, 4935, 128891]",1
1079,TRAIN,ATTACK_ONSET,"[11052, 107824, 119499, 82169, 80004, 27590, 126081, 78114, 80044, 71093, 123927, 57021, 145024, 21389, 109466, 117651, 41003, 25580, 140, 106903]",1
1080,TRAIN,ATTACK_ONSET,"[131627, 77529, 95986, 27786, 106224, 146079, 131443, 6336, 13858, 101670, 90101, 52663, 113481, 78926, 149012, 41762, 93302, 138373, 107647, 108866]",1
1081,TRAIN,ATTACK_ONSET,"[25632, 122259, 93308, 77267, 97826, 138677, 120048, 136373, 128294, 101517, 131907, 32253, 97536, 79375, 99167, 116177, 136162, 103940, 22312, 114619]",1
1082,TRAIN,ATTACK_ONSET,"[90916, 92437, 86810, 143869, 29494, 91963, 8343, 37569, 134271, 115644, 71108, 13252, 126567, 68680, 101587, 122243, 37555, 135114, 23913, 98142]",1
1083,TRAIN,ATTACK_ONSET,"[100364, 53787, 56554, 1650, 8660, 47019, 17026, 69335, 146565, 30640, 145344, 18763, 85827, 143049, 128048, 147680, 121418, 59025, 57304, 73951]",1
1084,TRAIN,ATTACK_ONSET,"[41470, 68471, 92034, 117387, 63354, 132747, 28050, 93530, 53705, 35428, 98792, 55825, 116096, 49038, 126834, 50961, 32552, 29514, 146641, 28716]",1
1085,TRAIN,ATTACK_ONSET,"[27099, 61541, 76788, 116813, 58338, 105968, 137280, 117391, 4862, 76842, 106794, 48238, 123828, 115361, 31316, 106342, 15265, 29068, 111975, 111184]",1
1086,TRAIN,ATTACK_ONSET,"[2948, 130331, 23932, 81360, 104815, 61632, 101527, 54500, 65753, 110425, 76497, 36624, 103194, 22820, 76234, 48357, 17120, 145908, 88771, 112198]",1
1087,TRAIN,ATTACK_ONSET,"[108253, 56046, 89831, 892, 86289, 140342, 48964, 104053, 20851, 80014, 38374, 75085, 102377, 50682, 117232, 643, 106776, 101229, 30449, 96205]",1
1088,TRAIN,ATTACK_ONSET,"[147751, 96262, 125529, 114741, 48530, 58710, 19132, 115244, 100107, 116182, 65610, 20458, 39898, 140312, 42147, 17399, 12183, 140818, 36513, 42890]",1
1089,TRAIN,ATTACK_ONSET,"[23722, 84196, 104926, 105859, 71512, 96002, 137512, 137612, 8262, 32060, 101252, 5404, 72390, 96862, 134720, 107059, 75324, 90756, 128042, 54000]",1
1090,TRAIN,ATTACK_ONSET,"[86887, 43910, 115035, 54469, 56670, 98161, 72187, 5401, 108327, 33455, 127919, 45300, 138370, 101, 15128, 63961, 16335, 80133, 81140, 117161]",1
1091,TRAIN,ATTACK_ONSET,"[94097, 114058, 107469, 100173, 90331, 115034, 27259, 128384, 29205, 141482, 15900, 103420, 16492, 36899, 131315, 1596, 74816, 112417, 89993, 145472]",1
1092,TRAIN,ATTACK_ONSET,"[94264, 102820, 64729, 132186, 61433, 95061, 92478, 37530, 78608, 140042, 147323, 62810, 64255, 33445, 15911, 3463, 118292, 19833, 34772, 34330]",1
1093,TRAIN,ATTACK_ONSET,"[96937, 76049, 8177, 135785, 143760, 6150, 3899, 17796, 90810, 75666, 25608, 55756, 55896, 132825, 81892, 38446, 138402, 96289, 30040, 9723]",1
1094,TRAIN,ATTACK_ONSET,"[80486, 66166, 133439, 108890, 100255, 72152, 103459, 49308, 22142, 148156, 60636, 48698, 14691, 133785, 107181, 84929, 67461, 141620, 36885, 58061]",1
1095,TRAIN,ATTACK_ONSET,"[9408, 142695, 140150, 144725, 1787, 116473, 76944, 102161, 85282, 35891, 133483, 39341, 57221, 91970, 130924, 140584, 91374, 134257, 2167, 80933]",1
1096,TRAIN,ATTACK_ONSET,"[138831, 12707, 3010, 148397, 25339, 83334, 24690, 48774, 73360, 102737, 42252, 52264, 34258, 81900, 109331, 118641, 97721, 25539, 37849, 43084]",1
1097,TRAIN,ATTACK_ONSET,"[7060, 59587, 97129, 91283, 134187, 37944, 95306, 63433, 46369, 118060, 129751, 41384, 56570, 60450, 118451, 82243, 40220, 47007, 105715, 90968]",1
1098,TRAIN,ATTACK_ONSET,"[125423, 98150, 11720, 65350, 13191, 84347, 124307, 21958, 99727, 16907, 44088, 38958, 15866, 39588, 56514, 71536, 144795, 35610, 109893, 131428]",1
1099,TRAIN,ATTACK_ONSET,"[92480, 5231, 17738, 7627, 131098, 103252, 91811, 111065, 54217, 53397, 58988, 112138, 51918, 53467, 16348, 90906, 44107, 9179, 141318, 68029]",1
1100,TRAIN,ATTACK_ONSET,"[56801, 50127, 103733, 60057, 66612, 129018, 22645, 136726, 144194, 146502, 19425, 112309, 107166, 111979, 128720, 27056, 95450, 44328, 109259, 113088]",1
1101,TRAIN,ATTACK_ONSET,"[75949, 89041, 110022, 56376, 13151, 67739, 77696, 132580, 24861, 87958, 123921, 148183, 104417, 56737, 140093, 113522, 19758, 68023, 127991, 30022]",1
1102,TRAIN,ATTACK_ONSET,"[75591, 84176, 53773, 109361, 39057, 39456, 112567, 39241, 113058, 19974, 43267, 104782, 18632, 145652, 16465, 119522, 114499, 55501, 2736, 117873]",1
1103,TRAIN,ATTACK_ONSET,"[61602, 46896, 108040, 135974, 17626, 18544, 122392, 126836, 91061, 35479, 39483, 117348, 40321, 112314, 84778, 36098, 67416, 143889, 58663, 121393]",1
1104,TRAIN,ATTACK_ONSET,"[50973, 14701, 39030, 91824, 119889, 99010, 108908, 105431, 31219, 141664, 106075, 36648, 68777, 111415, 149836, 54590, 92129, 41896, 53398, 9722]",1
1105,TRAIN,ATTACK_ONSET,"[74446, 12496, 118900, 127595, 23551, 8300, 93046, 133771, 95051, 75597, 133611, 115676, 143090, 78835, 76620, 35694, 81683, 12364, 70667, 64307]",1
1106,TRAIN,ATTACK_ONSET,"[21579, 85563, 24340, 31314, 1838, 114437, 99544, 29272, 119275, 126946, 100446, 31097, 93079, 45949, 129091, 40023, 24106, 19971, 57791, 16773]",1
1107,TRAIN,ATTACK_ONSET,"[74621, 149642, 89796, 458, 120554, 35769, 65170, 74742, 51268, 106161, 146267, 123330, 139333, 68527, 112316, 34738, 15669, 114294, 56598, 23989]",1
1108,TRAIN,ATTACK_ONSET,"[72463, 35196, 34135, 52163, 60049, 42039, 58018, 4877, 21783, 143824, 4347, 36711, 72240, 83056, 33235, 75096, 50266, 96568, 28954, 70890]",1
1109,TRAIN,ATTACK_ONSET,"[99573, 106468, 85677, 1708, 40811, 142172, 123611, 29786, 123526, 99201, 100344, 58065, 108083, 21884, 108256, 71872, 10600, 87074, 72277, 7711]",1
1110,TRAIN,ATTACK_ONSET,"[119812, 145934, 86703, 34283, 54495, 82950, 23243, 80927, 60437, 99408, 66508, 126006, 111767, 40120, 92656, 62305, 119934, 10258, 128611, 135467]",1
1111,TRAIN,ATTACK_ONSET,"[148768, 69173, 19990, 127075, 46782, 115909, 35307, 74768, 97037, 127733, 89197, 101601, 29250, 77230, 143550, 12966, 79424, 81133, 36722, 81402]",1
1112,TRAIN,ATTACK_ONSET,"[104502, 74410, 86922, 113822, 1482, 54678, 102482, 46294, 75839, 82177, 74531, 122655, 59015, 6173, 102401, 32694, 20285, 11707, 15215, 13160]",1
1113,TRAIN,ATTACK_ONSET,"[146177, 60878, 61569, 64072, 3482, 59476, 99137, 146570, 110010, 89740, 94224, 132077, 84566, 133831, 93711, 116910, 11961, 29236, 102711, 4063]",1
1114,TRAIN,ATTACK_ONSET,"[140227, 53468, 92499, 62586, 144267, 5322, 114769, 51895, 47679, 20183, 99087, 102824, 81473, 101646, 36866, 23719, 20908, 52472, 51232, 94768]",1
1115,TRAIN,ATTACK_ONSET,"[99782, 54807, 12577, 140970, 149620, 111006, 43642, 145237, 113526, 106364, 57567, 121087, 81538, 90854, 48787, 4694, 141059, 67830, 120639, 33595]",1
1116,TRAIN,ATTACK_ONSET,"[141742, 47922, 102895, 1177, 75213, 141298, 84952, 64304, 20404, 66351, 129903, 84388, 98812, 110715, 122737, 26934, 76408, 30397, 97469, 57680]",1
1117,TRAIN,ATTACK_ONSET,"[120391, 139571, 78820, 39220, 66114, 114220, 55911, 73440, 12219, 117142, 126581, 44375, 79898, 79886, 1974, 117250, 111120, 76649, 33037, 104447]",1
1118,TRAIN,ATTACK_ONSET,"[57524, 37269, 126625, 33844, 64295, 149549, 80050, 53182, 1183, 42329, 87345, 95888, 59590, 81602, 130159, 45016, 3003, 66427, 140860, 40773]",1
1119,TRAIN,ATTACK_ONSET,"[23256, 53937, 4335, 100677, 121935, 54913, 50758, 85531, 118245, 64751, 20785, 109226, 64611, 83681, 106247, 91774, 77383, 96882, 53795, 78628]",1
1120,TRAIN,ATTACK_ONSET,"[87452, 41019, 14630, 23147, 57186, 71250, 142921, 89213, 149096, 10090, 109810, 10327, 23174, 143441, 119209, 7414, 50793, 112035, 131753, 116775]",1
1121,TRAIN,ATTACK_ONSET,"[52456, 42088, 68497, 117782, 33254, 1497, 95848, 129668, 71365, 104959, 68036, 11463, 88887, 110488, 147641, 30571, 54068, 52365, 116113, 73332]",1
1122,TRAIN,ATTACK_ONSET,"[98876, 11877, 82051, 64620, 54361, 12119, 23400, 5541, 42616, 23669, 110834, 37518, 82706, 140930, 46983, 110480, 86002, 57042, 85848, 84575]",1
1123,TRAIN,ATTACK_ONSET,"[106891, 38334, 21668, 105978, 62617, 144973, 117027, 143673, 53213, 49931, 34017, 9852, 145893, 18102, 62537, 6054, 77616, 71132, 68730, 116443]",1
1124,TRAIN,ATTACK_ONSET,"[103616, 103760, 136199, 120896, 8899, 98736, 14357, 126621, 97393, 134014, 114460, 29399, 2697, 71077, 104939, 83728, 50645, 45195, 28132, 57970]",1
1125,TRAIN,ATTACK_ONSET,"[40115, 93170, 16733, 129884, 47379, 125249, 4041, 137487, 117947, 67640, 74604, 41681, 14982, 83420, 33952, 98550, 48765, 33832, 76868, 128338]",1
1126,TRAIN,ATTACK_ONSET,"[87037, 71497, 77088, 5608, 100762, 74987, 19466, 86102, 137166, 16615, 82504, 1132, 59775, 24556, 53020, 33526, 103294, 97776, 76308, 146851]",1
1127,TRAIN,ATTACK_ONSET,"[127863, 103560, 72642, 95849, 17637, 114318, 57587, 130602, 73533, 110938, 90358, 80923, 143152, 78304, 88402, 76559, 62145, 106324, 97453, 24143]",1
1128,TRAIN,ATTACK_ONSET,"[132909, 21924, 35173, 27333, 59444, 66297, 73937, 99415, 23785, 138391, 68801, 7154, 131409, 11810, 48108, 64448, 114561, 59150, 121438, 31054]",1
1129,TRAIN,ATTACK_ONSET,"[62348, 119044, 143944, 136296, 68531, 100262, 38011, 135873, 42200, 57018, 104167, 209, 102269, 63204, 73564, 18025, 143658, 114189, 115216, 86850]",1
1130,TRAIN,ATTACK_ONSET,"[79850, 124694, 19864, 103455, 10534, 112860, 58681, 36724, 131444, 95524, 66270, 93184, 75943, 87050, 127897, 483, 106842, 16746, 113158, 53706]",1
1131,TRAIN,ATTACK_ONSET,"[78134, 77018, 66089, 48826, 122825, 62626, 109365, 42193, 63319, 56568, 23129, 115849, 113373, 29112, 128016, 95560, 570, 22751, 1005, 75981]",1
1132,TRAIN,ATTACK_ONSET,"[10730, 124392, 102355, 149592, 79750, 9318, 96772, 47156, 70217, 7899, 39761, 100639, 59378, 101851, 149574, 54604, 83537, 74976, 101485, 79177]",1
1133,TRAIN,ATTACK_ONSET,"[104760, 82632, 46917, 54447, 103447, 28660, 37956, 127776, 26435, 31839, 55624, 104538, 79034, 80300, 117486, 104221, 101088, 129172, 32105, 59903]",1
1134,TRAIN,ATTACK_ONSET,"[2821, 51197, 146831, 116413, 138043, 98339, 59991, 48083, 61497, 69629, 67051, 45217, 147888, 101391, 12099, 125896, 19827, 7885, 23259, 75315]",1
1135,TRAIN,ATTACK_ONSET,"[61280, 78065, 11658, 36879, 133343, 19717, 51633, 99454, 39930, 67561, 106557, 88745, 18459, 15301, 73742, 30172, 48990, 32439, 50016, 36248]",1
1136,TRAIN,ATTACK_ONSET,"[84269, 57755, 130143, 9834, 39529, 27420, 17750, 90464, 64485, 111371, 74990, 126790, 61750, 14044, 99662, 110266, 46609, 133363, 31847, 100249]",1
1137,TRAIN,ATTACK_ONSET,"[51102, 74193, 72099, 101294, 59526, 112483, 79562, 115315, 124130, 22952, 14378, 121884, 116794, 133707, 135409, 79887, 36442, 132242, 82210, 48012]",1
1138,TRAIN,ATTACK_ONSET,"[1074, 100179, 94472, 6063, 133562, 156, 120431, 26495, 27029, 42208, 19775, 32554, 11312, 58688, 38160, 16471, 141126, 102158, 80751, 35797]",1
1139,TRAIN,ATTACK_ONSET,"[111210, 133152, 116180, 143282, 83524, 10776, 4922, 120146, 67259, 4396, 39475, 95737, 13098, 63000, 61533, 126747, 27834, 121954, 20885, 96819]",1
1140,TRAIN,ATTACK_ONSET,"[63526, 132331, 20429, 35488, 108781, 88397, 101497, 125334, 74261, 1934, 53883, 80717, 69705, 91576, 148059, 4258, 148299, 139413, 124895, 51579]",1
1141,TRAIN,ATTACK_ONSET,"[129159, 96218, 133737, 91224, 127425, 112471, 124192, 57261, 26989, 103732, 22508, 39872, 44111, 40816, 98697, 66138, 113388, 73150, 116306, 45222]",1
1142,TRAIN,ATTACK_ONSET,"[109820, 142439, 88762, 29566, 33969, 87798, 111847, 24444, 71955, 105487, 36216, 121173, 7330, 138911, 49299, 139612, 129180, 650, 61216, 135282]",1
1143,TRAIN,ATTACK_ONSET,"[103614, 499, 124453, 50513, 89901, 145971, 68593, 52315, 104147, 86796, 113034, 71565, 37393, 64653, 45455, 611, 41727, 103087, 54545, 33982]",1
1144,TRAIN,ATTACK_ONSET,"[64191, 23200, 93010, 39849, 131665, 27310, 4920, 120074, 88179, 43281, 95501, 10692, 147783, 97058, 122104, 123009, 135468, 24110, 1973, 4173]",1
1145,TRAIN,ATTACK_ONSET,"[38120, 55468, 3643, 52138, 74189, 41140, 143879, 98672, 78002, 58666, 57270, 115001, 12180, 46975, 137077, 109303, 10360, 71663, 31593, 51771]",1
1146,TRAIN,ATTACK_ONSET,"[108049, 94569, 9837, 148237, 102223, 26910, 2808, 61877, 67600, 114452, 63384, 95421, 75935, 40617, 115020, 95265, 67904, 76324, 101359, 40040]",1
1147,TRAIN,ATTACK_ONSET,"[113069, 21704, 21973, 4039, 127800, 26064, 5515, 60885, 67991, 1420, 96564, 66808, 88124, 59992, 53366, 881, 129540, 24955, 125311, 63034]",1
1148,TRAIN,ATTACK_ONSET,"[121773, 118397, 69177, 11880, 134913, 134180, 30821, 97067, 52822, 124795, 9971, 61130, 79639, 96905, 18494, 144513, 114418, 28117, 77355, 91732]",1
1149,TRAIN,ATTACK_ONSET,"[123444, 55277, 119532, 118607, 120468, 109297, 126467, 27365, 80178, 1725, 103971, 23660, 14403, 56892, 96234, 88921, 109306, 135207, 42956, 41802]",1
1150,TRAIN,ATTACK_ONSET,"[29755, 112977, 123446, 112103, 61823, 3781, 85331, 128179, 20651, 39548, 137586, 92521, 117960, 29507, 66440, 43487, 67751, 62836, 54224, 109953]",1
1151,TRAIN,ATTACK_ONSET,"[39481, 57463, 83456, 119004, 128171, 94645, 144739, 35619, 57586, 107095, 6013, 84159, 2739, 21951, 140365, 36561, 85822, 115640, 45979, 51832]",1
1152,TRAIN,ATTACK_ONSET,"[91202, 9034, 87543, 23653, 144365, 38924, 145029, 32653, 58714, 23814, 147023, 91657, 33704, 58180, 125939, 142731, 61952, 88923, 115847, 123794]",1
1153,TRAIN,ATTACK_ONSET,"[143352, 49263, 35338, 72135, 30871, 78053, 80315, 51430, 85131, 9788, 134762, 59211, 116388, 93466, 86753, 111798, 3064, 45376, 53871, 127352]",1
1154,TRAIN,ATTACK_ONSET,"[78859, 110868, 126487, 68388, 138966, 88541, 105699, 50213, 27963, 131186, 102026, 138403, 121700, 109552, 132907, 60999, 77669, 98863, 24476, 69852]",1
1155,TRAIN,ATTACK_ONSET,"[79826, 38527, 97266, 76721, 66483, 78206, 10261, 118595, 4918, 83178, 18108, 40398, 38415, 99212, 78343, 108243, 52746, 80423, 56663, 79365]",1
1156,TRAIN,ATTACK_ONSET,"[23401, 87576, 142046, 62595, 138274, 121205, 5916, 93965, 65182, 98074, 13407, 97018, 91126, 101403, 102982, 13786, 54226, 54022, 139419, 70625]",1
1157,TRAIN,ATTACK_ONSET,"[31788, 136449, 29924, 51156, 148243, 53810, 103742, 32380, 6655, 72826, 22904, 45158, 13170, 16507, 6808, 144154, 124346, 95003, 76362, 18347]",1
1158,TRAIN,ATTACK_ONSET,"[112793, 126471, 90766, 2820, 45096, 61044, 25862, 148489, 2444, 69528, 71468, 4176, 34605, 104226, 23454, 57019, 103719, 145120, 126505, 132625]",1
1159,TRAIN,ATTACK_ONSET,"[118741, 61526, 127297, 116305, 44801, 68282, 43342, 24654, 134789, 81676, 104108, 24021, 143001, 6781, 39018, 138098, 64947, 134724, 69154, 48010]",1
1160,TRAIN,ATTACK_ONSET,"[134760, 64856, 106888, 82803, 42010, 90484, 120618, 119181, 93326, 78350, 52305, 117087, 84923, 65866, 11995, 58783, 62022, 100957, 115710, 46408]",1
1161,TRAIN,ATTACK_ONSET,"[45034, 15940, 51648, 101299, 59809, 121420, 68686, 17386, 31309, 31591, 78951, 45142, 133120, 146887, 122810, 94466, 113282, 120433, 97131, 39619]",1
1162,TRAIN,ATTACK_ONSET,"[107910, 129375, 26608, 138868, 125109, 124738, 136267, 5684, 129434, 140979, 58622, 48798, 30982, 42957, 17692, 102517, 124948, 121131, 54983, 54117]",1
1163,TRAIN,ATTACK_ONSET,"[128735, 37785, 73687, 38071, 102760, 34884, 34691, 25473, 134198, 87298, 134640, 74639, 140169, 107988, 71801, 5962, 31690, 27681, 139216, 117700]",1
1164,TRAIN,ATTACK_ONSET,"[117598, 32196, 25578, 113092, 74510, 122201, 29488, 79927, 93979, 36710, 91138, 132850, 44837, 125449, 100009, 30629, 74916, 112151, 142901, 92921]",1
1165,TRAIN,ATTACK_ONSET,"[55356, 60257, 12711, 13572, 58160, 43931, 70703, 82760, 128278, 42059, 41821, 27048, 55372, 100518, 3834, 47638, 55614, 60449, 6615, 36822]",1
1166,TRAIN,ATTACK_ONSET,"[52806, 33901, 120855, 135615, 116062, 68996, 78041, 148695, 43382, 2323, 37625, 42325, 20934, 117685, 146773, 38098, 7450, 85272, 84220, 98445]",1
1167,TRAIN,ATTACK_ONSET,"[84116, 14985, 79092, 58568, 86921, 14120, 48165, 120173, 9505, 135120, 23565, 38153, 3436, 66914, 111650, 108363, 82037, 85301, 61564, 22304]",1
1168,TRAIN,ATTACK_ONSET,"[90978, 54639, 87650, 114949, 89555, 116341, 111868, 21165, 21639, 73915, 76757, 113698, 2309, 44744, 49316, 18397, 37757, 126197, 10797, 122642]",1
1169,TRAIN,ATTACK_ONSET,"[107554, 6284, 20816, 77006, 75212, 7211, 117448, 31604, 136831, 97365, 144522, 147930, 9645, 101912, 9963, 18824, 11721, 73282, 58274, 5077]",1
1170,TRAIN,ATTACK_ONSET,"[136331, 5190, 75982, 23297, 141621, 107052, 78089, 36236, 128571, 97683, 79657, 23584, 60166, 8979, 25909, 110493, 25892, 138484, 108000, 76046]",1
1171,TRAIN,ATTACK_ONSET,"[7346, 25910, 59928, 107966, 97833, 12387, 59742, 95769, 141130, 115945, 138234, 141697, 132042, 85759, 60549, 18225, 77789, 25585, 90962, 71777]",1
1172,TRAIN,ATTACK_ONSET,"[55687, 61508, 104902, 119288, 51794, 123436, 93642, 106932, 121576, 122715, 41507, 89724, 84093, 102961, 72595, 116948, 142150, 72233, 98624, 69397]",1
1173,TRAIN,ATTACK_ONSET,"[29764, 37083, 14693, 88130, 80260, 133442, 119674, 55395, 122962, 77441, 53607, 74320, 58079, 68165, 61841, 141310, 42055, 140122, 23370, 137297]",1
1174,TRAIN,ATTACK_ONSET,"[49576, 98134, 95316, 13852, 101606, 116475, 58626, 113610, 17242, 117636, 2305, 51526, 93831, 5808, 108420, 10921, 97025, 101678, 126206, 3710]",1
1175,TRAIN,ATTACK_ONSET,"[15832, 119633, 113111, 133649, 99272, 143425, 103769, 76189, 128583, 96606, 63080, 137051, 38463, 123795, 147043, 108808, 144715, 66249, 26172, 38793]",1
1176,TRAIN,ATTACK_ONSET,"[121343, 148992, 21815, 15815, 57819, 77923, 36601, 63431, 147999, 91651, 11378, 58832, 35573, 28992, 49098, 47524, 128754, 148354, 139356, 113012]",1
1177,TRAIN,ATTACK_ONSET,"[19866, 86879, 15968, 29116, 82204, 146149, 62338, 93134, 110014, 16033, 141227, 14095, 92190, 23424, 115815, 114422, 13375, 65763, 139695, 132399]",1
1178,TRAIN,ATTACK_ONSET,"[82313, 33784, 59175, 33048, 131360, 48997, 105544, 85417, 69338, 51333, 77569, 146307, 15758, 139190, 130671, 110016, 64371, 74429, 20235, 45463]",1
1179,TRAIN,ATTACK_ONSET,"[24261, 97098, 58608, 31145, 124114, 61294, 146731, 130631, 77496, 131326, 9937, 15261, 40733, 16880, 55979, 71113, 87102, 70172, 19945, 33325]",1
1180,TRAIN,ATTACK_ONSET,"[104385, 27206, 145984, 129697, 77731, 35381, 119951, 65211, 48753, 70161, 23031, 53816, 19385, 99842, 65982, 58142, 47993, 5991, 143296, 36646]",1
1181,TRAIN,ATTACK_ONSET,"[103337, 121592, 29836, 18866, 31056, 8455, 37588, 84297, 872, 92186, 116892, 9760, 132861, 54105, 142876, 146340, 4443, 112189, 120658, 116688]",1
1182,TRAIN,ATTACK_ONSET,"[108004, 51352, 119502, 30618, 22641, 21790, 61116, 11524, 104968, 85709, 97923, 23872, 121921, 148905, 6127, 114156, 93884, 10333, 104081, 101336]",1
1183,TRAIN,ATTACK_ONSET,"[144192, 44766, 4904, 7529, 118039, 56889, 99505, 14687, 145886, 24492, 18838, 31991, 78165, 126792, 34393, 6644, 66862, 34036, 53907, 65502]",1
1184,TRAIN,ATTACK_ONSET,"[33394, 6888, 116237, 32387, 61066, 18938, 74374, 140168, 3358, 103770, 138703, 145987, 108080, 55000, 129981, 103167, 56879, 7455, 100156, 38945]",1
1185,TRAIN,ATTACK_ONSET,"[21998, 18250, 78373, 65313, 71776, 108423, 50063, 14718, 15345, 126357, 132109, 8565, 12059, 139473, 89519, 118446, 126476, 42494, 126775, 136698]",1
1186,TRAIN,ATTACK_ONSET,"[47842, 59599, 18984, 50963, 87803, 71227, 132764, 79491, 91121, 89764, 146917, 120341, 56547, 110553, 23618, 118095, 3767, 45697, 37635, 77387]",1
1187,TRAIN,ATTACK_ONSET,"[53981, 137005, 1858, 16799, 48914, 123525, 6627, 39364, 12085, 122357, 99639, 127674, 141399, 51415, 83652, 134623, 67781, 148432, 99446, 31036]",1
1188,TRAIN,ATTACK_ONSET,"[92038, 68162, 147150, 116063, 137634, 54950, 100309, 28185, 42433, 62803, 146832, 20544, 62452, 122219, 55373, 72750, 53972, 105505, 71248, 85411]",1
1189,TRAIN,ATTACK_ONSET,"[56617, 103806, 78641, 135096, 15738, 29537, 91487, 18414, 6064, 2473, 72004, 107124, 29937, 41454, 43453, 32283, 126996, 123155, 92444, 56304]",1
1190,TRAIN,ATTACK_ONSET,"[130411, 48620, 63318, 109824, 4629, 62751, 7201, 118281, 148521, 13964, 78435, 14938, 97930, 104293, 42770, 126147, 21643, 32847, 41626, 35475]",1
1191,TRAIN,ATTACK_ONSET,"[8452, 83280, 136700, 75976, 140945, 36810, 107639, 31990, 51620, 99122, 116927, 115736, 114419, 49549, 123466, 22635, 102728, 35720, 86441, 22553]",1
1192,TRAIN,ATTACK_ONSET,"[149511, 129269, 58867, 51221, 4088, 107959, 26452, 37665, 146613, 106004, 109340, 100767, 50440, 30073, 96660, 27833, 91775, 142666, 136952, 85650]",1
1193,TRAIN,ATTACK_ONSET,"[76094, 108269, 77396, 144907, 51762, 4458, 138983, 96880, 85779, 58377, 36231, 74547, 78810, 55269, 62262, 68547, 136606, 61778, 6381, 9158]",1
1194,TRAIN,ATTACK_ONSET,"[67576, 90553, 96604, 58602, 52554, 1458, 69205, 111302, 57080, 49126, 111201, 77007, 130174, 48957, 61153, 27816, 144701, 24147, 43371, 57908]",1
1195,TRAIN,ATTACK_ONSET,"[111833, 25803, 96762, 119970, 118306, 70401, 145601, 94390, 11532, 34404, 86312, 82419, 50755, 13613, 94964, 55274, 74262, 87422, 120797, 12878]",1
1196,TRAIN,ATTACK_ONSET,"[24409, 132052, 5645, 68379, 61578, 108982, 109696, 128798, 37355, 16679, 115622, 61104, 78120, 28180, 125453, 143833, 50970, 115055, 138386, 127748]",1
1197,TRAIN,ATTACK_ONSET,"[87863, 113918, 111676, 38431, 61292, 49416, 54486, 23840, 15441, 117945, 144213, 139172, 96607, 142262, 134085, 24961, 117021, 50033, 149051, 55127]",1
1198,TRAIN,ATTACK_ONSET,"[149435, 48731, 39457, 148430, 118829, 29288, 140558, 79756, 13453, 6588, 22482, 141828, 57815, 88752, 51496, 60764, 6577, 56362, 121437, 9802]",1
1199,TRAIN,ATTACK_ONSET,"[8459, 47565, 128199, 13886, 33836, 39594, 78113, 76029, 68313, 141960, 139478, 110945, 92099, 40011, 104852, 12605, 7263, 89442, 49470, 122594]",1
1200,TRAIN,ATTACK_ONSET,"[1035, 134191, 117433, 29900, 116840, 118713, 84414, 37236, 8873, 15095, 66820, 12037, 79061, 142818, 8508, 81222, 31334, 30778, 43456, 8895]",1
1201,TRAIN,ATTACK_ONSET,"[68245, 136253, 28582, 6977, 106689, 93641, 108042, 120801, 58534, 41068, 142353, 73883, 27057, 92280, 35165, 121650, 108766, 83337, 28384, 46257]",1
1202,TRAIN,ATTACK_ONSET,"[92383, 68886, 598, 66673, 97960, 65475, 13321, 94082, 111316, 54433, 23183, 3518, 139327, 82394, 103097, 142421, 33783, 22814, 98304, 123329]",1
1203,TRAIN,ATTACK_ONSET,"[31500, 32991, 139469, 95739, 93048, 129964, 48953, 96834, 130275, 60708, 107598, 8918, 147000, 23590, 119980, 146033, 37042, 16723, 116316, 33103]",1
1204,TRAIN,ATTACK_ONSET,"[55438, 143864, 142618, 65317, 14963, 49705, 50411, 114574, 133194, 126049, 19710, 92466, 90352, 124154, 16384, 66688, 29614, 18466, 98326, 65189]",1
1205,TRAIN,ATTACK_ONSET,"[55744, 52237, 91162, 29737, 61326, 77557, 71780, 39916, 23103, 21474, 34367, 140131, 32426, 23218, 3496, 111300, 70922, 86426, 18361, 82474]",1
1206,TRAIN,ATTACK_ONSET,"[90173, 145317, 110259, 132348, 61776, 5557, 10833, 75109, 8047, 137012, 38514, 33604, 67860, 142075, 129885, 121637, 149199, 142178, 2174, 28429]",1
1207,TRAIN,ATTACK_ONSET,"[58028, 72031, 30527, 5595, 67215, 19350, 71675, 114036, 73385, 134958, 14967, 71679, 52506, 120138, 138210, 12993, 27045, 107850, 142270, 8974]",1
1208,TRAIN,ATTACK_ONSET,"[42592, 142689, 71326, 2308, 90895, 77348, 107361, 61605, 24540, 97351, 71566, 72842, 23421, 68973, 86846, 119958, 3410, 112933, 43261, 140520]",1
1209,TRAIN,ATTACK_ONSET,"[74911, 84073, 16528, 129133, 115550, 115383, 80543, 55807, 88670, 52619, 44644, 107659, 63213, 9769, 113301, 46887, 135891, 95655, 25474, 22728]",1
1210,TRAIN,ATTACK_ONSET,"[64333, 124663, 41052, 113242, 41803, 34076, 148649, 2488, 38178, 90479, 140326, 68878, 123946, 124897, 115955, 66565, 125238, 42849, 65380, 125069]",1
1211,TRAIN,ATTACK_ONSET,"[20289, 125389, 23344, 80192, 143953, 125469, 134026, 93102, 88498, 90144, 60183, 112532, 39635, 43617, 26230, 121249, 87454, 6857, 134475, 10458]",1
1212,TRAIN,ATTACK_ONSET,"[102122, 39724, 111965, 29415, 44473, 97316, 53219, 94019, 60696, 53616, 62021, 124859, 27277, 51947, 142227, 102147, 136175, 102681, 90104, 20015]",1
1213,TRAIN,ATTACK_ONSET,"[43178, 24328, 73692, 138397, 112661, 112599, 83229, 10095, 57511, 30696, 97987, 77074, 61283, 430, 55021, 120451, 64835, 129085, 131723, 104730]",1
1214,TRAIN,ATTACK_ONSET,"[99172, 118879, 15576, 104903, 101899, 10259, 30521, 10603, 90826, 33046, 93167, 14090, 10636, 3647, 1010, 6255, 93103, 24924, 78045, 52468]",1
1215,TRAIN,ATTACK_ONSET,"[49276, 107470, 47848, 25348, 45835, 23081, 59811, 125626, 99185, 46467, 85395, 76409, 142300, 1100, 22029, 17845, 24927, 32580, 21113, 80533]",1
1216,TRAIN,ATTACK_ONSET,"[73373, 119358, 138547, 132940, 140203, 147256, 130854, 9225, 16957, 138004, 7207, 53702, 58030, 136821, 126734, 1491, 75249, 138470, 149561, 75496]",1
1217,TRAIN,ATTACK_ONSET,"[59321, 104753, 76675, 108222, 43754, 47455, 30201, 130218, 38015, 1692, 45216, 119616, 56793, 65384, 42201, 62775, 35066, 119277, 81531, 57779]",1
1218,TRAIN,ATTACK_ONSET,"[106089, 38494, 123963, 90981, 111141, 131515, 23458, 58687, 130703, 23118, 30464, 35943, 143750, 26657, 149081, 83651, 11502, 126221, 105651, 41966]",1
1219,TRAIN,ATTACK_ONSET,"[89858, 38983, 144316, 128913, 4977, 124066, 137814, 114582, 24108, 68778, 9337, 145017, 53128, 116599, 88242, 101280, 4005, 43245, 3060, 10880]",1
1220,TRAIN,ATTACK_ONSET,"[14970, 53022, 100958, 143582, 15633, 51231, 32842, 122814, 39227, 131320, 126553, 116378, 26339, 123303, 58337, 89214, 95037, 59842, 70205, 66109]",1
1221,TRAIN,ATTACK_ONSET,"[75121, 27189, 134450, 41208, 134532, 135422, 14153, 136785, 63988, 95336, 121733, 17354, 145795, 62438, 115193, 116021, 139634, 136611, 14397, 18148]",1
1222,TRAIN,ATTACK_ONSET,"[839, 94092, 66286, 10082, 85029, 114507, 45023, 18031, 20302, 28642, 148393, 87938, 23596, 15773, 123132, 42990, 125101, 41656, 17574, 21531]",1
1223,TRAIN,ATTACK_ONSET,"[27736, 70799, 66251, 8710, 46680, 108291, 95608, 54878, 126167, 68605, 49043, 54045, 19068, 146378, 10542, 107428, 126513, 127457, 55111, 66484]",1
1224,TRAIN,ATTACK_ONSET,"[142084, 145995, 115107, 62829, 104653, 58594, 103724, 128692, 81778, 51172, 105475, 129757, 96916, 119228, 136466, 105565, 96470, 11866, 78175, 133033]",1
1225,TRAIN,ATTACK_ONSET,"[3160, 72795, 13691, 140693, 62718, 91372, 84958, 37748, 23144, 135888, 143495, 32334, 14490, 94417, 17098, 37942, 45264, 147321, 136891, 140470]",1
1226,TRAIN,ATTACK_ONSET,"[118000, 79481, 59183, 144283, 20809, 70258, 56601, 118650, 132010, 30717, 109756, 120518, 137742, 106412, 136737, 79031, 12754, 27512, 6626, 19571]",1
1227,TRAIN,ATTACK_ONSET,"[54281, 97820, 20867, 114743, 90463, 105507, 138839, 128860, 39210, 53416, 13046, 115525, 137380, 12623, 83493, 112821, 53880, 44655, 92105, 48049]",1
1228,TRAIN,ATTACK_ONSET,"[128599, 80450, 71276, 67165, 94944, 60090, 29686, 125077, 65047, 72619, 9865, 95628, 127070, 82670, 113363, 2876, 119516, 25067, 71855, 15944]",1
1229,TRAIN,ATTACK_ONSET,"[24024, 61978, 67842, 98589, 146484, 101287, 135611, 27524, 28629, 92216, 4337, 86253, 33912, 118929, 59191, 20119, 33000, 12664, 33443, 122701]",1
1230,TRAIN,ATTACK_ONSET,"[112486, 9046, 125355, 105528, 85056, 9872, 121174, 94665, 52713, 134609, 39963, 139641, 79996, 135794, 129062, 119012, 115059, 96301, 84854, 35126]",1
1231,TRAIN,ATTACK_ONSET,"[71090, 25231, 120563, 140913, 129015, 136401, 97479, 2228, 44124, 25854, 126337, 76746, 11807, 126891, 78107, 138806, 31575, 38434, 132776, 128416]",1
1232,TRAIN,ATTACK_ONSET,"[145047, 124875, 70140, 29616, 147844, 49953, 43296, 51470, 4405, 126990, 21250, 118220, 2726, 70906, 44423, 31846, 137186, 98330, 119290, 127907]",1
1233,TRAIN,ATTACK_ONSET,"[41625, 29233, 123868, 18508, 94474, 104755, 86322, 78512, 23357, 106443, 107083, 25934, 6401, 122759, 43841, 128088, 3639, 116070, 84140, 138633]",1
1234,TRAIN,ATTACK_ONSET,"[136565, 104912, 146013, 113038, 2227, 105739, 93765, 98752, 115603, 6944, 53486, 71303, 24748, 71643, 101098, 35143, 54756, 62726, 69407, 111340]",1
1235,TRAIN,ATTACK_ONSET,"[90444, 69800, 50442, 83904, 74632, 37792, 82477, 95681, 133573, 138711, 149206, 145578, 138372, 105706, 21373, 102280, 14536, 122884, 95399, 90572]",1
1236,TRAIN,ATTACK_ONSET,"[5085, 133727, 581, 120784, 40700, 27104, 90576, 94714, 134666, 83421, 63752, 61895, 58125, 95047, 123487, 49219, 69697, 84982, 1555, 115981]",1
1237,TRAIN,ATTACK_ONSET,"[78529, 130866, 45059, 637, 124217, 17657, 121119, 56827, 87804, 61263, 99498, 122668, 116746, 29933, 1411, 33618, 125991, 4016, 51003, 83306]",1
1238,TRAIN,ATTACK_ONSET,"[91135, 78360, 60713, 90435, 39960, 4392, 6536, 92148, 103618, 74655, 43683, 108772, 7545, 130749, 56901, 54991, 114783, 86108, 32948, 112000]",1
1239,TRAIN,ATTACK_ONSET,"[121113, 64761, 58980, 51465, 44262, 34634, 78844, 94706, 16892, 32473, 79533, 141716, 55847, 21458, 32451, 148797, 63145, 32574, 111581, 16489]",1
1240,TRAIN,ATTACK_ONSET,"[32087, 81949, 43564, 81794, 29087, 92613, 86159, 38940, 44882, 94610, 105692, 130343, 19909, 141119, 75432, 60120, 145077, 28165, 125039, 114605]",1
1241,TRAIN,ATTACK_ONSET,"[147254, 85, 120070, 62025, 60148, 76095, 115978, 49522, 75725, 50363, 84697, 18112, 147809, 2263, 16203, 28836, 104504, 8175, 127549, 61403]",1
1242,TRAIN,ATTACK_ONSET,"[20066, 58543, 122574, 142918, 75158, 137437, 23151, 31380, 11344, 38096, 52455, 16898, 127210, 107632, 48993, 21267, 83246, 115728, 101871, 135782]",1
1243,TRAIN,ATTACK_ONSET,"[106922, 68316, 130961, 67176, 142740, 72550, 149636, 688, 72582, 92666, 91802, 88548, 148599, 21118, 20328, 99302, 18309, 75508, 117718, 122696]",1
1244,TRAIN,ATTACK_ONSET,"[137806, 118195, 68621, 84101, 65654, 75583, 100945, 64289, 119637, 80277, 104674, 1629, 51059, 120081, 82976, 76688, 73482, 111556, 60857, 130586]",1
1245,TRAIN,ATTACK_ONSET,"[68493, 1619, 1415, 141751, 87925, 120192, 88027, 124118, 24192, 136796, 136196, 7624, 40940, 134999, 108285, 75091, 34267, 48481, 143328, 148663]",1
1246,TRAIN,ATTACK_ONSET,"[95551, 138610, 71368, 86176, 79428, 93581, 4505, 46359, 101832, 122790, 149490, 65414, 78901, 10284, 90983, 102678, 117769, 62091, 113392, 53990]",1
1247,TRAIN,ATTACK_ONSET,"[13719, 77644, 138707, 23807, 29012, 55152, 34704, 76044, 58882, 77533, 132976, 40460, 46431, 26048, 146488, 6040, 149175, 99382, 40969, 103729]",1
1248,TRAIN,ATTACK_ONSET,"[56888, 81613, 42601, 39472, 100977, 60466, 82076, 62571, 69273, 98319, 26970, 78958, 125261, 56719, 41903, 30037, 130183, 124362, 8961, 97427]",1
1249,TRAIN,ATTACK_ONSET,"[142571, 6096, 130762, 77033, 84408, 12580, 93479, 49265, 93019, 11002, 57029, 133497, 139018, 52417, 9564, 142538, 60390, 22114, 91546, 44906]",1
1250,TRAIN,ATTACK_ONSET,"[92392, 33301, 44196, 119690, 81110, 111827, 105609, 46482, 120017, 63980, 70624, 7671, 130673, 63620, 99832, 11767, 33505, 17506, 47685, 21383]",1
1251,TRAIN,ATTACK_ONSET,"[34764, 146729, 102139, 77760, 944, 139046, 111513, 70938, 11255, 5887, 139338, 4944, 65378, 14997, 39479, 1669, 75272, 21820, 30280, 147624]",1
1252,TRAIN,ATTACK_ONSET,"[116649, 4576, 132039, 125400, 5497, 73822, 113631, 118374, 64921, 106423, 73503, 127180, 90182, 17945, 143587, 1413, 48810, 120919, 17803, 8723]",1
1253,TRAIN,ATTACK_ONSET,"[111822, 958, 11126, 128311, 67931, 64068, 38505, 8574, 37522, 120640, 67038, 48653, 73039, 147918, 97554, 74469, 84419, 17569, 64383, 114575]",1
1254,TRAIN,ATTACK_ONSET,"[51828, 55352, 75661, 61635, 10165, 40954, 104512, 137429, 138608, 41110, 53431, 48416, 47315, 143874, 6570, 72129, 27738, 115530, 50683, 8708]",1
1255,TRAIN,ATTACK_ONSET,"[77872, 96317, 142858, 75140, 120009, 38639, 23260, 114908, 56468, 136665, 45109, 29420, 25136, 137149, 133470, 51957, 45927, 73654, 97831, 47531]",1
1256,TRAIN,ATTACK_ONSET,"[3758, 97367, 6572, 96766, 51148, 50521, 58489, 104998, 109403, 41740, 1039, 14081, 15134, 86821, 67023, 66509, 56380, 127043, 52168, 10574]",1
1257,TRAIN,ATTACK_ONSET,"[32513, 90770, 67895, 110429, 131310, 22411, 38129, 30784, 21935, 70359, 97446, 124321, 122407, 33484, 30314, 146276, 31702, 95529, 33489, 56401]",1
1258,TRAIN,ATTACK_ONSET,"[106509, 66812, 119227, 113669, 50339, 9846, 119873, 18206, 124380, 4648, 65288, 4384, 10188, 38717, 54531, 79446, 136504, 84909, 19816, 12285]",1
1259,TRAIN,ATTACK_ONSET,"[46229, 32610, 145857, 97863, 30059, 115561, 97920, 1206, 143631, 119758, 83505, 75309, 21112, 11474, 61737, 59495, 135216, 43644, 82596, 119014]",1
1260,TRAIN,ATTACK_ONSET,"[112752, 79189, 124854, 101498, 9151, 64865, 48757, 78612, 20432, 56461, 46476, 15210, 48636, 105716, 43331, 84302, 91159, 76355, 69043, 139741]",1
1261,TRAIN,ATTACK_ONSET,"[125744, 130351, 103138, 68026, 80680, 121611, 112102, 33112, 65900, 66602, 6085, 1064, 125358, 5934, 34303, 130448, 16329, 65677, 131166, 1447]",1
1262,TRAIN,ATTACK_ONSET,"[130169, 133488, 136832, 90117, 77903, 40847, 88616, 32265, 126400, 118242, 115510, 118798, 94382, 31944, 82769, 78024, 139815, 111197, 129583, 139440]",1
1263,TRAIN,ATTACK_ONSET,"[91089, 59462, 36549, 96215, 124232, 37952, 338, 47126, 19226, 124063, 39365, 13167, 67300, 35831, 84660, 4836, 140741, 8428, 106847, 135053]",1
1264,TRAIN,ATTACK_ONSET,"[67632, 147131, 133356, 1208, 93198, 85390, 60504, 31065, 114948, 31165, 144098, 42673, 74773, 38302, 133329, 149001, 63402, 76807, 59181, 63727]",1
1265,TRAIN,ATTACK_ONSET,"[40327, 135034, 137130, 75956, 99400, 28008, 65518, 8106, 26541, 94502, 87506, 7653, 124059, 117698, 114155, 72679, 75769, 134681, 126169, 85494]",1
1266,TRAIN,ATTACK_ONSET,"[70135, 35552, 113982, 66210, 45106, 115810, 137848, 120415, 8460, 140291, 118146, 64418, 148518, 74522, 5547, 136282, 8134, 26639, 14558, 14795]",1
1267,TRAIN,ATTACK_ONSET,"[144999, 139355, 97538, 63771, 305, 67026, 139734, 60802, 101610, 40528, 142205, 125062, 19303, 53389, 148331, 147120, 63487, 87461, 54529, 6801]",1
1268,TRAIN,ATTACK_ONSET,"[24539, 22959, 60855, 129948, 121032, 103473, 92436, 17809, 49000, 122589, 23481, 73280, 137559, 85147, 130044, 43693, 119023, 86954, 93525, 80338]",1
1269,TRAIN,ATTACK_ONSET,"[59394, 103688, 120549, 122455, 39638, 53475, 33382, 16777, 136647, 40371, 23656, 117527, 24746, 103904, 11296, 72456, 12592, 115160, 48095, 108201]",1
1270,TRAIN,ATTACK_ONSET,"[73618, 49161, 69168, 20656, 127059, 145332, 111879, 43055, 49380, 115597, 113007, 137854, 19602, 112485, 9474, 127366, 49348, 82807, 48762, 65355]",1
1271,TRAIN,ATTACK_ONSET,"[117479, 35258, 16879, 74862, 108668, 3061, 97883, 21775, 90200, 68276, 63754, 27848, 42860, 119395, 98073, 115596, 57527, 123659, 4870, 76768]",1
1272,TRAIN,ATTACK_ONSET,"[49359, 18830, 132585, 59124, 78272, 8108, 20960, 106587, 61355, 27655, 55173, 134063, 31155, 97416, 17261, 121221, 149241, 102697, 88909, 97192]",1
1273,TRAIN,ATTACK_ONSET,"[106761, 18799, 105876, 49767, 91879, 122297, 15263, 35966, 83117, 149577, 2013, 29163, 115335, 99437, 140746, 49904, 32138, 25435, 42249, 68517]",1
1274,TRAIN,ATTACK_ONSET,"[39027, 30991, 36585, 30494, 36413, 47921, 54968, 122050, 97822, 18097, 100382, 16807, 16622, 107804, 42604, 122531, 50124, 98806, 126819, 110992]",1
1275,TRAIN,ATTACK_ONSET,"[39168, 25071, 92599, 143892, 21025, 148902, 101327, 46857, 72009, 101110, 148852, 20310, 25954, 116179, 96319, 147482, 131672, 90604, 8083, 48751]",1
1276,TRAIN,ATTACK_ONSET,"[12230, 82616, 63738, 56109, 29187, 62067, 85837, 76974, 9583, 93331, 132910, 79539, 2427, 137762, 61897, 93273, 17687, 13400, 18066, 2112]",1
1277,TRAIN,ATTACK_ONSET,"[138476, 90074, 120148, 109417, 149214, 110404, 3272, 19152, 29290, 76656, 114106, 66873, 67332, 58342, 24493, 111255, 94467, 49425, 85358, 15329]",1
1278,TRAIN,ATTACK_ONSET,"[148067, 80625, 45227, 56665, 134748, 110787, 102520, 41336, 122142, 6233, 3081, 2069, 140613, 146371, 26927, 127322, 145765, 30171, 130674, 68706]",1
1279,TRAIN,ATTACK_ONSET,"[64646, 143326, 44341, 30394, 82021, 79220, 143492, 70653, 52753, 42409, 58682, 14926, 81462, 81108, 84655, 134733, 12846, 76584, 63670, 23503]",1
1280,TRAIN,ATTACK_ONSET,"[20582, 49293, 56579, 110174, 87304, 46435, 130089, 141939, 90749, 72833, 66496, 81534, 132025, 87777, 108523, 45464, 8332, 106266, 130736, 99343]",1
1281,TRAIN,ATTACK_ONSET,"[20812, 91654, 13536, 63605, 137210, 19740, 141351, 16864, 100676, 25081, 76527, 148357, 79006, 33091, 31933, 114503, 47662, 120882, 100150, 103098]",1
1282,TRAIN,ATTACK_ONSET,"[132050, 59573, 16266, 69045, 135748, 52589, 92695, 86683, 47645, 110978, 27790, 17558, 33716, 53282, 48516, 56223, 274, 24050, 88710, 127891]",1
1283,TRAIN,ATTACK_ONSET,"[34023, 125401, 104057, 88413, 32364, 123616, 13756, 19548, 99555, 107643, 71173, 143910, 1540, 46478, 106390, 13363, 88944, 10419, 129390, 112008]",1
1284,TRAIN,ATTACK_ONSET,"[30068, 80427, 80771, 51177, 121896, 17714, 120861, 72478, 101914, 109164, 66218, 2404, 134952, 24079, 54840, 9896, 99494, 74198, 75942, 119001]",1
1285,TRAIN,ATTACK_ONSET,"[79952, 127069, 23908, 46027, 96144, 52123, 25743, 55895, 84935, 12135, 1605, 63769, 124474, 77317, 64772, 82048, 20733, 34897, 15142, 63794]",1
1286,TRAIN,ATTACK_ONSET,"[116336, 84644, 37278, 64290, 72673, 10708, 118141, 55083, 69558, 86085, 31139, 16177, 43163, 5491, 126729, 118395, 72525, 42712, 12234, 43187]",1
1287,TRAIN,ATTACK_ONSET,"[59303, 128809, 117574, 43492, 11660, 3955, 120519, 4040, 70979, 142289, 143264, 98384, 9673, 46277, 95656, 140438, 26944, 56835, 77369, 1494]",1
1288,TRAIN,ATTACK_ONSET,"[127198, 145758, 103309, 135553, 135036, 7563, 113320, 19265, 79453, 79698, 94988, 111661, 8269, 107507, 87186, 85959, 53110, 7553, 39140, 129173]",1
1289,TRAIN,ATTACK_ONSET,"[135992, 80739, 115624, 141892, 78466, 117344, 123704, 57610, 69632, 35365, 128364, 93949, 103995, 95956, 96318, 112267, 101388, 12002, 61574, 67098]",1
1290,TRAIN,ATTACK_ONSET,"[12191, 11349, 75173, 75458, 12138, 32020, 59454, 10049, 10844, 91827, 122425, 63822, 97643, 91677, 62077, 148307, 78407, 133967, 24937, 63825]",1
1291,TRAIN,ATTACK_ONSET,"[4402, 87127, 58949, 95340, 61514, 72232, 135535, 126570, 134518, 125488, 23427, 40484, 43018, 106168, 134122, 63414, 39254, 87918, 48458, 122400]",1
1292,TRAIN,ATTACK_ONSET,"[141630, 141958, 80748, 12695, 16321, 131822, 20121, 11567, 9731, 43799, 29235, 26610, 45490, 57246, 57143, 76451, 24693, 19167, 119449, 144960]",1
1293,TRAIN,ATTACK_ONSET,"[94076, 67868, 72585, 6665, 8240, 121134, 21716, 22542, 98916, 144214, 127581, 99673, 105165, 116401, 39443, 1720, 59272, 126648, 119191, 110785]",1
1294,TRAIN,ATTACK_ONSET,"[2294, 104890, 24432, 112572, 65799, 53671, 78514, 82155, 82525, 6784, 55283, 140393, 144206, 121207, 49071, 38420, 86624, 94047, 5911, 97751]",1
1295,TRAIN,ATTACK_ONSET,"[32944, 98524, 76774, 57319, 14512, 148938, 34995, 46479, 117128, 90083, 52517, 80517, 69975, 57274, 55648, 100692, 111398, 45852, 9487, 26695]",1
1296,TRAIN,ATTACK_ONSET,"[40341, 117768, 6786, 23727, 51235, 22791, 55916, 116793, 134025, 21721, 11574, 128741, 33186, 21816, 14028, 62383, 32708, 116920, 8124, 30498]",1
1297,TRAIN,ATTACK_ONSET,"[119561, 114598, 12324, 112249, 85470, 137001, 97132, 65223, 136173, 98517, 109020, 121396, 77232, 60357, 142402, 58921, 41629, 13488, 138628, 126987]",1
1298,TRAIN,ATTACK_ONSET,"[105129, 107365, 56406, 91327, 66710, 108180, 97715, 90011, 16018, 149437, 17759, 117799, 63352, 6136, 109411, 115868, 28920, 92158, 34354, 104407]",1
1299,TRAIN,ATTACK_ONSET,"[93390, 99004, 65943, 33538, 70954, 6895, 11272, 131151, 39691, 124457, 17549, 12297, 143388, 7020, 16872, 112311, 5505, 15914, 102000, 33575]",1
1300,TRAIN,ATTACK_ONSET,"[86153, 54701, 124341, 122398, 103763, 119932, 9964, 106656, 144139, 8972, 113709, 27910, 36296, 133892, 15608, 15014, 57689, 53230, 121217, 78448]",1
1301,TRAIN,ATTACK_ONSET,"[65166, 79634, 31147, 136867, 11089, 49842, 83849, 18746, 9614, 144734, 106474, 92416, 67957, 120782, 22113, 19475, 93828, 120381, 14880, 106684]",1
1302,TRAIN,ATTACK_ONSET,"[13510, 96791, 34368, 106862, 78899, 11906, 55507, 69758, 59361, 81298, 36219, 81954, 45567, 121021, 111174, 37049, 30647, 26484, 18398, 130819]",1
1303,TRAIN,ATTACK_ONSET,"[63599, 138142, 67184, 21743, 10562, 130679, 126273, 136270, 122313, 29483, 11852, 145755, 6509, 28333, 65033, 127256, 56642, 63379, 44261, 34464]",1
1304,TRAIN,ATTACK_ONSET,"[106869, 103597, 35371, 109032, 115705, 148680, 10874, 64740, 146457, 85088, 134423, 116844, 134113, 20692, 125892, 80599, 97792, 42657, 63907, 70677]",1
1305,TRAIN,ATTACK_ONSET,"[54341, 35726, 75493, 70283, 79821, 27534, 12761, 91445, 120407, 138536, 71774, 27203, 10975, 77738, 1007, 18709, 81890, 62975, 72768, 148622]",1
1306,TRAIN,ATTACK_ONSET,"[17065, 74053, 22104, 17706, 70796, 81800, 87790, 133463, 2796, 95192, 18011, 138348, 75483, 3798, 73115, 9581, 18016, 51230, 17593, 82818]",1
1307,TRAIN,ATTACK_ONSET,"[83523, 73234, 148574, 146532, 134852, 11068, 86368, 116625, 25515, 72973, 68868, 14637, 49152, 122255, 852, 14614, 42189, 82488, 93887, 125503]",1
1308,TRAIN,ATTACK_ONSET,"[114229, 113809, 129404, 94111, 76415, 114078, 45006, 4361, 111971, 8719, 80266, 20543, 143096, 142628, 35581, 96516, 27339, 29549, 10955, 109902]",1
1309,TRAIN,ATTACK_ONSET,"[124729, 46154, 62116, 139315, 51658, 110613, 74399, 148778, 25406, 61070, 37831, 121182, 73738, 96613, 7255, 16888, 104831, 140768, 138208, 68257]",1
1310,TRAIN,ATTACK_ONSET,"[27418, 72612, 77518, 103869, 67385, 117829, 7831, 59816, 88266, 35948, 15909, 57983, 16869, 75242, 51827, 95065, 136211, 122727, 128265, 113295]",1
1311,TRAIN,ATTACK_ONSET,"[122452, 103795, 116764, 4798, 132740, 73281, 146139, 87780, 145179, 72594, 141372, 77808, 147524, 21116, 23496, 104160, 71852, 1311, 109691, 127718]",1
1312,TRAIN,ATTACK_ONSET,"[29934, 94990, 86586, 121741, 13111, 42365, 2318, 90141, 145764, 138545, 122438, 5665, 49806, 81638, 75332, 15123, 28438, 94679, 60339, 116821]",1
1313,TRAIN,ATTACK_ONSET,"[89103, 75911, 36671, 77040, 28112, 47097, 99897, 136639, 132963, 29345, 1978, 145285, 37198, 82154, 64950, 106629, 85769, 26969, 63077, 42341]",1
1314,TRAIN,ATTACK_ONSET,"[38805, 75282, 73263, 67140, 64273, 146204, 64838, 117644, 117811, 111784, 107251, 110217, 120199, 9286, 126444, 22901, 92746, 115255, 8923, 23058]",1
1315,TRAIN,ATTACK_ONSET,"[1667, 109418, 123888, 22538, 145957, 53107, 78615, 52235, 38518, 17766, 95678, 147248, 76595, 15335, 95672, 129975, 7767, 108479, 61446, 90996]",1
1316,TRAIN,ATTACK_ONSET,"[100464, 65780, 113962, 86738, 41927, 12601, 136399, 131635, 145481, 51941, 9183, 23257, 73084, 22871, 66735, 42785, 117757, 140247, 136522, 85897]",1
1317,TRAIN,ATTACK_ONSET,"[127959, 68382, 86230, 120187, 23599, 111020, 117863, 125520, 127816, 140901, 147239, 40728, 73753, 89089, 148327, 45906, 102872, 86018, 30203, 131899]",1
1318,TRAIN,ATTACK_ONSET,"[5888, 35051, 131121, 4469, 18639, 5041, 25763, 70843, 46876, 140876, 74248, 130206, 54858, 104415, 128087, 58958, 123284, 133956, 1687, 2814]",1
1319,TRAIN,ATTACK_ONSET,"[143181, 113378, 15523, 80842, 102918, 20004, 108911, 136555, 15545, 87571, 76627, 143141, 33583, 71310, 129627, 82994, 46807, 22702, 88191, 113645]",1
1320,TRAIN,ATTACK_ONSET,"[83148, 19497, 82572, 136138, 51185, 4474, 56391, 88427, 109812, 117146, 123967, 8792, 95889, 125425, 106205, 77899, 20372, 107833, 125738, 47359]",1
1321,TRAIN,ATTACK_ONSET,"[94314, 138906, 15741, 93143, 140610, 104876, 126808, 65389, 84808, 128292, 87838, 123977, 16726, 12360, 25642, 88830, 71915, 91208, 68315, 53195]",1
1322,TRAIN,ATTACK_ONSET,"[113322, 94932, 139687, 148488, 131437, 112406, 30701, 76514, 64833, 4990, 78614, 145985, 35945, 85991, 109990, 29817, 13486, 78871, 45144, 51010]",1
1323,TRAIN,ATTACK_ONSET,"[29853, 129806, 141727, 119326, 120292, 43191, 33339, 56476, 50893, 49304, 31766, 34327, 105100, 31780, 95078, 73529, 42744, 89219, 99700, 99636]",1
1324,TRAIN,ATTACK_ONSET,"[50599, 69139, 70818, 56632, 67080, 16947, 142776, 62030, 37034, 91064, 21120, 38106, 26363, 73188, 81055, 96439, 119433, 103765, 115236, 146234]",1
1325,TRAIN,ATTACK_ONSET,"[32797, 108817, 110954, 140030, 2336, 74910, 17389, 121850, 138204, 72466, 134289, 110983, 55668, 58726, 108576, 37477, 65368, 43560, 98657, 50145]",1
1326,TRAIN,ATTACK_ONSET,"[133508, 8635, 35113, 140008, 40660, 119417, 27209, 38995, 34186, 85909, 106449, 76193, 85195, 78532, 127842, 62064, 47347, 2892, 52473, 27199]",1
1327,TRAIN,ATTACK_ONSET,"[130622, 97415, 61984, 84746, 85566, 33178, 106146, 33768, 82251, 61287, 41101, 79110, 39538, 22342, 148541, 108975, 77706, 143046, 3041, 64790]",1
1328,TRAIN,ATTACK_ONSET,"[117910, 96500, 143613, 87223, 84887, 22479, 70612, 70616, 114675, 145211, 30566, 72200, 119121, 138331, 106264, 84248, 14564, 13162, 130323, 2452]",1
1329,TRAIN,ATTACK_ONSET,"[134964, 146856, 116704, 85237, 129003, 15976, 18821, 76548, 91871, 64402, 20519, 46696, 28308, 106465, 32268, 81178, 77763, 147536, 111910, 112672]",1
1330,TRAIN,ATTACK_ONSET,"[136404, 88092, 125126, 46868, 70518, 131106, 57064, 32665, 32577, 89826, 132239, 145595, 51713, 4544, 77953, 96857, 28598, 121960, 57210, 111272]",1
1331,TRAIN,ATTACK_ONSET,"[122647, 25317, 105429, 118977, 147385, 121881, 63687, 48878, 86627, 30825, 101639, 16814, 52692, 42458, 86806, 128004, 89597, 29103, 114446, 121918]",1
1332,TRAIN,ATTACK_ONSET,"[147577, 101276, 127021, 112137, 121039, 50607, 119332, 147315, 36407, 66535, 23987, 32504, 31074, 93063, 38079, 82339, 85871, 47302, 58686, 114554]",1
1333,TRAIN,ATTACK_ONSET,"[94528, 19293, 27899, 76830, 145941, 91872, 3595, 130705, 17068, 77974, 21649, 44067, 57979, 48472, 131492, 35452, 133575, 1757, 113568, 56163]",1
1334,TRAIN,ATTACK_ONSET,"[143308, 24988, 74741, 105918, 67591, 99108, 129322, 77460, 85346, 19148, 140665, 44123, 7709, 20294, 146747, 29846, 23236, 130525, 141577, 138960]",1
1335,TRAIN,ATTACK_ONSET,"[24575, 73896, 107162, 20080, 3802, 71027, 62733, 144640, 72120, 45911, 8486, 139198, 62821, 14290, 9299, 75350, 119623, 84786, 10723, 98219]",1
1336,TRAIN,ATTACK_ONSET,"[28586, 146528, 97523, 143438, 26393, 120198, 19347, 63211, 128551, 53559, 122498, 55516, 5294, 106533, 37610, 96888, 54026, 36741, 21964, 135798]",1
1337,TRAIN,ATTACK_ONSET,"[98460, 8507, 107132, 58210, 118, 38589, 36446, 149045, 42790, 138734, 3674, 142949, 19939, 76006, 22328, 124866, 95156, 137856, 9085, 7193]",1
1338,TRAIN,ATTACK_ONSET,"[56318, 17297, 140208, 100116, 61620, 132890, 129080, 135508, 74829, 131539, 51051, 144115, 58360, 63647, 60841, 59672, 69843, 53254, 113907, 40625]",1
1339,TRAIN,ATTACK_ONSET,"[69040, 126281, 39008, 53543, 35873, 138225, 117824, 56062, 49223, 59788, 122367, 91432, 147369, 21556, 99021, 54398, 56494, 35101, 8616, 37935]",1
1340,TRAIN,ATTACK_ONSET,"[101617, 29588, 50154, 71617, 39281, 9609, 10757, 61155, 34108, 140750, 2230, 87314, 135340, 127750, 51820, 134419, 22425, 131841, 52155, 309]",1
1341,TRAIN,ATTACK_ONSET,"[40260, 77293, 87, 23854, 144900, 24812, 81432, 59707, 109140, 61331, 77708, 69178, 48107, 112550, 23837, 134659, 25368, 26847, 65583, 147528]",1
1342,TRAIN,ATTACK_ONSET,"[72333, 143785, 143710, 102810, 50833, 8962, 65065, 113846, 103792, 64467, 107161, 68552, 142267, 121984, 69249, 129530, 83856, 20486, 105198, 76603]",1
1343,TRAIN,ATTACK_ONSET,"[96475, 62313, 55006, 144828, 139137, 87613, 65449, 133670, 27230, 128890, 100451, 29909, 58011, 134016, 135818, 132555, 47388, 64359, 22271, 131071]",1
1344,TRAIN,ATTACK_ONSET,"[54162, 55133, 21662, 23871, 118746, 127332, 140553, 96141, 82016, 122226, 11446, 145271, 31836, 28682, 95671, 47688, 87450, 7098, 68472, 9516]",1
1345,TRAIN,ATTACK_ONSET,"[56214, 141074, 111153, 141547, 21802, 11979, 132672, 111361, 74532, 139129, 105143, 51958, 127968, 35387, 9992, 68118, 141509, 40390, 99398, 68929]",1
1346,TRAIN,ATTACK_ONSET,"[28557, 57899, 145637, 68935, 147180, 129728, 25498, 4571, 59665, 63420, 95553, 57761, 38367, 59771, 122200, 131399, 76776, 97424, 125258, 14664]",1
1347,TRAIN,ATTACK_ONSET,"[148470, 32418, 93344, 50279, 101786, 90821, 95616, 74447, 140857, 14662, 96214, 120012, 11020, 112039, 127929, 40629, 28448, 44308, 45489, 76628]",1
1348,TRAIN,ATTACK_ONSET,"[18126, 77502, 119735, 82721, 2966, 122581, 117212, 143975, 11608, 44623, 91029, 125116, 124151, 29534, 68603, 87635, 52747, 17749, 98970, 65036]",1
1349,TRAIN,ATTACK_ONSET,"[76386, 84957, 65336, 73887, 124220, 108238, 48920, 44211, 51544, 111981, 30259, 46900, 78224, 135545, 5525, 91150, 27552, 124014, 7121, 87656]",1
1350,TRAIN,ATTACK_ONSET,"[100756, 118843, 135984, 142925, 7847, 79312, 136375, 93301, 81136, 74737, 115171, 51920, 44279, 38907, 12092, 82266, 1363, 40168, 115916, 104158]",1
1351,TRAIN,ATTACK_ONSET,"[12911, 145447, 35287, 52149, 136265, 49382, 59376, 1024, 82429, 64575, 6383, 91589, 81365, 121571, 69689, 84573, 43995, 139237, 21336, 123103]",1
1352,TRAIN,ATTACK_ONSET,"[141171, 41764, 14826, 47229, 116728, 25686, 23715, 133952, 66869, 140615, 78097, 149260, 86817, 145443, 62419, 135739, 143215, 109228, 39026, 144036]",1
1353,TRAIN,ATTACK_ONSET,"[6961, 147302, 1776, 60924, 51980, 123924, 8808, 81423, 27579, 29344, 29688, 56233, 36383, 64009, 81255, 58637, 111689, 133884, 19888, 32704]",1
1354,TRAIN,ATTACK_ONSET,"[114034, 76368, 140731, 108698, 2092, 28953, 46906, 91952, 114284, 108500, 51133, 134333, 51924, 71346, 98461, 41360, 17511, 81687, 148148, 128953]",1
1355,TRAIN,ATTACK_ONSET,"[132038, 76121, 43765, 146551, 22651, 102074, 73285, 49923, 2137, 40808, 26765, 128300, 24771, 148814, 45540, 130209, 65944, 11277, 37254, 101052]",1
1356,TRAIN,ATTACK_ONSET,"[7421, 84369, 7495, 100300, 103090, 101549, 122698, 98116, 88199, 97006, 13805, 13584, 26487, 44036, 56529, 41808, 11475, 17214, 82334, 116193]",1
1357,TRAIN,ATTACK_ONSET,"[68214, 110778, 129260, 145655, 89736, 137792, 105008, 62874, 104367, 68335, 148484, 12366, 102715, 67368, 30688, 6812, 11409, 41128, 36297, 1457]",1
1358,TRAIN,ATTACK_ONSET,"[138419, 6820, 100297, 143918, 32918, 16409, 51742, 86103, 53678, 63347, 126023, 57671, 66585, 89815, 24451, 85203, 2188, 98467, 141146, 145575]",1
1359,TRAIN,ATTACK_ONSET,"[119696, 84087, 2865, 133380, 8, 78669, 19127, 2423, 128128, 125033, 7449, 66432, 42499, 20315, 145520, 104786, 130689, 81770, 52255, 145982]",1
1360,TRAIN,ATTACK_ONSET,"[141024, 117802, 70717, 118147, 112630, 67527, 144254, 63725, 81559, 59065, 112054, 43466, 53345, 118354, 39305, 72831, 35845, 17757, 113343, 116508]",1
1361,TRAIN,ATTACK_ONSET,"[111612, 90293, 55606, 101025, 77304, 38196, 87047, 34743, 112737, 55602, 117809, 104957, 5251, 29043, 78699, 133765, 37063, 55754, 25386, 86232]",1
1362,TRAIN,ATTACK_ONSET,"[291, 136198, 6807, 108843, 98208, 61228, 92245, 15149, 86974, 139263, 88733, 74872, 110182, 130950, 25088, 130992, 78173, 104166, 31445, 93756]",1
1363,TRAIN,ATTACK_ONSET,"[93497, 58297, 98502, 135002, 58636, 61842, 19434, 91367, 38964, 141799, 148211, 35611, 74650, 122826, 96557, 51243, 48008, 71367, 129687, 109068]",1
1364,TRAIN,ATTACK_ONSET,"[26221, 117370, 120685, 73594, 75966, 7240, 5099, 98659, 57900, 148651, 106526, 128549, 107677, 72589, 50200, 69125, 13660, 140645, 508, 39208]",1
1365,TRAIN,ATTACK_ONSET,"[106666, 24628, 129221, 60463, 1784, 41980, 12781, 73033, 87436, 43959, 149661, 37664, 14000, 123023, 49357, 39722, 131968, 142848, 49894, 110075]",1
1366,TRAIN,ATTACK_ONSET,"[48177, 127328, 142887, 59466, 76738, 30178, 22780, 120879, 126886, 100597, 144714, 137658, 116578, 66385, 108126, 69298, 139268, 100519, 93261, 140249]",1
1367,TRAIN,ATTACK_ONSET,"[85062, 76255, 96718, 135420, 148269, 132177, 80298, 68345, 43903, 116908, 140761, 42551, 98932, 23303, 24987, 99894, 53038, 146403, 9310, 130739]",1
1368,TRAIN,ATTACK_ONSET,"[142567, 99202, 39993, 141963, 104822, 121374, 86657, 112729, 49869, 113057, 110668, 122294, 47556, 65864, 3162, 13639, 117474, 120152, 63804, 77835]",1
1369,TRAIN,ATTACK_ONSET,"[89929, 105919, 7849, 72536, 99927, 129183, 1373, 43158, 21703, 70247, 7083, 87032, 105851, 45013, 57247, 99640, 143229, 39764, 124898, 71975]",1
1370,TRAIN,ATTACK_ONSET,"[56040, 114844, 136629, 62897, 50594, 7546, 75334, 89333, 101428, 29782, 149791, 99217, 16014, 93110, 74011, 94190, 6914, 145492, 29369, 17927]",1
1371,TRAIN,ATTACK_ONSET,"[41993, 16502, 128793, 8947, 15460, 112873, 10001, 78440, 36660, 34189, 123542, 108311, 26359, 28292, 34008, 69543, 12674, 79552, 130138, 66652]",1
1372,TRAIN,ATTACK_ONSET,"[12953, 149799, 21552, 22526, 96993, 21484, 84151, 24799, 87946, 1762, 84320, 141647, 7303, 116167, 60016, 85844, 38723, 62815, 137084, 100630]",1
1373,TRAIN,ATTACK_ONSET,"[136920, 18068, 40161, 81438, 814, 49208, 122622, 44430, 84975, 122509, 14941, 14909, 84165, 2583, 53629, 11548, 90501, 123427, 149649, 88775]",1
1374,TRAIN,ATTACK_ONSET,"[109183, 31068, 93035, 98118, 44964, 77073, 32349, 78981, 7477, 80318, 34300, 149126, 52095, 74955, 65437, 58879, 12663, 109357, 62208, 140497]",1
1375,TRAIN,ATTACK_ONSET,"[91031, 103986, 66174, 66007, 116546, 139357, 75693, 8417, 103102, 134061, 144784, 67634, 25853, 80254, 101542, 40777, 83961, 79315, 77532, 120141]",1
1376,TRAIN,ATTACK_ONSET,"[43452, 55009, 60665, 90137, 45318, 16189, 59988, 97828, 64122, 78746, 127943, 65988, 74383, 57150, 15764, 2384, 104691, 82743, 57119, 103334]",1
1377,TRAIN,ATTACK_ONSET,"[48403, 91440, 5285, 107932, 97002, 41206, 124598, 93322, 83345, 126380, 29473, 104433, 121664, 2540, 1080, 21252, 37760, 51807, 104895, 16737]",1
1378,TRAIN,ATTACK_ONSET,"[74345, 89338, 42030, 79842, 85347, 110471, 122681, 104847, 46140, 27940, 40372, 87293, 40001, 136567, 8102, 28009, 116158, 45323, 137231, 131994]",1
1379,TRAIN,ATTACK_ONSET,"[29984, 144877, 70791, 99394, 54502, 37608, 32177, 143119, 68262, 147563, 129792, 108876, 116087, 108794, 101717, 129638, 55835, 104858, 134117, 27349]",1
1380,TRAIN,ATTACK_ONSET,"[88910, 10104, 136941, 62937, 75395, 105506, 92852, 124509, 138967, 70932, 58403, 90731, 68478, 77833, 20533, 35042, 50238, 44993, 14694, 25499]",1
1381,TRAIN,ATTACK_ONSET,"[82737, 58285, 76637, 116754, 71854, 134089, 55517, 93139, 130719, 2163, 23940, 123965, 27737, 47637, 69443, 87142, 81912, 141894, 35564, 60929]",1
1382,TRAIN,ATTACK_ONSET,"[104438, 120916, 118009, 22230, 79840, 148595, 109279, 140190, 125403, 136329, 21004, 121515, 120589, 143728, 26856, 69485, 115559, 148151, 82423, 144216]",1
1383,TRAIN,ATTACK_ONSET,"[147969, 112247, 59855, 84767, 62148, 32619, 137708, 101574, 34417, 43982, 130168, 74881, 29374, 61844, 86910, 26559, 18760, 33069, 144909, 73848]",1
1384,TRAIN,ATTACK_ONSET,"[10659, 37316, 62002, 98931, 99921, 115969, 24918, 101790, 91669, 21414, 111130, 90843, 98458, 92073, 9129, 46723, 108748, 45633, 81831, 65755]",1
1385,TRAIN,ATTACK_ONSET,"[127998, 101816, 26471, 80732, 121977, 54154, 30200, 147073, 29370, 78133, 20050, 94257, 144437, 14537, 62275, 81424, 138889, 57072, 138987, 110370]",1
1386,TRAIN,ATTACK_ONSET,"[39818, 2314, 143920, 64433, 100103, 3993, 73806, 87249, 144463, 101692, 34701, 102258, 87187, 135854, 76452, 126050, 61703, 101221, 126024, 80056]",1
1387,TRAIN,ATTACK_ONSET,"[30583, 73526, 113666, 87224, 69671, 82363, 11393, 54490, 43375, 63704, 94499, 118872, 144466, 16164, 87991, 139376, 30220, 121065, 133551, 99709]",1
1388,TRAIN,ATTACK_ONSET,"[98684, 32342, 15415, 23631, 20622, 91185, 24784, 132815, 92370, 98303, 114502, 121313, 113576, 107725, 79790, 145294, 99308, 133040, 93291, 77435]",1
1389,TRAIN,ATTACK_ONSET,"[28420, 67757, 149287, 56813, 32592, 36376, 133921, 18400, 44658, 55580, 101964, 40073, 82552, 120548, 29559, 69517, 18670, 86541, 97567, 15379]",1
1390,TRAIN,ATTACK_ONSET,"[50527, 130939, 114479, 53576, 52125, 52703, 27692, 149792, 103026, 126659, 136237, 54652, 12413, 76183, 45709, 114568, 97314, 141936, 18561, 102461]",1
1391,TRAIN,ATTACK_ONSET,"[141354, 139273, 23663, 58483, 54907, 139802, 4440, 79319, 85044, 66589, 130702, 32561, 78233, 128045, 109987, 105769, 98202, 88692, 21999, 76980]",1
1392,TRAIN,ATTACK_ONSET,"[64733, 9616, 123980, 7437, 2047, 125530, 134515, 118327, 143450, 32144, 125245, 128339, 510, 26112, 51707, 76089, 64123, 61796, 4633, 131932]",1
1393,TRAIN,ATTACK_ONSET,"[89126, 26189, 123143, 122368, 39344, 47064, 106002, 73223, 9000, 50803, 12440, 85123, 14906, 1946, 47443, 6991, 32597, 29634, 69437, 48311]",1
1394,TRAIN,ATTACK_ONSET,"[86764, 110675, 22961, 11385, 97713, 68050, 5500, 111196, 2045, 32213, 19296, 137133, 14453, 10796, 106910, 86756, 81950, 119222, 94803, 29479]",1
1395,TRAIN,ATTACK_ONSET,"[132523, 38174, 10014, 47519, 98623, 98685, 92935, 59230, 92736, 5047, 54250, 67942, 130946, 19220, 85950, 149220, 504, 37962, 55241, 60104]",1
1396,TRAIN,ATTACK_ONSET,"[2544, 32176, 71906, 88576, 119914, 143161, 119423, 30015, 39202, 148324, 54131, 34513, 14443, 84322, 85247, 14809, 7117, 101304, 36592, 18121]",1
1397,TRAIN,ATTACK_ONSET,"[63475, 89573, 107327, 115377, 5906, 52214, 149440, 117721, 116544, 147562, 115656, 104954, 57870, 9252, 44762, 16196, 25287, 63165, 21143, 66736]",1
1398,TRAIN,ATTACK_ONSET,"[39128, 1218, 50547, 82262, 72583, 77603, 113856, 107207, 58286, 100569, 140809, 44857, 94983, 10221, 79414, 141110, 56437, 8843, 37521, 92598]",1
1399,TRAIN,ATTACK_ONSET,"[64306, 79369, 2837, 138886, 69722, 49734, 103157, 37812, 59276, 73830, 44816, 83693, 84638, 53667, 25491, 93145, 49819, 25665, 101367, 113241]",1
1400,TRAIN,ATTACK_ONSET,"[86926, 39887, 4923, 53609, 111544, 5467, 64679, 132990, 65555, 21088, 55550, 98217, 77034, 20835, 111324, 110057, 90179, 29140, 59533, 108645]",1
1401,TRAIN,ATTACK_ONSET,"[131613, 66105, 89138, 65147, 63405, 122305, 129224, 28856, 103522, 30194, 54632, 49760, 22204, 51174, 115434, 11637, 23703, 59698, 37150, 106753]",1
1402,TRAIN,ATTACK_ONSET,"[15737, 118614, 104070, 137514, 7525, 63568, 103993, 38051, 106210, 100939, 81951, 136690, 138220, 118612, 111739, 82896, 119791, 90114, 117617, 98979]",1
1403,TRAIN,ATTACK_ONSET,"[65558, 112622, 139845, 43832, 71201, 140659, 88703, 40626, 12756, 145089, 113598, 81849, 10252, 53053, 148379, 5979, 148969, 812, 43858, 113547]",1
1404,TRAIN,ATTACK_ONSET,"[121352, 131784, 114092, 143217, 106493, 144075, 107169, 66302, 97652, 87258, 40194, 136195, 113236, 101141, 77685, 71588, 108727, 5843, 117725, 78915]",1
1405,TRAIN,ATTACK_ONSET,"[148220, 112574, 110230, 101172, 47369, 109881, 84174, 109126, 3342, 21829, 138729, 1766, 117024, 4332, 142929, 96894, 49346, 35058, 20203, 56100]",1
1406,TRAIN,ATTACK_ONSET,"[54640, 82285, 136475, 49273, 8012, 147238, 132633, 63195, 122880, 42108, 136037, 80018, 19197, 41598, 85412, 88801, 107795, 129379, 116426, 101003]",1
1407,TRAIN,ATTACK_ONSET,"[121779, 7973, 93416, 22971, 87370, 1356, 18879, 139462, 41639, 149517, 21772, 44029, 30651, 105168, 147789, 36742, 68850, 89208, 44418, 29655]",1
1408,TRAIN,ATTACK_ONSET,"[28283, 92181, 41106, 74496, 134447, 16287, 76936, 97515, 4841, 53423, 142382, 112323, 81186, 102794, 71526, 47875, 119210, 114381, 21828, 122596]",1
1409,TRAIN,ATTACK_ONSET,"[79892, 149000, 30319, 110619, 116801, 111666, 25566, 140527, 50392, 20629, 77429, 87586, 72796, 22884, 122310, 26013, 107045, 100715, 12750, 5278]",1
1410,TRAIN,ATTACK_ONSET,"[39330, 16109, 37265, 44979, 58495, 109052, 27219, 120744, 56677, 61270, 78813, 137024, 87141, 102219, 78040, 62294, 141788, 48677, 115422, 124913]",1
1411,TRAIN,ATTACK_ONSET,"[9663, 99513, 59518, 40820, 30342, 83002, 82312, 37932, 74732, 19139, 23373, 148611, 127724, 55260, 107956, 77688, 56963, 22963, 78723, 97944]",1
1412,TRAIN,ATTACK_ONSET,"[1594, 30748, 56024, 26917, 65976, 125674, 105698, 136096, 77052, 30967, 90300, 98629, 34693, 71243, 32714, 58554, 19195, 7147, 70115, 59752]",1
1413,TRAIN,ATTACK_ONSET,"[54757, 34482, 41812, 140331, 99762, 69829, 69551, 42091, 148684, 140486, 133856, 13631, 122065, 80217, 114999, 69968, 143702, 146163, 149506, 113623]",1
1414,TRAIN,ATTACK_ONSET,"[51963, 105765, 49922, 59075, 62745, 1268, 76380, 118881, 64279, 36986, 72159, 62036, 106383, 21214, 42054, 55061, 138745, 115935, 117374, 60962]",1
1415,TRAIN,ATTACK_ONSET,"[72660, 43561, 30425, 83415, 98369, 82056, 83042, 107018, 84510, 92743, 70729, 66296, 64702, 68425, 23369, 14029, 30367, 35540, 36262, 30993]",1
1416,TRAIN,ATTACK_ONSET,"[136, 57996, 11860, 69773, 34852, 33994, 33669, 17925, 64673, 145071, 28392, 59706, 105482, 35303, 16561, 149037, 73908, 121378, 98947, 31239]",1
1417,TRAIN,ATTACK_ONSET,"[22703, 85920, 41391, 97574, 45584, 100456, 9125, 113228, 142047, 45550, 4077, 141486, 10821, 68466, 141261, 117650, 100194, 24518, 1910, 35062]",1
1418,TRAIN,ATTACK_ONSET,"[24834, 131573, 46459, 6963, 74982, 142716, 98984, 34856, 49562, 49365, 37466, 140518, 33907, 121683, 38425, 135213, 31920, 20566, 98243, 111688]",1
1419,TRAIN,ATTACK_ONSET,"[130312, 147903, 51623, 119818, 48592, 43516, 135363, 93662, 148693, 92256, 63207, 8780, 75624, 30250, 130277, 86868, 141335, 73159, 141829, 19595]",1
1420,TRAIN,ATTACK_ONSET,"[65197, 131525, 146121, 93666, 19639, 114483, 38287, 331, 2562, 130786, 41114, 98965, 114238, 120487, 54725, 144032, 107952, 25312, 60916, 61501]",1
1421,TRAIN,ATTACK_ONSET,"[22887, 45301, 43377, 138434, 7743, 143132, 46340, 27961, 50289, 38208, 36550, 18883, 6217, 137087, 117817, 91729, 25656, 58756, 12944, 54276]",1
1422,TRAIN,ATTACK_ONSET,"[21785, 86066, 42395, 93174, 66651, 29158, 127254, 29365, 58085, 73445, 68218, 76793, 127892, 116716, 81517, 84565, 47926, 88933, 123157, 112340]",1
1423,TRAIN,ATTACK_ONSET,"[51229, 85460, 124889, 139048, 39769, 5241, 14696, 109130, 87448, 75532, 67436, 2079, 65318, 90383, 35434, 35616, 35634, 56530, 22384, 85752]",1
1424,TRAIN,ATTACK_ONSET,"[131191, 147759, 51856, 6133, 55653, 99689, 7972, 73762, 37766, 80115, 110596, 55736, 71572, 2695, 5040, 128845, 148032, 85053, 94443, 101241]",1
1425,TRAIN,ATTACK_ONSET,"[73357, 107467, 54777, 50105, 112964, 144818, 146454, 45196, 118545, 31795, 44682, 27887, 93758, 83750, 79027, 47514, 11254, 23944, 143584, 20786]",1
1426,TRAIN,ATTACK_ONSET,"[127156, 70417, 77761, 120107, 86483, 130693, 102846, 83285, 51445, 27498, 57431, 930, 57805, 147462, 70664, 62682, 20078, 50352, 122088, 3589]",1
1427,TRAIN,ATTACK_ONSET,"[45933, 85040, 17879, 144086, 64682, 124639, 9549, 145392, 137602, 97012, 79416, 11461, 116951, 60475, 144985, 55542, 130752, 113916, 6689, 74641]",1
1428,TRAIN,ATTACK_ONSET,"[120459, 96689, 132898, 90136, 89491, 36338, 74625, 45166, 115679, 127356, 28609, 91153, 27885, 64930, 980, 71249, 93408, 138981, 145315, 74611]",1
1429,TRAIN,ATTACK_ONSET,"[108405, 72074, 7930, 139581, 13221, 26303, 121909, 38530, 55710, 31053, 7224, 144801, 107704, 65545, 87549, 119217, 24867, 69799, 49858, 53734]",1
1430,TRAIN,ATTACK_ONSET,"[75861, 45900, 70840, 133939, 134366, 108257, 55015, 79071, 61505, 127854, 69247, 71978, 81785, 142350, 40798, 75202, 71294, 36356, 79803, 23698]",1
1431,TRAIN,ATTACK_ONSET,"[138423, 144077, 71725, 15742, 137568, 39218, 12298, 25967, 4700, 334, 71650, 42685, 16856, 22935, 15283, 70109, 15684, 38375, 91672, 64157]",1
1432,TRAIN,ATTACK_ONSET,"[19698, 112222, 78543, 117390, 85268, 104935, 106737, 43264, 133673, 18215, 70032, 31468, 74703, 3585, 54617, 32786, 57217, 88784, 127608, 93716]",1
1433,TRAIN,ATTACK_ONSET,"[52727, 104952, 33071, 33536, 34826, 57377, 93500, 84086, 59396, 113208, 4227, 28007, 74166, 43615, 20925, 22549, 86207, 107923, 19388, 105933]",1
1434,TRAIN,ATTACK_ONSET,"[31365, 68638, 70424, 4884, 78509, 110881, 142909, 25179, 38346, 122108, 68351, 135222, 147698, 131606, 102184, 51737, 2090, 67467, 29067, 7964]",1
1435,TRAIN,ATTACK_ONSET,"[60965, 130688, 28514, 3222, 74267, 21901, 147241, 70610, 2248, 9280, 145939, 66052, 19872, 145462, 48459, 133599, 90277, 62776, 64576, 44793]",1
1436,TRAIN,ATTACK_ONSET,"[44414, 67133, 136385, 18767, 5423, 31968, 55828, 7076, 88632, 62058, 9137, 55747, 72360, 9644, 28534, 137721, 5420, 69715, 15623, 27242]",1
1437,TRAIN,ATTACK_ONSET,"[81478, 134300, 42497, 4520, 146478, 65063, 4101, 51494, 55427, 109455, 1130, 101803, 131764, 65026, 42456, 140496, 85001, 146219, 125844, 131682]",1
1438,TRAIN,ATTACK_ONSET,"[124717, 35256, 96923, 121387, 126686, 143375, 24269, 115897, 109538, 146619, 124512, 21740, 133000, 92537, 85278, 76149, 52375, 35638, 100414, 52672]",1
1439,TRAIN,ATTACK_ONSET,"[38935, 5851, 72676, 52710, 42721, 79901, 91838, 72016, 134478, 91841, 102411, 29127, 108833, 110504, 58976, 136134, 92726, 36258, 21192, 37041]",1
1440,TRAIN,ATTACK_ONSET,"[114090, 48395, 3966, 52452, 128038, 11784, 103402, 110692, 135444, 132028, 108810, 41494, 109680, 72988, 84462, 47255, 83848, 109531, 149438, 104436]",1
1441,TRAIN,ATTACK_ONSET,"[147926, 135939, 121625, 131295, 114356, 74455, 37744, 146361, 7507, 31032, 46820, 5192, 63506, 46503, 138198, 131455, 85327, 12066, 133929, 127260]",1
1442,TRAIN,ATTACK_ONSET,"[61108, 56837, 112844, 135130, 63807, 12345, 107261, 86119, 10907, 49001, 128437, 97916, 59901, 78613, 129600, 12162, 112236, 134209, 135569, 24359]",1
1443,TRAIN,ATTACK_ONSET,"[87068, 29902, 11672, 2466, 33625, 81207, 65777, 20441, 55964, 108578, 123728, 9783, 140988, 18018, 90246, 149376, 705, 104121, 52367, 45115]",1
1444,TRAIN,ATTACK_ONSET,"[7515, 35795, 89632, 112518, 56505, 68499, 108662, 92975, 29597, 87622, 65258, 61692, 132019, 111819, 137678, 98035, 42753, 87138, 34556, 71833]",1
1445,TRAIN,ATTACK_ONSET,"[8886, 9483, 149226, 48737, 16647, 91181, 96200, 112029, 120378, 123352, 67021, 116198, 16301, 56608, 99572, 72579, 116620, 25649, 67036, 89325]",1
1446,TRAIN,ATTACK_ONSET,"[27492, 1199, 11201, 131893, 54815, 51930, 125966, 122117, 41153, 114187, 53788, 16098, 70471, 16312, 45657, 7741, 85509, 64312, 144469, 90796]",1
1447,TRAIN,ATTACK_ONSET,"[91967, 102675, 79988, 54372, 34456, 42580, 111053, 102561, 131498, 126587, 39848, 76169, 18232, 42211, 86325, 2818, 84387, 129683, 4644, 7540]",1
1448,TRAIN,ATTACK_ONSET,"[32324, 134323, 113142, 3190, 12385, 10977, 26808, 49453, 55558, 132370, 148605, 32018, 90551, 4833, 32952, 124050, 49533, 24611, 56003, 19130]",1
1449,TRAIN,ATTACK_ONSET,"[40920, 112923, 5414, 41627, 55219, 144616, 24227, 132999, 132310, 63244, 44246, 89682, 88150, 51217, 97575, 76455, 49464, 74167, 84110, 84134]",1
1450,TRAIN,ATTACK_ONSET,"[93959, 12356, 36175, 113902, 94596, 330, 96554, 77244, 88930, 137690, 14777, 95837, 32640, 68529, 146384, 126414, 103216, 18717, 60537, 7068]",1
1451,TRAIN,ATTACK_ONSET,"[105973, 101288, 52886, 34173, 85548, 29075, 83542, 193, 65960, 143904, 69713, 101632, 2482, 73464, 93682, 40837, 117064, 123081, 75909, 66027]",1
1452,TRAIN,ATTACK_ONSET,"[43524, 18586, 110917, 116245, 115243, 118527, 64933, 7158, 99802, 127931, 32734, 54995, 57593, 113951, 29869, 17005, 139681, 109732, 24557, 1181]",1
1453,TRAIN,ATTACK_ONSET,"[148867, 88094, 56869, 43623, 149171, 119115, 1850, 62114, 91630, 110401, 88247, 61764, 81630, 26674, 131910, 61306, 116147, 134, 71161, 81911]",1
1454,TRAIN,ATTACK_ONSET,"[89415, 122639, 64746, 24715, 61082, 61453, 60569, 72267, 118134, 27855, 8637, 46322, 69027, 146521, 140141, 31248, 94289, 15133, 66771, 46456]",1
1455,TRAIN,ATTACK_ONSET,"[66577, 4657, 29620, 27015, 117074, 43368, 44059, 124210, 118124, 33684, 74960, 43361, 129190, 97919, 19190, 60714, 102891, 70736, 53298, 50335]",1
1456,TRAIN,ATTACK_ONSET,"[121905, 139319, 14987, 82941, 72379, 31535, 14690, 78411, 51089, 74321, 19590, 131677, 74352, 28276, 101338, 82098, 124677, 50227, 109095, 8703]",1
1457,TRAIN,ATTACK_ONSET,"[57861, 72844, 64015, 53375, 93095, 78994, 143632, 56419, 109009, 14635, 109701, 127669, 43196, 115508, 68426, 70277, 115828, 124019, 107681, 70623]",1
1458,TRAIN,ATTACK_ONSET,"[114986, 112133, 122435, 108066, 59923, 141673, 107752, 143491, 104330, 121435, 42060, 20538, 100524, 113860, 130491, 133840, 59641, 73394, 135911, 50825]",1
1459,TRAIN,ATTACK_ONSET,"[6909, 13715, 34819, 32045, 21296, 77637, 130486, 91045, 36393, 67271, 46564, 53349, 1773, 13009, 24750, 26224, 122795, 123275, 139910, 73489]",1
1460,TRAIN,ATTACK_ONSET,"[142346, 124215, 148225, 6610, 37078, 57855, 111119, 102927, 80007, 80726, 123623, 100763, 48880, 95550, 13420, 135657, 111226, 48361, 102413, 9222]",1
1461,TRAIN,ATTACK_ONSET,"[74541, 88453, 13472, 85843, 48342, 74046, 132663, 135687, 68436, 78999, 13875, 86079, 118176, 7719, 55671, 136896, 36915, 7370, 138902, 145760]",1
1462,TRAIN,ATTACK_ONSET,"[137505, 121988, 88883, 73370, 84913, 29161, 55437, 124531, 67302, 86414, 81852, 127899, 109869, 60588, 115861, 132995, 100476, 64749, 92857, 48628]",1
1463,TRAIN,ATTACK_ONSET,"[120383, 17551, 52427, 136562, 20714, 121048, 111787, 81163, 17266, 99669, 13738, 4020, 66718, 87465, 76968, 76492, 40008, 22146, 9210, 37833]",1
1464,TRAIN,ATTACK_ONSET,"[108604, 86830, 111886, 52257, 16858, 114435, 27679, 58164, 96654, 18448, 111511, 38780, 118166, 6876, 32333, 89854, 130415, 100954, 20848, 2219]",1
1465,TRAIN,ATTACK_ONSET,"[74821, 34784, 22187, 14294, 13126, 75386, 65221, 5060, 88013, 74669, 127369, 43213, 22516, 63054, 127787, 136878, 43014, 74831, 130556, 17301]",1
1466,TRAIN,ATTACK_ONSET,"[86909, 116415, 1317, 105293, 146897, 102195, 103123, 32330, 94392, 124611, 73310, 13995, 74157, 66826, 79878, 134723, 16417, 130124, 73767, 3230]",1
1467,TRAIN,ATTACK_ONSET,"[78241, 62481, 106489, 3263, 73646, 591, 22987, 147457, 130712, 37423, 6769, 42720, 31658, 110038, 65517, 34991, 114378, 84139, 118962, 96154]",1
1468,TRAIN,ATTACK_ONSET,"[35151, 112740, 93695, 14755, 53811, 127190, 6631, 15363, 49037, 33243, 148310, 149823, 136510, 139629, 85130, 68532, 120553, 65030, 36903, 115574]",1
1469,TRAIN,ATTACK_ONSET,"[138183, 34406, 90403, 105367, 140971, 56293, 35374, 125926, 147911, 573, 2834, 40470, 140320, 127501, 543, 148483, 65052, 138572, 93081, 103913]",1
1470,TRAIN,ATTACK_ONSET,"[22594, 123583, 111552, 59354, 122881, 97993, 123688, 10429, 48575, 137093, 22909, 91993, 137352, 50563, 90519, 142841, 39499, 17629, 33468, 127617]",1
1471,TRAIN,ATTACK_ONSET,"[60888, 120463, 55281, 148804, 12491, 109971, 77946, 127148, 21358, 8346, 111867, 130899, 21187, 85264, 93656, 10558, 116397, 89288, 132560, 146922]",1
1472,TRAIN,ATTACK_ONSET,"[3474, 46116, 86853, 11175, 26116, 104737, 57139, 19869, 105152, 131072, 22466, 50177, 80095, 84996, 75229, 62105, 105231, 60598, 28198, 106197]",1
1473,TRAIN,ATTACK_ONSET,"[93721, 123879, 129236, 15233, 66766, 84836, 25762, 2502, 26498, 84902, 31668, 42118, 64999, 99528, 114895, 27544, 96929, 63189, 141389, 65541]",1
1474,TRAIN,ATTACK_ONSET,"[21324, 68223, 67187, 48538, 64168, 31583, 55182, 131465, 86404, 133402, 21098, 43205, 61454, 86805, 139017, 51852, 32137, 122150, 112302, 43622]",1
1475,TRAIN,ATTACK_ONSET,"[62966, 11974, 24585, 64952, 17917, 144528, 2582, 145771, 87813, 137685, 135146, 51021, 108044, 141671, 28632, 53716, 84264, 103576, 40116, 42101]",1
1476,TRAIN,ATTACK_ONSET,"[70082, 115680, 72548, 145364, 43294, 78597, 90490, 76485, 9061, 115512, 148118, 79348, 139556, 2302, 61001, 112215, 60789, 47586, 12355, 31669]",1
1477,TRAIN,ATTACK_ONSET,"[49820, 23881, 6289, 13271, 122102, 28984, 64036, 59220, 50785, 144470, 89235, 104626, 21517, 146229, 122261, 119381, 22535, 134379, 88937, 37799]",1
1478,TRAIN,ATTACK_ONSET,"[128952, 105592, 98294, 77921, 80643, 49851, 71986, 7858, 6957, 21709, 134460, 95715, 98254, 96321, 79341, 103275, 136249, 31592, 43714, 17557]",1
1479,TRAIN,ATTACK_ONSET,"[10616, 115201, 123154, 143037, 75010, 64331, 51471, 81598, 55216, 72605, 40977, 17912, 128238, 81859, 36430, 90684, 38155, 116753, 97270, 134698]",1
1480,TRAIN,ATTACK_ONSET,"[32128, 57230, 15780, 121006, 4967, 1778, 4858, 62411, 21205, 123319, 56627, 145796, 42015, 37875, 91148, 22521, 42529, 21184, 32620, 41696]",1
1481,TRAIN,ATTACK_ONSET,"[119994, 94446, 6367, 89784, 56572, 41499, 123932, 27474, 58412, 107458, 53930, 106998, 62448, 106326, 112965, 125684, 142480, 42582, 33544, 128711]",1
1482,TRAIN,ATTACK_ONSET,"[79088, 115829, 86811, 77015, 74079, 73311, 49716, 112214, 100727, 96327, 56319, 92069, 35485, 15445, 8009, 40610, 127012, 136102, 103753, 7092]",1
1483,TRAIN,ATTACK_ONSET,"[135738, 136805, 73390, 77066, 66819, 120331, 101936, 105982, 29349, 93101, 144922, 9540, 49709, 65721, 54259, 146092, 2126, 1341, 114800, 148270]",1
1484,TRAIN,ATTACK_ONSET,"[87396, 18277, 34286, 105841, 123177, 131776, 127143, 145045, 104751, 136013, 84893, 61641, 21453, 101561, 6947, 123624, 116367, 13794, 147951, 143883]",1
1485,TRAIN,ATTACK_ONSET,"[26210, 36263, 82060, 54116, 116946, 71543, 105882, 50916, 16730, 20628, 14168, 26375, 64750, 40370, 100159, 115946, 77248, 3702, 21917, 30170]",1
1486,TRAIN,ATTACK_ONSET,"[13384, 23348, 7606, 39372, 91934, 97836, 75217, 126557, 5647, 55935, 35815, 99177, 117909, 53822, 108298, 17369, 121579, 116356, 127889, 93069]",1
1487,TRAIN,ATTACK_ONSET,"[103817, 101763, 138416, 25432, 19217, 80175, 21717, 26129, 51834, 6772, 111630, 1360, 108824, 133585, 120344, 110856, 34061, 31126, 138096, 132838]",1
1488,TRAIN,ATTACK_ONSET,"[130101, 108898, 67439, 30295, 20344, 43059, 137107, 3402, 96294, 122974, 110642, 72045, 77444, 63613, 56368, 60420, 109010, 89381, 81126, 110084]",1
1489,TRAIN,ATTACK_ONSET,"[82246, 131205, 61710, 111622, 17199, 86076, 90455, 58235, 131431, 125845, 22447, 58850, 101883, 128388, 145622, 54197, 139680, 61711, 2316, 126191]",1
1490,TRAIN,ATTACK_ONSET,"[66685, 121893, 48199, 60646, 82629, 3917, 11539, 65495, 72146, 46132, 142281, 110959, 144728, 83559, 64372, 24608, 63576, 120158, 139036, 83268]",1
1491,TRAIN,ATTACK_ONSET,"[4241, 114889, 50239, 18541, 148980, 118342, 91555, 88821, 137453, 39132, 118621, 127243, 139168, 98604, 132260, 107584, 79392, 46465, 8638, 65648]",1
1492,TRAIN,ATTACK_ONSET,"[63950, 132223, 69160, 63805, 71835, 40454, 89040, 138926, 126578, 123124, 95878, 37953, 50159, 105735, 117927, 15028, 83857, 24017, 14625, 105731]",1
1493,TRAIN,ATTACK_ONSET,"[56848, 92660, 78217, 30820, 24379, 46030, 45116, 101588, 8092, 4047, 89836, 51259, 82540, 80488, 22668, 63812, 113978, 15391, 137345, 108354]",1
1494,TRAIN,ATTACK_ONSET,"[98764, 72986, 87005, 25813, 143354, 73414, 31262, 11334, 103441, 101303, 130619, 16297, 95148, 39564, 56498, 145475, 126492, 119793, 76252, 10093]",1
1495,TRAIN,ATTACK_ONSET,"[70199, 103862, 138494, 144596, 69983, 125262, 13240, 127729, 135906, 15573, 61518, 62344, 38638, 147097, 42922, 66883, 78530, 27316, 57474, 9628]",1
1496,TRAIN,ATTACK_ONSET,"[146133, 120299, 109332, 46209, 135669, 117715, 103109, 7192, 128085, 96179, 3058, 961, 134169, 105869, 105351, 29275, 50730, 121084, 136675, 35811]",1
1497,TRAIN,ATTACK_ONSET,"[62428, 104528, 123120, 124837, 110098, 102322, 135041, 29898, 109512, 13176, 13082, 119377, 100838, 120032, 68625, 101576, 111778, 140954, 54498, 19604]",1
1498,TRAIN,ATTACK_ONSET,"[2622, 19229, 40754, 127295, 16846, 143240, 77785, 94994, 66271, 97691, 83153, 111640, 3483, 108806, 146080, 100631, 9593, 7297, 3821, 25112]",1
1499,TRAIN,ATTACK_ONSET,"[13939, 45693, 124424, 29243, 49333, 66754, 146289, 24126, 102539, 83672, 99114, 106981, 74536, 128209, 103340, 34369, 123286, 45923, 58001, 15302]",1
1500,TRAIN,SUSTAINED_ATTACK,"[99223, 50022, 133183, 53770, 51249, 111414, 123857, 16135, 106086, 29095, 5374, 121407, 15843, 118660, 28085, 59131, 99341, 16358, 3275, 143407]",1
1501,TRAIN,SUSTAINED_ATTACK,"[41584, 114014, 54082, 45488, 145301, 113127, 125750, 129008, 56634, 7104, 9574, 114573, 65637, 121155, 15361, 38959, 113758, 19321, 102090, 66781]",1
1502,TRAIN,SUSTAINED_ATTACK,"[28445, 109841, 133102, 14165, 78546, 109798, 229, 54216, 85744, 51340, 44420, 59096, 19007, 76533, 115445, 85114, 90367, 116253, 113648, 35411]",1
1503,TRAIN,SUSTAINED_ATTACK,"[60833, 93610, 27176, 36312, 41268, 39034, 18344, 6732, 33492, 135622, 67258, 39508, 69822, 55131, 47292, 142803, 137715, 149485, 72230, 142475]",1
1504,TRAIN,SUSTAINED_ATTACK,"[20136, 137570, 15364, 108398, 141880, 70009, 114328, 73006, 105033, 22864, 7564, 65693, 44136, 86107, 148673, 2600, 74873, 17422, 50633, 133863]",1
1505,TRAIN,SUSTAINED_ATTACK,"[7555, 135155, 75992, 56245, 114609, 99924, 27531, 102488, 39013, 87038, 48364, 137418, 389, 45306, 107706, 91427, 94395, 137247, 141676, 62156]",1
1506,TRAIN,SUSTAINED_ATTACK,"[29463, 32086, 40304, 22812, 87831, 58944, 102812, 5487, 122283, 115565, 27477, 83906, 17105, 58413, 46063, 15412, 123549, 146422, 146188, 133256]",1
1507,TRAIN,SUSTAINED_ATTACK,"[127025, 14770, 9534, 10957, 83712, 120240, 42932, 34002, 9546, 117175, 37901, 31434, 37591, 55464, 22905, 53406, 11875, 148073, 89712, 28078]",1
1508,TRAIN,SUSTAINED_ATTACK,"[139170, 134094, 93849, 80821, 6478, 134520, 51092, 29082, 145241, 134658, 107449, 38269, 109396, 1046, 30179, 69967, 8318, 142011, 96444, 40298]",1
1509,TRAIN,SUSTAINED_ATTACK,"[65014, 51325, 64362, 3693, 86398, 56047, 25012, 59746, 25784, 133438, 27182, 16466, 134746, 125882, 68832, 109654, 23813, 115218, 127164, 105030]",1
1510,TRAIN,SUSTAINED_ATTACK,"[93781, 32794, 21723, 20003, 141801, 78829, 72438, 149556, 52709, 146665, 118394, 124239, 125821, 38161, 102339, 96546, 55347, 58191, 120720, 102567]",1
1511,TRAIN,SUSTAINED_ATTACK,"[132483, 68702, 40028, 145252, 119628, 44288, 41940, 69580, 99500, 114859, 49825, 57532, 76363, 80810, 33671, 34751, 40665, 44054, 113944, 117587]",1
1512,TRAIN,SUSTAINED_ATTACK,"[13441, 95419, 22866, 136246, 89461, 14324, 58699, 84032, 126397, 134955, 17035, 20559, 40506, 72801, 65941, 29714, 94127, 46332, 102338, 3170]",1
1513,TRAIN,SUSTAINED_ATTACK,"[127358, 126724, 140424, 130795, 118349, 52964, 16854, 38507, 53888, 133868, 18010, 21682, 55042, 122982, 55056, 20959, 38746, 148255, 32033, 56838]",1
1514,TRAIN,SUSTAINED_ATTACK,"[136755, 141438, 75758, 8484, 3479, 102148, 21961, 33823, 30764, 122196, 16955, 54582, 136222, 132155, 136141, 9557, 56983, 123593, 63186, 63048]",1
1515,TRAIN,SUSTAINED_ATTACK,"[103911, 144981, 106479, 118269, 105984, 63406, 30473, 74751, 129985, 100497, 93309, 90112, 94182, 138228, 66977, 123721, 49344, 99471, 143414, 121260]",1
1516,TRAIN,SUSTAINED_ATTACK,"[105645, 8855, 111274, 139364, 133549, 97112, 96405, 142004, 142029, 23858, 100060, 145616, 45099, 30074, 34232, 25182, 142861, 109536, 133046, 70342]",1
1517,TRAIN,SUSTAINED_ATTACK,"[72281, 111931, 112983, 77742, 58411, 9273, 114670, 111789, 50343, 128863, 6569, 84475, 87296, 10459, 88932, 119673, 126800, 120092, 61168, 148983]",1
1518,TRAIN,SUSTAINED_ATTACK,"[16989, 21609, 66746, 135012, 148185, 103449, 39308, 49057, 71492, 15706, 36902, 105141, 78755, 139399, 125088, 64676, 92294, 55365, 61806, 15367]",1
1519,TRAIN,SUSTAINED_ATTACK,"[100101, 49477, 79106, 9144, 131660, 30513, 35197, 97985, 145180, 101714, 71723, 129453, 31521, 126739, 141914, 47599, 58462, 97874, 54657, 45779]",1
1520,TRAIN,SUSTAINED_ATTACK,"[132593, 39426, 112612, 35798, 79324, 44060, 98204, 109956, 41086, 68939, 57615, 35848, 130346, 94107, 43849, 21318, 43948, 9503, 79665, 85380]",1
1521,TRAIN,SUSTAINED_ATTACK,"[127550, 75913, 147404, 55310, 15719, 19938, 55862, 102532, 91111, 31272, 130737, 19950, 43828, 70229, 109566, 4082, 130857, 21524, 109617, 110306]",1
1522,TRAIN,SUSTAINED_ATTACK,"[55145, 32083, 120528, 130773, 41512, 97672, 61626, 25246, 3459, 33947, 69845, 117215, 135927, 21519, 104617, 37476, 87241, 117680, 102662, 863]",1
1523,TRAIN,SUSTAINED_ATTACK,"[48088, 57903, 141025, 92552, 3244, 24790, 140704, 85288, 63108, 70016, 37977, 16637, 36623, 107225, 53725, 30175, 9277, 148302, 5163, 22111]",1
1524,TRAIN,SUSTAINED_ATTACK,"[115621, 34215, 535, 130701, 63387, 24467, 44307, 42185, 79465, 61939, 72425, 96292, 64215, 148262, 118645, 122690, 108055, 126923, 94760, 119997]",1
1525,TRAIN,SUSTAINED_ATTACK,"[128840, 147519, 131417, 53459, 82595, 87183, 125910, 143699, 138248, 49570, 55854, 23356, 23452, 41033, 86670, 118728, 23761, 7055, 12593, 95575]",1
1526,TRAIN,SUSTAINED_ATTACK,"[54292, 97120, 59654, 22593, 97585, 27449, 73108, 127553, 8596, 93433, 18288, 53634, 13145, 137700, 29468, 100877, 75003, 19337, 18796, 32329]",1
1527,TRAIN,SUSTAINED_ATTACK,"[111900, 124345, 47048, 138804, 86065, 8610, 105536, 3691, 19292, 79395, 15756, 64393, 87870, 38339, 86709, 91996, 26644, 75644, 99840, 127338]",1
1528,TRAIN,SUSTAINED_ATTACK,"[37276, 127209, 85106, 56134, 102334, 19299, 139513, 82848, 126091, 39753, 82157, 55672, 142641, 139561, 42705, 93977, 90089, 42307, 36005, 31123]",1
1529,TRAIN,SUSTAINED_ATTACK,"[64844, 17590, 129877, 127554, 148952, 147480, 121737, 144689, 120006, 29678, 103345, 88686, 15600, 123167, 92230, 43430, 68091, 88549, 112807, 144200]",1
1530,TRAIN,SUSTAINED_ATTACK,"[145245, 142280, 98601, 8528, 17240, 129229, 68571, 68922, 117471, 620, 7496, 46221, 32750, 136063, 44320, 114037, 3709, 144758, 20641, 60105]",1
1531,TRAIN,SUSTAINED_ATTACK,"[25057, 94752, 23483, 60912, 137633, 31959, 30139, 25380, 55721, 30780, 136553, 122899, 76985, 93464, 10781, 91847, 136546, 48656, 63815, 106242]",1
1532,TRAIN,SUSTAINED_ATTACK,"[90, 103730, 95457, 16572, 123195, 94914, 98824, 3697, 102720, 11950, 91785, 103972, 24692, 47116, 60399, 28084, 7487, 29390, 104182, 83531]",1
1533,TRAIN,SUSTAINED_ATTACK,"[76259, 47956, 30004, 33154, 117669, 32286, 66830, 86092, 3274, 26218, 104535, 111738, 117389, 69511, 47801, 1068, 8153, 39939, 125606, 27007]",1
1534,TRAIN,SUSTAINED_ATTACK,"[133453, 103278, 114397, 27788, 103035, 133413, 68566, 2397, 81959, 146828, 116019, 92729, 128306, 42254, 107179, 35030, 30860, 84589, 110311, 93263]",1
1535,TRAIN,SUSTAINED_ATTACK,"[9244, 52592, 10223, 44533, 103568, 129526, 7140, 65130, 57774, 63280, 50768, 144743, 62050, 65135, 119380, 100427, 25944, 131522, 117496, 99182]",1
1536,TRAIN,SUSTAINED_ATTACK,"[25116, 65415, 144427, 130307, 110432, 29278, 126860, 48585, 116406, 73626, 86903, 79764, 79719, 111440, 29919, 113667, 87499, 97814, 72853, 67470]",1
1537,TRAIN,SUSTAINED_ATTACK,"[21224, 19858, 63473, 79824, 30312, 118739, 49506, 7035, 18023, 118386, 55576, 91086, 56995, 77829, 126694, 87435, 2941, 53455, 33491, 22860]",1
1538,TRAIN,SUSTAINED_ATTACK,"[91423, 133819, 70442, 87405, 96445, 5551, 148012, 75101, 108176, 129461, 110303, 25321, 37207, 33329, 28652, 81351, 136662, 85741, 90048, 68024]",1
1539,TRAIN,SUSTAINED_ATTACK,"[20452, 95527, 43980, 104098, 91453, 86499, 72092, 52889, 50107, 114505, 105334, 46686, 76321, 21914, 99920, 138197, 117429, 113739, 124704, 116882]",1
1540,TRAIN,SUSTAINED_ATTACK,"[43219, 98349, 130299, 138362, 179, 93440, 86601, 73367, 131010, 115123, 107201, 44292, 86511, 11158, 61005, 80663, 103413, 111905, 60510, 49627]",1
1541,TRAIN,SUSTAINED_ATTACK,"[112478, 81461, 128672, 106975, 149343, 56029, 43433, 121644, 69210, 32804, 139416, 106024, 131156, 60525, 51476, 59107, 143194, 23013, 11749, 41409]",1
1542,TRAIN,SUSTAINED_ATTACK,"[66916, 40653, 44528, 42659, 30739, 149102, 29801, 72926, 50571, 10257, 144406, 138482, 94349, 61756, 4626, 55164, 134966, 83079, 33142, 116092]",1
1543,TRAIN,SUSTAINED_ATTACK,"[147795, 97285, 24913, 53503, 124433, 87874, 12123, 42969, 144904, 140248, 85188, 120408, 50290, 48452, 96631, 13618, 101513, 145560, 53825, 31279]",1
1544,TRAIN,SUSTAINED_ATTACK,"[60729, 137949, 91501, 59951, 27272, 88073, 31798, 111902, 100868, 31080, 58639, 91661, 109080, 83597, 148400, 138783, 100217, 16272, 45192, 144542]",1
1545,TRAIN,SUSTAINED_ATTACK,"[67163, 128856, 117937, 137138, 62185, 88754, 127790, 129890, 108157, 46240, 14601, 131311, 56443, 70829, 3211, 9993, 132775, 108033, 52933, 116874]",1
1546,TRAIN,SUSTAINED_ATTACK,"[82358, 129993, 65889, 52685, 68446, 89119, 6872, 3114, 60960, 112796, 72720, 115577, 143130, 17258, 72785, 114953, 11803, 21132, 15673, 135354]",1
1547,TRAIN,SUSTAINED_ATTACK,"[72547, 135656, 82430, 95461, 102058, 80649, 86190, 65729, 102870, 35169, 44913, 57264, 83177, 50499, 98566, 72874, 92879, 7041, 118960, 95631]",1
1548,TRAIN,SUSTAINED_ATTACK,"[83411, 95099, 14913, 40810, 1173, 124425, 55657, 79477, 36359, 43763, 41259, 130184, 75112, 65861, 65742, 27769, 86634, 32167, 89981, 106263]",1
1549,TRAIN,SUSTAINED_ATTACK,"[55546, 129194, 66849, 114786, 26257, 64243, 2763, 887, 79576, 2023, 7469, 25418, 48058, 93096, 91454, 86364, 71575, 18033, 100077, 24160]",1
1550,TRAIN,SUSTAINED_ATTACK,"[96006, 58255, 121573, 74421, 143087, 29055, 43657, 20453, 143416, 127769, 113551, 128553, 35190, 38566, 120569, 51841, 44741, 64365, 113187, 134843]",1
1551,TRAIN,SUSTAINED_ATTACK,"[47958, 37372, 51752, 141382, 134210, 121062, 36367, 416, 30166, 98627, 86317, 102788, 40401, 125250, 146168, 43750, 15470, 98640, 102321, 33023]",1
1552,TRAIN,SUSTAINED_ATTACK,"[119030, 3906, 16437, 2704, 6616, 128927, 102708, 95822, 53557, 7134, 105121, 12207, 31537, 142311, 122599, 41597, 38524, 134227, 76062, 132499]",1
1553,TRAIN,SUSTAINED_ATTACK,"[139292, 37777, 25907, 119749, 93585, 124480, 44686, 56522, 102776, 78030, 101334, 51932, 114951, 83827, 57103, 120332, 117894, 82681, 96177, 59615]",1
1554,TRAIN,SUSTAINED_ATTACK,"[45828, 116394, 65880, 123022, 20202, 132083, 61540, 90001, 147898, 100933, 92278, 135724, 133750, 135532, 29394, 65685, 141571, 2630, 92735, 19880]",1
1555,TRAIN,SUSTAINED_ATTACK,"[276, 61878, 769, 56842, 96575, 25824, 60427, 72652, 110441, 38085, 132017, 112404, 79578, 63300, 21191, 83212, 79097, 102449, 81640, 38086]",1
1556,TRAIN,SUSTAINED_ATTACK,"[83850, 45656, 87969, 149095, 46378, 2203, 133829, 59798, 34810, 141419, 2974, 120899, 131449, 119829, 11246, 92226, 106212, 83686, 102750, 123550]",1
1557,TRAIN,SUSTAINED_ATTACK,"[8437, 61662, 13037, 77360, 39831, 27363, 139807, 52180, 45468, 38034, 42622, 122586, 93565, 131636, 64819, 45639, 64752, 144988, 121455, 71333]",1
1558,TRAIN,SUSTAINED_ATTACK,"[9913, 111701, 77286, 80901, 77679, 52097, 62499, 66549, 98163, 24821, 81627, 49465, 119108, 104582, 54071, 65837, 95345, 89084, 141721, 80039]",1
1559,TRAIN,SUSTAINED_ATTACK,"[146245, 112704, 120794, 68726, 31084, 36099, 114468, 41322, 34862, 116382, 8902, 58295, 53681, 139246, 55956, 44167, 25131, 10994, 134818, 33237]",1
1560,TRAIN,SUSTAINED_ATTACK,"[122623, 67221, 81047, 78245, 19291, 141247, 74305, 91450, 74328, 135453, 22400, 12306, 104690, 143004, 103683, 25251, 108901, 44310, 124315, 6248]",1
1561,TRAIN,SUSTAINED_ATTACK,"[95582, 123088, 141879, 118866, 46907, 146735, 37172, 101893, 31930, 17760, 48819, 58808, 121521, 75766, 105824, 87410, 67159, 126572, 69820, 9656]",1
1562,TRAIN,SUSTAINED_ATTACK,"[64360, 134050, 137008, 85600, 6743, 110349, 120991, 103808, 119026, 91746, 84770, 141112, 7309, 66777, 68688, 110011, 16893, 85284, 129901, 130406]",1
1563,TRAIN,SUSTAINED_ATTACK,"[110491, 80791, 97859, 139095, 36488, 101278, 128058, 80452, 148563, 63337, 60485, 137131, 143522, 105856, 17298, 130391, 36107, 79012, 32291, 147106]",1
1564,TRAIN,SUSTAINED_ATTACK,"[14821, 13551, 54194, 72024, 136467, 88105, 85565, 3891, 39293, 51323, 116419, 113942, 111943, 106979, 23847, 85454, 82328, 93917, 51840, 16694]",1
1565,TRAIN,SUSTAINED_ATTACK,"[112018, 38800, 55098, 10587, 92220, 28831, 28944, 109982, 1526, 142862, 128079, 17086, 125288, 124505, 137511, 83944, 81062, 26779, 148551, 34816]",1
1566,TRAIN,SUSTAINED_ATTACK,"[37429, 41198, 133357, 138165, 52432, 145269, 123813, 14073, 4302, 4229, 110482, 55148, 83792, 143188, 42939, 126508, 95872, 41559, 31938, 13589]",1
1567,TRAIN,SUSTAINED_ATTACK,"[115036, 44448, 108469, 5945, 8109, 8560, 99234, 137233, 107832, 91844, 73076, 76540, 90617, 38855, 56496, 694, 47285, 136474, 124262, 31960]",1
1568,TRAIN,SUSTAINED_ATTACK,"[143761, 73327, 66482, 22731, 73834, 80431, 3216, 133842, 102611, 22359, 15115, 3846, 197, 85760, 119939, 33888, 144304, 128476, 27168, 139144]",1
1569,TRAIN,SUSTAINED_ATTACK,"[121476, 68831, 129864, 16324, 61990, 146040, 99780, 88870, 31048, 74459, 140120, 116591, 60064, 132869, 124718, 146587, 96904, 2539, 146888, 103495]",1
1570,TRAIN,SUSTAINED_ATTACK,"[36497, 39323, 43656, 122098, 88038, 104884, 115942, 131078, 53487, 131154, 111888, 90910, 51011, 147439, 69047, 149605, 119893, 106702, 75687, 82462]",1
1571,TRAIN,SUSTAINED_ATTACK,"[76678, 19977, 61124, 135671, 35281, 121582, 135073, 96459, 35436, 116212, 32063, 115672, 84536, 20196, 113554, 121484, 1873, 134584, 81326, 58010]",1
1572,TRAIN,SUSTAINED_ATTACK,"[71523, 65540, 82116, 58234, 128491, 54254, 53755, 82317, 65236, 11356, 68750, 1595, 72469, 56626, 74355, 36632, 2947, 118285, 103074, 52519]",1
1573,TRAIN,SUSTAINED_ATTACK,"[35580, 103199, 59336, 71281, 3478, 46811, 144484, 106395, 70233, 80246, 79955, 43653, 26702, 49239, 41531, 142449, 41621, 10719, 111334, 24605]",1
1574,TRAIN,SUSTAINED_ATTACK,"[16787, 146564, 47852, 12752, 65869, 133553, 35788, 143285, 44439, 123685, 94180, 119405, 120670, 103349, 25979, 63150, 14102, 85225, 79813, 107036]",1
1575,TRAIN,SUSTAINED_ATTACK,"[66833, 16308, 63564, 53602, 3192, 132334, 52496, 134020, 98630, 97516, 140174, 108624, 130698, 58576, 101958, 125755, 136059, 28643, 69539, 38825]",1
1576,TRAIN,SUSTAINED_ATTACK,"[85206, 139534, 103260, 90842, 80168, 135476, 93517, 115950, 134288, 20059, 101751, 91483, 104464, 75474, 80556, 41277, 128173, 21732, 52821, 75084]",1
1577,TRAIN,SUSTAINED_ATTACK,"[128036, 126069, 92908, 81934, 50079, 54890, 43302, 12631, 69265, 105376, 3838, 68146, 17234, 119870, 111420, 132244, 793, 117845, 29812, 111758]",1
1578,TRAIN,SUSTAINED_ATTACK,"[98222, 35901, 46175, 142606, 57714, 130259, 120785, 55506, 91018, 134807, 131584, 138995, 56271, 123649, 74875, 143674, 108997, 42572, 101168, 115264]",1
1579,TRAIN,SUSTAINED_ATTACK,"[94109, 57549, 53910, 146129, 76478, 123104, 113997, 147716, 108342, 79963, 10311, 52667, 11623, 111967, 6177, 71290, 115651, 97392, 130519, 145009]",1
1580,TRAIN,SUSTAINED_ATTACK,"[130545, 102382, 114903, 47747, 24552, 149466, 128627, 94785, 10478, 141356, 69140, 29094, 40622, 7191, 64871, 37696, 68634, 105782, 31745, 6453]",1
1581,TRAIN,SUSTAINED_ATTACK,"[114850, 67211, 77124, 34837, 44736, 102484, 136414, 135412, 4378, 36703, 49450, 113851, 24838, 43396, 104425, 58669, 114434, 143158, 10707, 38315]",1
1582,TRAIN,SUSTAINED_ATTACK,"[137459, 63680, 145586, 46306, 111955, 122997, 100675, 57309, 126516, 51278, 108641, 81549, 109404, 57953, 112240, 100803, 96637, 108893, 135294, 34527]",1
1583,TRAIN,SUSTAINED_ATTACK,"[84300, 132300, 52176, 23566, 52038, 77957, 96237, 127624, 67658, 89281, 53477, 13062, 93803, 121937, 130148, 98992, 146529, 37806, 131740, 115261]",1
1584,TRAIN,SUSTAINED_ATTACK,"[132355, 15827, 6409, 63745, 91300, 64919, 36022, 147757, 123342, 142357, 122567, 77486, 144425, 46772, 144673, 22766, 36095, 36366, 15105, 17115]",1
1585,TRAIN,SUSTAINED_ATTACK,"[46033, 35657, 73881, 139162, 58497, 135797, 100051, 147053, 98255, 15810, 6272, 46902, 60991, 90210, 119441, 133217, 130002, 4612, 16365, 41178]",1
1586,TRAIN,SUSTAINED_ATTACK,"[35331, 4188, 75166, 90254, 34307, 78152, 51367, 147016, 118913, 50816, 84870, 132521, 111699, 43025, 105205, 60898, 35091, 48170, 107582, 147833]",1
1587,TRAIN,SUSTAINED_ATTACK,"[33494, 92781, 24184, 42878, 140976, 35136, 12919, 128082, 100261, 62719, 17210, 54601, 10682, 95272, 103205, 121734, 93528, 111771, 107293, 85156]",1
1588,TRAIN,SUSTAINED_ATTACK,"[13497, 61676, 140007, 47786, 115788, 51999, 45125, 77129, 50420, 136582, 60930, 23546, 38072, 147904, 2377, 149719, 25005, 120531, 83673, 94291]",1
1589,TRAIN,SUSTAINED_ATTACK,"[26497, 97613, 36388, 39756, 8086, 27989, 71437, 64875, 88119, 36405, 103339, 55273, 60980, 33518, 61781, 59733, 140597, 83770, 28617, 125950]",1
1590,TRAIN,SUSTAINED_ATTACK,"[89931, 86559, 68749, 6298, 100857, 116900, 109398, 25725, 144587, 76580, 139879, 85465, 9329, 128550, 61138, 58351, 33034, 85502, 90815, 123100]",1
1591,TRAIN,SUSTAINED_ATTACK,"[139107, 106261, 103129, 26462, 74266, 31506, 135682, 135374, 48915, 55996, 2698, 103410, 98645, 144622, 95349, 112235, 141669, 147495, 126105, 42100]",1
1592,TRAIN,SUSTAINED_ATTACK,"[70085, 79091, 94856, 112014, 134579, 72063, 44535, 82171, 78752, 142495, 92938, 110740, 10795, 136869, 29860, 46733, 129842, 143871, 19517, 135310]",1
1593,TRAIN,SUSTAINED_ATTACK,"[97679, 55667, 131262, 9958, 23227, 120334, 80478, 96367, 18707, 24847, 35350, 89153, 149321, 115372, 78046, 125394, 87286, 147349, 68551, 81993]",1
1594,TRAIN,SUSTAINED_ATTACK,"[113424, 137226, 71929, 148771, 108335, 81087, 30265, 34287, 83718, 105560, 113539, 140689, 106828, 57635, 17072, 69577, 91014, 12840, 35511, 92534]",1
1595,TRAIN,SUSTAINED_ATTACK,"[56744, 83445, 108308, 77249, 134682, 144127, 129849, 90495, 96913, 19110, 103465, 75798, 15135, 91590, 71501, 80548, 97311, 7909, 74647, 54638]",1
1596,TRAIN,SUSTAINED_ATTACK,"[101051, 84494, 83983, 8202, 111776, 70708, 103307, 41192, 125218, 132386, 23261, 71146, 44220, 57275, 47942, 62384, 55618, 130610, 77484, 18242]",1
1597,TRAIN,SUSTAINED_ATTACK,"[80862, 93903, 56971, 147772, 11097, 56739, 94808, 87811, 95513, 40108, 107376, 2970, 1832, 99183, 116117, 75662, 18906, 78688, 129352, 120839]",1
1598,TRAIN,SUSTAINED_ATTACK,"[13800, 139812, 40138, 142138, 57277, 148912, 34178, 117775, 34690, 105663, 49305, 86878, 88451, 93151, 95314, 57401, 94599, 106145, 45191, 43913]",1
1599,TRAIN,SUSTAINED_ATTACK,"[136016, 16435, 107351, 20303, 108262, 25950, 141440, 24435, 5574, 130296, 61671, 7883, 57282, 122060, 63168, 60247, 35547, 118423, 62670, 118434]",1
1600,TRAIN,SUSTAINED_ATTACK,"[93042, 49813, 24898, 103, 112516, 43539, 87516, 145509, 42535, 70542, 56298, 76643, 90012, 110700, 86639, 41061, 50422, 99779, 121532, 63474]",1
1601,TRAIN,SUSTAINED_ATTACK,"[62334, 2024, 49104, 70805, 45613, 41864, 137179, 86450, 81793, 58553, 22138, 80671, 105861, 9071, 115183, 77630, 72653, 120002, 135387, 99714]",1
1602,TRAIN,SUSTAINED_ATTACK,"[57705, 66969, 34360, 125561, 121570, 100989, 138844, 27297, 97783, 103175, 122462, 37963, 43775, 78488, 14178, 10002, 3069, 64277, 126216, 16961]",1
1603,TRAIN,SUSTAINED_ATTACK,"[48704, 147396, 141665, 83630, 3025, 137731, 20842, 46570, 117288, 62794, 29526, 136242, 90169, 24387, 88184, 27591, 9077, 13626, 57860, 80053]",1
1604,TRAIN,SUSTAINED_ATTACK,"[75321, 79131, 115548, 63501, 355, 58907, 111722, 91649, 126710, 98964, 28911, 12031, 145881, 57816, 148308, 82626, 124709, 31025, 79062, 74584]",1
1605,TRAIN,SUSTAINED_ATTACK,"[122583, 148239, 147656, 60509, 20132, 96535, 62835, 19271, 74646, 47736, 40375, 86570, 132627, 92365, 96872, 76892, 89781, 47100, 123274, 67485]",1
1606,TRAIN,SUSTAINED_ATTACK,"[102081, 57510, 45256, 36578, 60482, 116784, 75609, 84405, 67128, 110969, 128322, 62866, 58233, 71036, 83027, 22646, 134453, 85403, 136743, 112068]",1
1607,TRAIN,SUSTAINED_ATTACK,"[55975, 7531, 37763, 100527, 69453, 39351, 32637, 55186, 14311, 2994, 18827, 31335, 58892, 103272, 108107, 51525, 10069, 143106, 109605, 42207]",1
1608,TRAIN,SUSTAINED_ATTACK,"[61663, 33431, 122624, 97306, 116696, 140504, 48529, 125812, 8408, 149420, 141995, 38342, 87003, 137520, 137832, 89284, 51519, 50032, 143276, 87352]",1
1609,TRAIN,SUSTAINED_ATTACK,"[63430, 17308, 72592, 132528, 9676, 30359, 59222, 94169, 122725, 12329, 14958, 118990, 28809, 114382, 132387, 73341, 85645, 21513, 134220, 139833]",1
1610,TRAIN,SUSTAINED_ATTACK,"[102083, 2986, 128068, 72056, 116234, 9957, 129073, 145883, 63359, 132550, 43884, 75030, 87280, 91420, 50617, 131025, 95691, 8265, 97736, 15100]",1
1611,TRAIN,SUSTAINED_ATTACK,"[9052, 91260, 47762, 43321, 53849, 145794, 29078, 137960, 105347, 76294, 130289, 4915, 84431, 65271, 146206, 72528, 26, 101819, 33260, 107364]",1
1612,TRAIN,SUSTAINED_ATTACK,"[126998, 30384, 118338, 5068, 14316, 12038, 7527, 140779, 94652, 128979, 50583, 1267, 26898, 145671, 81898, 115694, 32340, 137693, 67330, 60684]",1
1613,TRAIN,SUSTAINED_ATTACK,"[6347, 24411, 15434, 48817, 94133, 104443, 114355, 40210, 59896, 44191, 55603, 25651, 45083, 71055, 134204, 37438, 1519, 28128, 45738, 6498]",1
1614,TRAIN,SUSTAINED_ATTACK,"[8797, 81753, 140444, 19908, 79520, 112412, 110455, 48606, 36572, 29988, 51339, 56222, 54309, 129147, 93993, 121662, 2737, 133131, 76760, 24872]",1
1615,TRAIN,SUSTAINED_ATTACK,"[71722, 19885, 46077, 53826, 143888, 77062, 26928, 72735, 90075, 103401, 29938, 30999, 45905, 84827, 115986, 78083, 47561, 138916, 136277, 139765]",1
1616,TRAIN,SUSTAINED_ATTACK,"[34090, 57014, 50444, 24990, 135877, 122562, 104692, 69582, 53513, 69334, 146733, 104406, 54414, 61318, 123101, 145561, 18114, 123586, 54334, 100907]",1
1617,TRAIN,SUSTAINED_ATTACK,"[72539, 44987, 55660, 71127, 366, 68374, 83163, 65342, 36399, 80696, 92662, 110155, 101781, 127290, 35678, 7216, 10978, 89123, 49883, 142629]",1
1618,TRAIN,SUSTAINED_ATTACK,"[67077, 44606, 2905, 74915, 146410, 47331, 63581, 69704, 147246, 113618, 82248, 74548, 84330, 144289, 27997, 132161, 13871, 108980, 37022, 127566]",1
1619,TRAIN,SUSTAINED_ATTACK,"[134905, 92274, 93908, 88160, 38771, 121210, 101044, 130732, 57284, 99918, 112115, 110891, 121804, 70734, 109509, 71604, 73169, 138366, 3726, 64801]",1
1620,TRAIN,SUSTAINED_ATTACK,"[112206, 41736, 85116, 135283, 121751, 88877, 140135, 141133, 56000, 145069, 106541, 115296, 54296, 89, 83112, 145879, 15966, 85250, 60418, 40589]",1
1621,TRAIN,SUSTAINED_ATTACK,"[115381, 122745, 14610, 136262, 80258, 63835, 1722, 7608, 58053, 132769, 20776, 44832, 141199, 62476, 132418, 92139, 53008, 22515, 144207, 129470]",1
1622,TRAIN,SUSTAINED_ATTACK,"[39067, 25868, 17856, 119704, 54175, 90225, 76305, 75005, 118858, 35192, 91022, 136576, 49505, 89223, 44792, 119608, 2385, 25424, 113800, 126813]",1
1623,TRAIN,SUSTAINED_ATTACK,"[50358, 66865, 14157, 83315, 13130, 91925, 71413, 102196, 343, 3982, 60329, 112084, 69748, 72754, 37503, 10502, 82222, 5878, 135481, 119206]",1
1624,TRAIN,SUSTAINED_ATTACK,"[65724, 48092, 47920, 21193, 148614, 5098, 116403, 117631, 124861, 74514, 40216, 41173, 90540, 90511, 68376, 39151, 43819, 135621, 114721, 14272]",1
1625,TRAIN,SUSTAINED_ATTACK,"[91484, 135829, 36536, 53737, 134032, 137738, 122059, 40420, 60547, 136468, 34427, 99019, 17185, 145528, 26006, 19531, 36685, 62789, 119221, 120512]",1
1626,TRAIN,SUSTAINED_ATTACK,"[54999, 46096, 30977, 62805, 52607, 104317, 82771, 29921, 33063, 98677, 147217, 63668, 3803, 113512, 121283, 84706, 78459, 114260, 8699, 58570]",1
1627,TRAIN,SUSTAINED_ATTACK,"[107764, 108368, 105203, 11478, 31817, 25335, 145654, 148881, 42531, 62539, 66553, 10370, 116077, 8087, 61034, 127368, 80312, 59204, 30339, 120847]",1
1628,TRAIN,SUSTAINED_ATTACK,"[98018, 148975, 92827, 101609, 135411, 41244, 31381, 61303, 79669, 68194, 85231, 109138, 54051, 54263, 31072, 77301, 12094, 23116, 70334, 45394]",1
1629,TRAIN,SUSTAINED_ATTACK,"[87694, 111460, 116875, 10866, 126817, 69083, 26885, 102842, 131974, 15266, 66434, 126140, 4477, 106368, 112321, 56028, 24070, 111423, 127759, 122736]",1
1630,TRAIN,SUSTAINED_ATTACK,"[57294, 58804, 119220, 123255, 135822, 82999, 95543, 135333, 62906, 76834, 119795, 19702, 118216, 13750, 101489, 58557, 86891, 14732, 18346, 68277]",1
1631,TRAIN,SUSTAINED_ATTACK,"[35660, 49074, 85441, 101696, 46584, 126437, 125579, 61914, 25809, 59621, 78372, 35005, 28928, 22697, 62752, 136261, 4939, 58853, 31903, 121863]",1
1632,TRAIN,SUSTAINED_ATTACK,"[89347, 68999, 91267, 14683, 128149, 1396, 129943, 48837, 148725, 145497, 5499, 76161, 143826, 56420, 88607, 24445, 61839, 3880, 4049, 95470]",1
1633,TRAIN,SUSTAINED_ATTACK,"[124785, 134669, 16514, 76307, 48986, 100323, 78800, 140322, 146225, 51654, 80129, 99367, 4298, 63014, 108374, 149067, 47087, 56815, 131865, 149047]",1
1634,TRAIN,SUSTAINED_ATTACK,"[106321, 29088, 101780, 66189, 113064, 38459, 114881, 90347, 52661, 21119, 95535, 76205, 46271, 62683, 134203, 112342, 50612, 104971, 12457, 137531]",1
1635,TRAIN,SUSTAINED_ATTACK,"[56350, 63710, 122269, 109399, 23022, 146057, 15863, 45092, 146783, 110479, 15748, 95714, 39146, 84864, 100858, 77075, 115631, 70780, 75004, 80307]",1
1636,TRAIN,SUSTAINED_ATTACK,"[70098, 108264, 38520, 67907, 20858, 144333, 74397, 11424, 149017, 24624, 41569, 39606, 137141, 64050, 26371, 147750, 16463, 123552, 3057, 137951]",1
1637,TRAIN,SUSTAINED_ATTACK,"[91514, 9521, 62756, 28443, 18197, 46249, 97268, 116825, 49958, 7679, 79648, 76565, 131952, 35404, 146107, 8029, 100168, 119008, 105867, 115889]",1
1638,TRAIN,SUSTAINED_ATTACK,"[17093, 113577, 52268, 132411, 53504, 135870, 132753, 11039, 88216, 135205, 123872, 102956, 89306, 5291, 75571, 13944, 62517, 19652, 65333, 6544]",1
1639,TRAIN,SUSTAINED_ATTACK,"[127570, 109463, 68931, 104622, 111089, 26899, 26262, 125891, 112304, 46799, 6712, 56935, 60365, 104623, 40582, 67910, 99091, 671, 481, 16597]",1
1640,TRAIN,SUSTAINED_ATTACK,"[54338, 121839, 125535, 130031, 40219, 24491, 18047, 76416, 102777, 96665, 94612, 70492, 75931, 13979, 116819, 5568, 84306, 131813, 135516, 68413]",1
1641,TRAIN,SUSTAINED_ATTACK,"[121239, 42548, 48179, 109471, 60063, 62645, 109870, 47112, 105800, 42853, 18380, 125838, 74201, 126304, 45699, 87303, 32339, 136847, 85326, 12591]",1
1642,TRAIN,SUSTAINED_ATTACK,"[91403, 129380, 55394, 106723, 27672, 86126, 134699, 135020, 41478, 5964, 82627, 111359, 82486, 19913, 4324, 118909, 62529, 133587, 78780, 45731]",1
1643,TRAIN,SUSTAINED_ATTACK,"[145900, 112678, 46346, 102748, 112107, 73068, 70046, 37923, 71345, 144029, 1013, 3051, 32823, 36825, 123776, 131998, 108647, 92077, 99328, 132020]",1
1644,TRAIN,SUSTAINED_ATTACK,"[60902, 51890, 46125, 48877, 46986, 136213, 106466, 6104, 72503, 82805, 145813, 49009, 147580, 3977, 113847, 43940, 352, 127818, 97385, 126424]",1
1645,TRAIN,SUSTAINED_ATTACK,"[97318, 45557, 74767, 79555, 95680, 26897, 145692, 45801, 57988, 1959, 75557, 64335, 17097, 21148, 75159, 127268, 110901, 135704, 129451, 9820]",1
1646,TRAIN,SUSTAINED_ATTACK,"[139415, 2529, 35515, 9523, 135425, 138742, 80037, 123703, 50206, 147567, 13610, 56976, 46461, 86508, 10047, 29325, 46561, 3458, 43805, 10416]",1
1647,TRAIN,SUSTAINED_ATTACK,"[40718, 115304, 94144, 20414, 20872, 117008, 26711, 72069, 82795, 56671, 46629, 106955, 88343, 18692, 28450, 23890, 61883, 44065, 129353, 51968]",1
1648,TRAIN,SUSTAINED_ATTACK,"[17650, 51705, 127413, 93157, 141105, 43376, 111709, 138229, 2210, 102973, 20394, 84569, 11112, 40755, 12720, 24806, 113222, 64628, 100615, 107571]",1
1649,TRAIN,SUSTAINED_ATTACK,"[62540, 124161, 96258, 8030, 66120, 24626, 87360, 127197, 134521, 96402, 66079, 408, 55095, 120349, 52161, 116988, 29430, 107857, 44581, 116553]",1
1650,TRAIN,SUSTAINED_ATTACK,"[143704, 77623, 85187, 83595, 25669, 67130, 112947, 43447, 80607, 7521, 135152, 31719, 105130, 143360, 30503, 96130, 19886, 130014, 76886, 148479]",1
1651,TRAIN,SUSTAINED_ATTACK,"[129727, 104042, 68444, 17236, 83509, 97535, 124322, 28983, 28044, 58383, 68864, 19329, 11205, 12675, 17940, 66868, 128428, 107238, 19665, 60604]",1
1652,TRAIN,SUSTAINED_ATTACK,"[121225, 61924, 56511, 44811, 132152, 44265, 87326, 136911, 83520, 42075, 13583, 136955, 87922, 72834, 10595, 43090, 147368, 96419, 122637, 146697]",1
1653,TRAIN,SUSTAINED_ATTACK,"[53869, 49383, 115162, 104010, 108054, 127490, 102279, 140697, 89982, 19630, 92559, 119575, 83340, 35370, 80629, 34697, 86925, 3753, 109682, 122341]",1
1654,TRAIN,SUSTAINED_ATTACK,"[48007, 91344, 49418, 48932, 70688, 59147, 68381, 140151, 145235, 76066, 43751, 26392, 6989, 39242, 130791, 132108, 125592, 137930, 80518, 131453]",1
1655,TRAIN,SUSTAINED_ATTACK,"[90426, 136994, 12672, 80094, 24915, 8786, 71537, 146800, 88688, 19381, 4966, 27535, 30260, 85731, 30320, 130830, 41210, 122194, 57765, 54577]",1
1656,TRAIN,SUSTAINED_ATTACK,"[139493, 129462, 113696, 58321, 108014, 114484, 83290, 86591, 75409, 128473, 80259, 49369, 70844, 112003, 106750, 93941, 32660, 115324, 141353, 108887]",1
1657,TRAIN,SUSTAINED_ATTACK,"[18908, 98056, 122340, 75774, 96921, 18492, 21061, 60721, 22574, 20465, 57127, 52631, 87471, 98307, 97197, 11285, 21229, 35388, 63363, 60780]",1
1658,TRAIN,SUSTAINED_ATTACK,"[9936, 3920, 83283, 44120, 35456, 112616, 132176, 129940, 92410, 88076, 3554, 129290, 92897, 127259, 140865, 71088, 13657, 31464, 109220, 20082]",1
1659,TRAIN,SUSTAINED_ATTACK,"[122085, 12999, 43002, 107941, 21893, 37403, 60168, 17432, 135484, 5453, 19323, 57887, 35772, 85334, 24307, 136998, 34938, 141428, 68246, 126133]",1
1660,TRAIN,SUSTAINED_ATTACK,"[134164, 111582, 41919, 70307, 145687, 29459, 95586, 104689, 9752, 904, 133313, 60836, 135125, 85310, 79251, 52287, 143058, 25739, 35692, 48934]",1
1661,TRAIN,SUSTAINED_ATTACK,"[80186, 101928, 88308, 106278, 41931, 142010, 91005, 71325, 135341, 20857, 121494, 121431, 56102, 25760, 138627, 38162, 55168, 72568, 28795, 56312]",1
1662,TRAIN,SUSTAINED_ATTACK,"[113330, 117221, 46964, 54702, 65492, 37730, 49271, 56433, 103114, 38531, 31767, 87784, 49857, 7358, 122540, 114217, 110338, 118107, 12521, 112047]",1
1663,TRAIN,SUSTAINED_ATTACK,"[131272, 61266, 65329, 71245, 45001, 59238, 144525, 33884, 9945, 912, 133399, 124730, 31017, 44255, 145467, 128789, 29119, 9970, 68139, 11336]",1
1664,TRAIN,SUSTAINED_ATTACK,"[61288, 138698, 41207, 127087, 67222, 26266, 40482, 59782, 45219, 95895, 19718, 109090, 96054, 50756, 64436, 8626, 91946, 87596, 118943, 111531]",1
1665,TRAIN,SUSTAINED_ATTACK,"[69440, 101038, 111899, 98939, 77736, 2147, 75206, 81129, 30011, 62681, 38521, 80036, 11325, 114061, 66480, 128940, 47357, 160, 45450, 105566]",1
1666,TRAIN,SUSTAINED_ATTACK,"[76521, 140728, 111429, 7165, 92001, 59506, 69676, 115819, 5180, 4814, 14487, 101342, 121314, 86227, 111346, 47705, 123589, 115670, 6819, 46710]",1
1667,TRAIN,SUSTAINED_ATTACK,"[104646, 12443, 103396, 15430, 47158, 136309, 111464, 103197, 41077, 131520, 93092, 104726, 70676, 5421, 16355, 124672, 144670, 64958, 62766, 131083]",1
1668,TRAIN,SUSTAINED_ATTACK,"[69832, 82810, 99729, 88171, 80325, 128153, 16334, 50356, 53032, 82404, 64510, 65176, 50494, 103263, 72650, 137608, 28934, 77993, 27305, 69655]",1
1669,TRAIN,SUSTAINED_ATTACK,"[94328, 87353, 6203, 47105, 91419, 24149, 141752, 19741, 5561, 140106, 1252, 107862, 56212, 16295, 136112, 10722, 109135, 125189, 89938, 247]",1
1670,TRAIN,SUSTAINED_ATTACK,"[74010, 68205, 7541, 47651, 107455, 80216, 51809, 18924, 113464, 82558, 24201, 75465, 2154, 15971, 11736, 22747, 4589, 75232, 71400, 136208]",1
1671,TRAIN,SUSTAINED_ATTACK,"[52961, 37795, 51979, 29585, 108956, 40387, 106180, 77226, 30477, 106352, 85298, 109339, 115439, 122677, 31607, 146076, 47990, 7967, 132845, 105589]",1
1672,TRAIN,SUSTAINED_ATTACK,"[138341, 12638, 36477, 41480, 137340, 122187, 32129, 132032, 70914, 104366, 492, 64637, 101952, 97221, 100787, 144390, 69891, 628, 49471, 39575]",1
1673,TRAIN,SUSTAINED_ATTACK,"[126898, 68823, 79366, 117582, 110159, 111337, 90571, 147720, 109178, 24038, 16313, 128970, 72260, 19860, 76280, 51223, 101673, 136457, 114508, 59039]",1
1674,TRAIN,SUSTAINED_ATTACK,"[6622, 32429, 49088, 143040, 120008, 130173, 49924, 74068, 12015, 98113, 6593, 45893, 123217, 56206, 47646, 36398, 101008, 45351, 97459, 116981]",1
1675,TRAIN,SUSTAINED_ATTACK,"[116965, 8554, 66624, 134030, 66465, 66234, 116938, 85119, 58736, 76550, 12199, 91171, 143397, 69990, 130938, 31349, 28548, 102676, 132576, 69608]",1
1676,TRAIN,SUSTAINED_ATTACK,"[24, 119981, 92942, 76295, 16650, 91564, 122135, 105415, 461, 77225, 42525, 103651, 33949, 136535, 4416, 95056, 132079, 117481, 62400, 14585]",1
1677,TRAIN,SUSTAINED_ATTACK,"[114577, 1888, 55933, 24826, 22030, 105337, 27069, 105796, 97809, 91235, 29757, 1006, 136342, 50651, 144886, 81201, 31202, 146151, 57359, 91044]",1
1678,TRAIN,SUSTAINED_ATTACK,"[72505, 135235, 28201, 139701, 107133, 101569, 139551, 89174, 118350, 5629, 50270, 117275, 145552, 79503, 90653, 97693, 107216, 62659, 30898, 66196]",1
1679,TRAIN,SUSTAINED_ATTACK,"[123179, 42447, 31412, 105440, 138577, 74450, 73520, 34588, 72516, 78081, 95719, 136107, 106188, 106529, 28088, 36911, 125166, 3836, 93961, 145018]",1
1680,TRAIN,SUSTAINED_ATTACK,"[63032, 72901, 71510, 92203, 38395, 125965, 4630, 45879, 77246, 102034, 46122, 22274, 63292, 89844, 59123, 130005, 142718, 129240, 132777, 118791]",1
1681,TRAIN,SUSTAINED_ATTACK,"[106095, 86313, 109686, 133397, 52392, 75407, 75247, 114776, 10056, 120309, 1837, 10548, 98526, 15483, 88085, 140861, 129457, 107945, 143976, 100643]",1
1682,TRAIN,SUSTAINED_ATTACK,"[125787, 115454, 75203, 141993, 138158, 70434, 53847, 116523, 91172, 69862, 28875, 9479, 134595, 62839, 135499, 3221, 125373, 107521, 120412, 149359]",1
1683,TRAIN,SUSTAINED_ATTACK,"[62911, 48075, 29257, 108445, 115636, 146630, 120376, 54150, 9515, 29153, 66835, 12883, 13477, 23293, 1359, 42630, 27119, 34639, 142667, 82001]",1
1684,TRAIN,SUSTAINED_ATTACK,"[88794, 51175, 15820, 125820, 98443, 141618, 53948, 144730, 121355, 111680, 120649, 7047, 133262, 70727, 33603, 6891, 125586, 119852, 104976, 105728]",1
1685,TRAIN,SUSTAINED_ATTACK,"[32358, 85557, 117771, 52229, 36238, 64896, 140666, 101969, 113431, 126902, 6342, 32314, 18067, 33151, 103608, 53076, 82156, 5433, 133547, 80915]",1
1686,TRAIN,SUSTAINED_ATTACK,"[83895, 34574, 28498, 101411, 90921, 40976, 148291, 109903, 128646, 42049, 132233, 98277, 14231, 42666, 137590, 27516, 28261, 80063, 53751, 25966]",1
1687,TRAIN,SUSTAINED_ATTACK,"[104389, 42285, 105150, 140014, 140040, 66929, 84555, 41603, 11028, 32711, 8542, 113582, 80481, 97337, 34037, 14451, 85474, 145096, 60693, 100815]",1
1688,TRAIN,SUSTAINED_ATTACK,"[49319, 22638, 69243, 19855, 64995, 70468, 61875, 112161, 65877, 106036, 79203, 43702, 105538, 140694, 140252, 120570, 72050, 31819, 88348, 1374]",1
1689,TRAIN,SUSTAINED_ATTACK,"[96043, 17661, 93830, 68084, 138276, 41992, 146782, 6551, 5918, 36863, 131521, 29208, 7206, 135502, 53820, 41524, 88602, 129467, 66775, 140912]",1
1690,TRAIN,SUSTAINED_ATTACK,"[39607, 27226, 66202, 102125, 73974, 28732, 73979, 27236, 62362, 129351, 46749, 38241, 46646, 60824, 27994, 21179, 60226, 63941, 93457, 101389]",1
1691,TRAIN,SUSTAINED_ATTACK,"[10881, 80064, 92809, 71818, 116632, 128713, 91038, 49720, 41991, 88405, 128718, 108616, 65275, 145284, 149565, 13843, 65327, 26831, 61291, 54905]",1
1692,TRAIN,SUSTAINED_ATTACK,"[144984, 115648, 44499, 19612, 144355, 27367, 135659, 53476, 13431, 21967, 102545, 93398, 7601, 48835, 39214, 6135, 99470, 86243, 19080, 614]",1
1693,TRAIN,SUSTAINED_ATTACK,"[23235, 102, 119432, 37443, 65183, 82038, 102029, 96567, 78252, 45265, 111507, 99958, 107849, 125637, 54828, 82213, 75897, 62904, 16501, 45595]",1
1694,TRAIN,SUSTAINED_ATTACK,"[31891, 79367, 114722, 123777, 132182, 48716, 112979, 149030, 16303, 52049, 101682, 27, 114040, 68212, 40306, 55655, 31514, 98429, 120900, 129144]",1
1695,TRAIN,SUSTAINED_ATTACK,"[142208, 101077, 64194, 139964, 55422, 148540, 28649, 140164, 47661, 112131, 15024, 14969, 63320, 38053, 139173, 126974, 129204, 138365, 49648, 37790]",1
1696,TRAIN,SUSTAINED_ATTACK,"[92782, 146963, 57579, 60895, 35801, 80589, 27693, 105848, 146663, 107185, 84849, 140271, 97798, 52492, 7008, 39488, 51362, 132199, 93465, 61409]",1
1697,TRAIN,SUSTAINED_ATTACK,"[2594, 19678, 109884, 145236, 106584, 33461, 119113, 43111, 96805, 65383, 116428, 137040, 115776, 85252, 79931, 29152, 110498, 22895, 106582, 87944]",1
1698,TRAIN,SUSTAINED_ATTACK,"[63177, 114154, 94280, 51360, 139891, 96398, 116261, 117359, 121912, 8874, 13972, 65264, 85993, 27554, 138270, 5354, 54402, 11337, 32017, 91573]",1
1699,TRAIN,SUSTAINED_ATTACK,"[67833, 69665, 107199, 29170, 118020, 5864, 21599, 39115, 74701, 21062, 24675, 71932, 109753, 37139, 43346, 104704, 42942, 35212, 47352, 26244]",1
1700,TRAIN,SUSTAINED_ATTACK,"[77308, 17487, 126835, 137699, 60383, 93459, 131554, 83933, 83807, 142852, 27593, 126972, 33050, 48848, 20262, 90696, 105886, 88811, 38405, 140840]",1
1701,TRAIN,SUSTAINED_ATTACK,"[122309, 131560, 29720, 111629, 133578, 38523, 3754, 144630, 50382, 66660, 87007, 46947, 121933, 108230, 106735, 50769, 146974, 81717, 127227, 13022]",1
1702,TRAIN,SUSTAINED_ATTACK,"[115832, 103593, 59274, 79462, 93248, 23310, 17514, 48924, 120887, 2109, 32852, 30330, 135462, 15262, 124198, 41073, 138781, 39392, 149638, 129109]",1
1703,TRAIN,SUSTAINED_ATTACK,"[40467, 80052, 142229, 118323, 12441, 123696, 46881, 114599, 88536, 34992, 96387, 109125, 105901, 67666, 87636, 23298, 55512, 55081, 62932, 121446]",1
1704,TRAIN,SUSTAINED_ATTACK,"[62186, 7670, 60628, 6358, 99348, 9883, 31088, 98480, 143556, 33507, 127635, 138534, 135466, 38488, 41359, 116282, 14364, 18240, 8839, 48187]",1
1705,TRAIN,SUSTAINED_ATTACK,"[136148, 120850, 73705, 41386, 7300, 132814, 38553, 3954, 20742, 4673, 71706, 29743, 144687, 145828, 61237, 122960, 86656, 57770, 79017, 80669]",1
1706,TRAIN,SUSTAINED_ATTACK,"[17735, 54643, 58478, 47996, 71914, 113293, 119632, 147184, 125140, 112230, 100695, 128556, 55291, 137805, 83729, 105895, 24970, 77474, 83929, 137809]",1
1707,TRAIN,SUSTAINED_ATTACK,"[17647, 67498, 136029, 78385, 80320, 59013, 17167, 144409, 101344, 18030, 2724, 103605, 3667, 124877, 51053, 134062, 148746, 21503, 88324, 15309]",1
1708,TRAIN,SUSTAINED_ATTACK,"[112028, 53593, 50366, 15674, 129562, 120294, 77598, 145537, 20979, 85999, 50828, 54112, 4938, 1865, 62414, 22096, 121803, 87385, 69695, 1189]",1
1709,TRAIN,SUSTAINED_ATTACK,"[22591, 11388, 35134, 112293, 29709, 45758, 19099, 77837, 74640, 75558, 129368, 51586, 120985, 35809, 116455, 88020, 107078, 141972, 61406, 17618]",1
1710,TRAIN,SUSTAINED_ATTACK,"[28368, 53715, 128815, 130458, 25303, 45087, 46043, 128357, 64574, 106378, 9901, 101985, 78066, 255, 99188, 65511, 51039, 84813, 107069, 87251]",1
1711,TRAIN,SUSTAINED_ATTACK,"[7947, 61010, 63792, 106999, 99077, 88823, 104381, 91914, 53922, 135853, 106767, 112056, 69291, 789, 136858, 134283, 81672, 94773, 65730, 94730]",1
1712,TRAIN,SUSTAINED_ATTACK,"[63003, 73198, 39260, 29283, 106848, 57123, 27747, 45220, 131831, 111458, 90107, 112631, 46386, 87493, 69747, 98272, 35755, 132691, 136874, 54120]",1
1713,TRAIN,SUSTAINED_ATTACK,"[47803, 125333, 18594, 82612, 53967, 126462, 87603, 35330, 24375, 58139, 99926, 71089, 41385, 83602, 129213, 101111, 122011, 6364, 79588, 7145]",1
1714,TRAIN,SUSTAINED_ATTACK,"[139282, 84686, 137813, 24245, 93753, 81941, 59165, 111592, 26133, 97673, 83740, 10224, 106361, 28764, 23472, 147355, 77165, 54668, 83304, 57991]",1
1715,TRAIN,SUSTAINED_ATTACK,"[137064, 56758, 113020, 25940, 25237, 70466, 34423, 120207, 92988, 69563, 139899, 104658, 131946, 140056, 147869, 76545, 59723, 73538, 72081, 12187]",1
1716,TRAIN,SUSTAINED_ATTACK,"[79817, 138811, 69253, 141865, 46530, 65119, 139531, 107501, 11683, 123732, 146914, 109872, 89175, 118040, 112154, 32788, 54731, 98760, 113472, 135432]",1
1717,TRAIN,SUSTAINED_ATTACK,"[27162, 107323, 2199, 145088, 105479, 97057, 141195, 84936, 1093, 104989, 64012, 1815, 60318, 14887, 10729, 67086, 118351, 87445, 44669, 66256]",1
1718,TRAIN,SUSTAINED_ATTACK,"[2396, 11900, 74727, 29519, 31833, 104772, 143865, 20928, 132494, 56074, 29372, 21144, 72922, 131645, 85457, 60322, 71983, 16609, 86374, 34221]",1
1719,TRAIN,SUSTAINED_ATTACK,"[29697, 42419, 8144, 3736, 133644, 84318, 98448, 52477, 94925, 36065, 29795, 82267, 119038, 85500, 108232, 12737, 1836, 96087, 89360, 31259]",1
1720,TRAIN,SUSTAINED_ATTACK,"[89265, 61106, 138233, 66669, 100252, 86308, 138644, 45341, 140305, 101679, 126502, 95912, 30281, 146972, 84720, 57748, 82257, 65285, 122066, 63529]",1
1721,TRAIN,SUSTAINED_ATTACK,"[56910, 101415, 101994, 96323, 69951, 1309, 98894, 33405, 30732, 13319, 79860, 53470, 125350, 57570, 57843, 137139, 39205, 106921, 110340, 44621]",1
1722,TRAIN,SUSTAINED_ATTACK,"[59414, 124926, 72128, 119160, 47668, 95095, 134615, 139158, 7167, 134833, 10189, 141244, 63636, 76967, 31671, 15915, 20757, 69382, 101291, 76348]",1
1723,TRAIN,SUSTAINED_ATTACK,"[16356, 36030, 8862, 22951, 64414, 76801, 6513, 50889, 74902, 93629, 44881, 53903, 93379, 49202, 99962, 9535, 16332, 49618, 76311, 117150]",1
1724,TRAIN,SUSTAINED_ATTACK,"[115627, 141243, 75621, 8620, 79707, 115012, 32881, 93532, 140244, 113608, 94372, 66638, 50661, 100207, 128745, 83260, 131829, 75412, 99389, 48097]",1
1725,TRAIN,SUSTAINED_ATTACK,"[51656, 148195, 147770, 34118, 57086, 65505, 53582, 38919, 36546, 20295, 48367, 76872, 103584, 4442, 66782, 126372, 57875, 139550, 41152, 83174]",1
1726,TRAIN,SUSTAINED_ATTACK,"[143480, 16058, 123399, 114359, 146254, 92550, 20391, 34007, 26713, 127235, 105786, 81269, 71824, 118994, 55143, 122477, 50381, 133755, 72084, 81592]",1
1727,TRAIN,SUSTAINED_ATTACK,"[136848, 77908, 54717, 27101, 84802, 144700, 37631, 44524, 131770, 94850, 126481, 106806, 11719, 96479, 81796, 9932, 82054, 27626, 68391, 71883]",1
1728,TRAIN,SUSTAINED_ATTACK,"[18185, 1544, 105906, 111695, 95173, 12586, 20653, 2072, 60144, 124994, 6142, 55946, 9254, 61543, 54324, 76186, 149740, 24391, 103923, 54408]",1
1729,TRAIN,SUSTAINED_ATTACK,"[107259, 99749, 130327, 95796, 104326, 45909, 53190, 148916, 128971, 130334, 68600, 84448, 145702, 54825, 43459, 143033, 121879, 129925, 73359, 20998]",1
1730,TRAIN,SUSTAINED_ATTACK,"[22494, 23542, 117586, 4027, 82556, 107569, 54362, 20817, 59295, 122529, 137823, 79617, 28761, 50212, 106716, 8103, 50654, 61549, 91660, 37984]",1
1731,TRAIN,SUSTAINED_ATTACK,"[61376, 98055, 92149, 66180, 49430, 121413, 41102, 128331, 137044, 143178, 6792, 138316, 118770, 120365, 92649, 18941, 107513, 77754, 13926, 146524]",1
1732,TRAIN,SUSTAINED_ATTACK,"[125145, 8941, 92135, 90689, 84078, 91464, 135779, 70929, 52404, 95673, 16234, 141511, 118024, 52507, 131352, 120689, 101699, 9433, 147522, 1370]",1
1733,TRAIN,SUSTAINED_ATTACK,"[126208, 32210, 144571, 28700, 79353, 15618, 99541, 80728, 4244, 55906, 70543, 1896, 22999, 64986, 136685, 70774, 7354, 54371, 8151, 21538]",1
1734,TRAIN,SUSTAINED_ATTACK,"[84878, 85256, 24854, 38937, 121467, 115435, 139418, 90924, 121787, 17426, 17732, 116708, 26933, 43103, 84634, 5686, 13787, 112852, 23159, 54499]",1
1735,TRAIN,SUSTAINED_ATTACK,"[105186, 132225, 26921, 37627, 126986, 119235, 143227, 119962, 66014, 13300, 108076, 45606, 125072, 97760, 86804, 46678, 24604, 123168, 100402, 148207]",1
1736,TRAIN,SUSTAINED_ATTACK,"[80860, 143649, 77380, 2693, 91633, 65506, 79735, 30925, 15789, 103367, 65859, 128929, 33104, 10288, 63879, 42255, 95466, 88342, 144610, 6940]",1
1737,TRAIN,SUSTAINED_ATTACK,"[125434, 46067, 136703, 72101, 65338, 31329, 95064, 13494, 30699, 125886, 37594, 24470, 137606, 25614, 13997, 104209, 104854, 70391, 122429, 123547]",1
1738,TRAIN,SUSTAINED_ATTACK,"[46458, 112375, 134139, 137019, 24794, 33702, 68520, 15679, 130832, 16669, 50466, 132256, 137028, 8368, 34463, 130548, 88495, 126239, 7619, 118671]",1
1739,TRAIN,SUSTAINED_ATTACK,"[16061, 77840, 100778, 27146, 9032, 42752, 120131, 1711, 41355, 70441, 42877, 75000, 141241, 131253, 75994, 87342, 117773, 92120, 27890, 4099]",1
1740,TRAIN,SUSTAINED_ATTACK,"[109308, 124186, 74290, 137102, 51228, 10507, 36934, 7674, 70361, 94458, 86795, 92728, 125640, 140545, 108879, 743, 93760, 89450, 119256, 16646]",1
1741,TRAIN,SUSTAINED_ATTACK,"[41510, 2041, 31286, 79726, 136827, 142759, 13463, 3983, 39881, 106746, 63118, 2454, 141324, 54394, 24779, 34421, 36720, 8951, 88165, 137830]",1
1742,TRAIN,SUSTAINED_ATTACK,"[65002, 80323, 117772, 90487, 77064, 25878, 86034, 72656, 125733, 144910, 96116, 31888, 119985, 31674, 135933, 67053, 81399, 99903, 124251, 96831]",1
1743,TRAIN,SUSTAINED_ATTACK,"[97310, 67633, 105721, 62003, 89658, 36709, 26007, 71909, 126334, 59056, 1319, 69515, 20233, 129413, 30393, 123186, 62978, 18071, 93589, 120733]",1
1744,TRAIN,SUSTAINED_ATTACK,"[125653, 108670, 35480, 89903, 143816, 92311, 90890, 72606, 86168, 38647, 85968, 139092, 120072, 86344, 94907, 66798, 138544, 71519, 64548, 147215]",1
1745,TRAIN,SUSTAINED_ATTACK,"[117042, 90773, 130160, 72199, 70040, 19364, 136388, 97206, 65938, 82645, 144966, 131700, 21748, 33100, 100839, 33957, 35504, 122807, 11179, 85085]",1
1746,TRAIN,SUSTAINED_ATTACK,"[81343, 83433, 147868, 16388, 32664, 25402, 48350, 50485, 6823, 92345, 106832, 37425, 94904, 25289, 142976, 50929, 75278, 47109, 96456, 122109]",1
1747,TRAIN,SUSTAINED_ATTACK,"[64710, 113049, 86098, 7643, 119573, 102589, 99261, 149285, 76849, 61341, 149634, 139616, 68197, 29970, 140987, 51246, 123855, 33763, 88375, 25653]",1
1748,TRAIN,SUSTAINED_ATTACK,"[32893, 109762, 11458, 93058, 47025, 149327, 71577, 88582, 93713, 19889, 130059, 56330, 138167, 74901, 118372, 107382, 8519, 87820, 73999, 23374]",1
1749,TRAIN,SUSTAINED_ATTACK,"[50569, 7838, 27342, 99305, 69400, 44713, 107390, 64927, 130311, 67325, 122713, 83142, 142685, 19156, 148850, 41185, 3250, 19426, 137458, 121826]",1
1750,TRAIN,SUSTAINED_ATTACK,"[39792, 123727, 97200, 62573, 38992, 89199, 112170, 133810, 149228, 114117, 62631, 134284, 37949, 138583, 49714, 96595, 115400, 15537, 2602, 9255]",1
1751,TRAIN,SUSTAINED_ATTACK,"[142438, 133934, 143939, 115168, 111957, 92221, 129484, 109871, 75074, 120157, 79614, 97395, 98229, 32726, 100759, 21817, 31693, 142411, 113311, 125947]",1
1752,TRAIN,SUSTAINED_ATTACK,"[144938, 29363, 96668, 70320, 99102, 132544, 19326, 41595, 65752, 84969, 4250, 97966, 138636, 119553, 104561, 2216, 52384, 114837, 51493, 88385]",1
1753,TRAIN,SUSTAINED_ATTACK,"[119307, 137255, 144704, 129092, 124638, 44635, 31917, 135884, 138254, 114653, 28121, 48451, 7407, 76862, 74498, 36773, 51285, 72195, 128716, 96969]",1
1754,TRAIN,SUSTAINED_ATTACK,"[64910, 111892, 32462, 15255, 142922, 64017, 29501, 14011, 108798, 134672, 96157, 17015, 5768, 145612, 79989, 68377, 145766, 147253, 132745, 56019]",1
1755,TRAIN,SUSTAINED_ATTACK,"[86233, 72788, 36261, 17882, 17529, 67043, 141655, 121051, 50164, 67745, 114835, 117795, 33306, 33974, 88655, 77692, 17836, 48806, 136472, 115750]",1
1756,TRAIN,SUSTAINED_ATTACK,"[91320, 37145, 70268, 117997, 135601, 38074, 145849, 65535, 76667, 6580, 82955, 45040, 29920, 85208, 87839, 50340, 107568, 100757, 134975, 20975]",1
1757,TRAIN,SUSTAINED_ATTACK,"[71041, 113849, 89375, 84858, 75408, 93483, 48587, 97928, 37422, 31914, 139465, 148971, 5109, 42042, 51935, 102030, 122390, 5169, 92931, 27356]",1
1758,TRAIN,SUSTAINED_ATTACK,"[30079, 35841, 62581, 37056, 32924, 57729, 134015, 74834, 60908, 129622, 103575, 81987, 80244, 6118, 134751, 83014, 68880, 127966, 142660, 50387]",1
1759,TRAIN,SUSTAINED_ATTACK,"[79076, 40193, 4693, 26715, 137736, 26402, 20767, 113766, 55647, 71625, 62429, 75797, 45525, 74886, 144929, 51349, 15996, 95197, 123082, 67132]",1
1760,TRAIN,SUSTAINED_ATTACK,"[60243, 131939, 78364, 2964, 107156, 125721, 114449, 46329, 148246, 141407, 72077, 39923, 114404, 109837, 66075, 22235, 131697, 61046, 145408, 70156]",1
1761,TRAIN,SUSTAINED_ATTACK,"[88374, 132286, 38413, 139243, 58755, 42354, 118558, 94916, 22188, 95213, 114099, 41215, 44557, 80208, 48443, 95531, 148791, 67037, 18172, 149600]",1
1762,TRAIN,SUSTAINED_ATTACK,"[51267, 11488, 112565, 96617, 126631, 56765, 61870, 103708, 134766, 25493, 83697, 126682, 98895, 42821, 132811, 106989, 51603, 50587, 61973, 16636]",1
1763,TRAIN,SUSTAINED_ATTACK,"[36378, 50379, 23800, 95747, 37472, 113235, 33156, 98729, 127734, 116136, 31225, 38313, 58088, 136550, 130008, 146070, 9724, 73121, 123215, 47558]",1
1764,TRAIN,SUSTAINED_ATTACK,"[148939, 108190, 7173, 124813, 12814, 70130, 115576, 142434, 24725, 68799, 139267, 67690, 61233, 78011, 55296, 84351, 121025, 14525, 19446, 98594]",1
1765,TRAIN,SUSTAINED_ATTACK,"[64698, 79351, 98878, 68538, 91971, 98822, 27148, 25187, 145929, 126783, 123511, 148717, 109364, 16711, 95984, 135306, 69448, 29337, 107788, 8281]",1
1766,TRAIN,SUSTAINED_ATTACK,"[1662, 69809, 64515, 75903, 14895, 4755, 149763, 146099, 68995, 78606, 94698, 44018, 125227, 138773, 90091, 138401, 1572, 54724, 4344, 12432]",1
1767,TRAIN,SUSTAINED_ATTACK,"[143166, 114819, 108912, 132024, 129041, 100346, 91296, 3648, 44844, 70920, 75681, 5142, 62217, 73471, 18637, 69896, 104665, 70933, 76318, 100983]",1
1768,TRAIN,SUSTAINED_ATTACK,"[34165, 56008, 70515, 141072, 116128, 61176, 148080, 144770, 42097, 43681, 22209, 69745, 106047, 145083, 96941, 62694, 132016, 85036, 102451, 100514]",1
1769,TRAIN,SUSTAINED_ATTACK,"[79438, 114222, 63817, 436, 31779, 48763, 62666, 38372, 146144, 136517, 34942, 104746, 69432, 130667, 113864, 106026, 137893, 74033, 38622, 137980]",1
1770,TRAIN,SUSTAINED_ATTACK,"[105046, 116656, 136464, 120617, 113312, 14184, 24776, 77652, 52869, 57235, 136828, 43312, 128417, 66613, 101454, 45051, 28241, 80374, 123015, 102635]",1
1771,TRAIN,SUSTAINED_ATTACK,"[69600, 94099, 123048, 51301, 117470, 80399, 128090, 22492, 12266, 18177, 102904, 33062, 96230, 113888, 53232, 28523, 97190, 25620, 117345, 70126]",1
1772,TRAIN,SUSTAINED_ATTACK,"[29730, 131581, 137068, 69306, 28463, 68761, 3381, 99331, 99838, 113530, 10552, 137780, 27032, 120403, 124318, 132053, 36821, 85299, 113482, 73473]",1
1773,TRAIN,SUSTAINED_ATTACK,"[146370, 81357, 114654, 142605, 121668, 77453, 97587, 38359, 96786, 3746, 69792, 44506, 79733, 134171, 37304, 85450, 129212, 7799, 93553, 114857]",1
1774,TRAIN,SUSTAINED_ATTACK,"[141485, 32511, 68314, 90524, 88837, 2171, 144943, 26998, 66939, 100618, 109322, 36542, 48000, 47733, 59869, 121575, 21334, 115084, 52249, 53080]",1
1775,TRAIN,SUSTAINED_ATTACK,"[137975, 7471, 4180, 36555, 92040, 46901, 28689, 73093, 135715, 110346, 129027, 122822, 115392, 64342, 124442, 106803, 100139, 28098, 137443, 114596]",1
1776,TRAIN,SUSTAINED_ATTACK,"[55179, 52350, 112089, 18770, 41943, 149117, 106048, 103404, 96657, 132445, 95395, 72203, 142283, 28367, 82560, 75603, 7122, 131772, 63795, 44512]",1
1777,TRAIN,SUSTAINED_ATTACK,"[137069, 23180, 39196, 109727, 20011, 34572, 111369, 86319, 85207, 120564, 128654, 66060, 33026, 45704, 102363, 39928, 98260, 74495, 28588, 77788]",1
1778,TRAIN,SUSTAINED_ATTACK,"[98595, 20402, 116996, 22629, 134513, 65354, 25780, 18152, 27212, 77083, 53012, 34982, 41856, 89539, 20586, 2149, 136560, 126237, 96769, 21781]",1
1779,TRAIN,SUSTAINED_ATTACK,"[23379, 47600, 80885, 36567, 111170, 147395, 122489, 79603, 43760, 67599, 92910, 1727, 78494, 61429, 29531, 90307, 45843, 52800, 16884, 111804]",1
1780,TRAIN,SUSTAINED_ATTACK,"[62663, 129883, 136660, 82162, 43996, 30399, 84019, 9844, 21162, 106480, 98311, 74340, 90827, 90146, 38533, 54353, 131794, 81430, 148071, 45876]",1
1781,TRAIN,SUSTAINED_ATTACK,"[89654, 134095, 50864, 72301, 133881, 29215, 107914, 46494, 46938, 126837, 15192, 33009, 143708, 141570, 97218, 75425, 149029, 145841, 6887, 41657]",1
1782,TRAIN,SUSTAINED_ATTACK,"[63085, 80185, 44431, 60125, 130361, 42226, 84192, 55285, 56577, 82259, 148589, 141847, 67574, 119837, 34703, 88122, 24312, 21612, 96429, 4081]",1
1783,TRAIN,SUSTAINED_ATTACK,"[137625, 51416, 25963, 17788, 91334, 1446, 135067, 94892, 907, 96680, 663, 67914, 28273, 135437, 348, 142462, 79906, 6516, 57229, 1843]",1
1784,TRAIN,SUSTAINED_ATTACK,"[4131, 5402, 129630, 59787, 27506, 13524, 120247, 104069, 126803, 38111, 128435, 2591, 124990, 128458, 131194, 139554, 50021, 145247, 49811, 89762]",1
1785,TRAIN,SUSTAINED_ATTACK,"[69572, 21487, 23074, 128323, 134876, 48147, 93385, 20803, 17504, 103840, 67934, 73480, 21352, 42854, 126753, 131259, 139082, 73510, 83036, 22869]",1
1786,TRAIN,SUSTAINED_ATTACK,"[35584, 106500, 78804, 140143, 9279, 130611, 5032, 79463, 77874, 74117, 84193, 71687, 73647, 132930, 56602, 36409, 21757, 63682, 67691, 100298]",1
1787,TRAIN,SUSTAINED_ATTACK,"[46115, 100437, 85267, 37937, 116153, 56081, 38333, 91108, 71618, 128486, 18394, 125099, 76378, 95760, 144426, 45485, 19617, 7616, 124157, 90093]",1
1788,TRAIN,SUSTAINED_ATTACK,"[92896, 139689, 119702, 127022, 86118, 30296, 29849, 40185, 58547, 43125, 96221, 30893, 33195, 139843, 102590, 13776, 44383, 140897, 60081, 144692]",1
1789,TRAIN,SUSTAINED_ATTACK,"[107026, 122496, 52598, 85770, 115245, 86968, 11224, 147695, 131046, 135733, 60807, 121784, 46928, 93754, 112166, 30620, 58763, 115968, 6398, 10121]",1
1790,TRAIN,SUSTAINED_ATTACK,"[56232, 109296, 73947, 87008, 99456, 97312, 90699, 99381, 144129, 34841, 127435, 102167, 127263, 57231, 36067, 68182, 8400, 68641, 30214, 92050]",1
1791,TRAIN,SUSTAINED_ATTACK,"[56829, 24527, 14331, 109945, 125840, 721, 10570, 21980, 59280, 5170, 25325, 132948, 58379, 139494, 15806, 142866, 108016, 25171, 97600, 48690]",1
1792,TRAIN,SUSTAINED_ATTACK,"[39599, 127363, 44172, 20033, 100224, 91855, 87627, 56521, 54791, 111615, 60810, 39813, 122741, 15054, 119851, 26492, 82656, 33712, 60667, 25527]",1
1793,TRAIN,SUSTAINED_ATTACK,"[96132, 83472, 83118, 29595, 62572, 124492, 6721, 17109, 57624, 105174, 26468, 22666, 87212, 47555, 44944, 18207, 4266, 18849, 140633, 28971]",1
1794,TRAIN,SUSTAINED_ATTACK,"[56270, 105315, 53453, 74081, 38142, 106822, 16946, 80459, 113940, 123564, 142443, 3008, 104878, 40178, 53373, 148600, 137789, 100129, 84771, 40581]",1
1795,TRAIN,SUSTAINED_ATTACK,"[49141, 93429, 23992, 140609, 109132, 147189, 139710, 37519, 27861, 35078, 123861, 15711, 62973, 141462, 148223, 117185, 13882, 119568, 40271, 51253]",1
1796,TRAIN,SUSTAINED_ATTACK,"[31250, 68258, 142493, 110712, 75546, 81410, 95919, 129065, 27440, 47459, 144875, 52232, 12378, 59528, 3465, 49954, 5800, 110556, 26395, 63932]",1
1797,TRAIN,SUSTAINED_ATTACK,"[122916, 24457, 119683, 78449, 115993, 77934, 17146, 62705, 37996, 121712, 95373, 32446, 39796, 123076, 1445, 126955, 30317, 131015, 75436, 130214]",1
1798,TRAIN,SUSTAINED_ATTACK,"[65092, 48888, 71794, 73825, 144819, 132383, 132294, 25893, 81002, 119771, 54977, 93400, 57465, 47461, 74354, 36819, 127652, 149070, 76180, 112856]",1
1799,TRAIN,SUSTAINED_ATTACK,"[15220, 67579, 111364, 104150, 95514, 83347, 63075, 13980, 65215, 58404, 107416, 52338, 30789, 137476, 59195, 25114, 44868, 106651, 125528, 123540]",1
1800,TRAIN,SUSTAINED_ATTACK,"[81146, 10364, 130579, 2557, 116457, 92843, 124969, 39474, 30548, 102833, 31063, 13205, 88229, 83109, 50351, 57305, 80262, 136982, 139931, 130434]",1
1801,TRAIN,SUSTAINED_ATTACK,"[56165, 65351, 77072, 125113, 125460, 28554, 110255, 115011, 125929, 21954, 97074, 34001, 133872, 129936, 61003, 60370, 114846, 72836, 89309, 61038]",1
1802,TRAIN,SUSTAINED_ATTACK,"[17457, 72916, 90387, 13234, 145148, 49799, 9139, 78409, 29313, 26818, 131513, 125893, 146166, 71448, 6537, 68021, 84590, 48670, 13478, 21634]",1
1803,TRAIN,SUSTAINED_ATTACK,"[82906, 50909, 34864, 77862, 49467, 41222, 83457, 44156, 114907, 12680, 54954, 99598, 22320, 102861, 106778, 102651, 2124, 95574, 27533, 122293]",1
1804,TRAIN,SUSTAINED_ATTACK,"[4066, 47710, 30777, 2958, 139094, 103407, 38545, 70051, 1852, 123740, 43712, 18638, 5791, 19831, 120541, 96627, 4683, 8181, 80954, 102811]",1
1805,TRAIN,SUSTAINED_ATTACK,"[78916, 76542, 91650, 23792, 119128, 87921, 145921, 107663, 110920, 96663, 111849, 27608, 93558, 49320, 149261, 81647, 89186, 109029, 67152, 78633]",1
1806,TRAIN,SUSTAINED_ATTACK,"[6283, 133963, 18829, 31438, 9796, 114988, 71726, 137454, 124048, 116138, 41800, 145592, 43853, 67699, 136116, 11493, 97852, 81519, 29864, 77775]",1
1807,TRAIN,SUSTAINED_ATTACK,"[31409, 30617, 93054, 139427, 105403, 128562, 123165, 115842, 74924, 28933, 111992, 20844, 148160, 4623, 23346, 139619, 4750, 148638, 137190, 77431]",1
1808,TRAIN,SUSTAINED_ATTACK,"[110162, 63398, 124125, 62193, 64498, 142458, 44394, 87675, 75892, 124467, 50511, 131963, 84961, 11473, 71415, 125539, 120126, 96605, 86, 130045]",1
1809,TRAIN,SUSTAINED_ATTACK,"[77701, 33629, 107377, 9313, 493, 61199, 53542, 130756, 2293, 106135, 4610, 34426, 72355, 133867, 79643, 144253, 122034, 137852, 87090, 71965]",1
1810,TRAIN,SUSTAINED_ATTACK,"[14681, 64102, 5176, 42566, 138466, 65611, 144363, 9283, 99630, 140414, 27650, 116379, 92227, 118455, 147327, 19792, 42445, 30737, 93782, 2669]",1
1811,TRAIN,SUSTAINED_ATTACK,"[91909, 132918, 145287, 114170, 17833, 86032, 115793, 146278, 33953, 120543, 137361, 131508, 20740, 133430, 12684, 102705, 35741, 111735, 96618, 14132]",1
1812,TRAIN,SUSTAINED_ATTACK,"[145281, 133302, 134338, 12489, 86431, 11402, 41890, 113989, 8046, 33316, 99670, 23429, 38147, 146841, 81173, 142800, 73008, 46446, 26324, 1416]",1
1813,TRAIN,SUSTAINED_ATTACK,"[51523, 88786, 41294, 112517, 102965, 30550, 6737, 102613, 98654, 137778, 3806, 134597, 88433, 43863, 85283, 75696, 117264, 140080, 111953, 50437]",1
1814,TRAIN,SUSTAINED_ATTACK,"[130278, 78075, 13876, 56471, 118148, 122002, 14569, 124579, 85863, 58309, 53719, 50746, 67374, 11508, 23309, 55604, 143254, 116547, 45101, 60471]",1
1815,TRAIN,SUSTAINED_ATTACK,"[76289, 9702, 29542, 110640, 70480, 127993, 127092, 22298, 128612, 29580, 37391, 137964, 6641, 98828, 57739, 45753, 33192, 12407, 111383, 12347]",1
1816,TRAIN,SUSTAINED_ATTACK,"[70387, 134000, 57576, 124177, 49482, 43149, 2272, 103377, 84382, 9108, 5948, 49353, 51638, 35814, 138045, 61840, 142589, 39415, 7062, 110522]",1
1817,TRAIN,SUSTAINED_ATTACK,"[49586, 135472, 42656, 80031, 145053, 130129, 20443, 27576, 21495, 86472, 103548, 10445, 97895, 137000, 117988, 101090, 144853, 100583, 82010, 123062]",1
1818,TRAIN,SUSTAINED_ATTACK,"[16326, 9550, 45666, 124043, 147579, 70552, 49805, 21204, 98046, 3495, 18679, 133149, 128505, 121028, 22428, 74139, 10096, 10154, 33064, 7840]",1
1819,TRAIN,SUSTAINED_ATTACK,"[92671, 59647, 58828, 44303, 99571, 101688, 145232, 46495, 148511, 53649, 126018, 131724, 39945, 90392, 27973, 139320, 33660, 83564, 62169, 44129]",1
1820,TRAIN,SUSTAINED_ATTACK,"[84533, 8589, 21095, 122772, 123591, 111837, 141640, 124111, 34803, 66725, 30565, 26251, 138139, 127662, 32795, 18064, 137371, 101629, 43941, 32315]",1
1821,TRAIN,SUSTAINED_ATTACK,"[99204, 17069, 20186, 62470, 121212, 76208, 73366, 28714, 1125, 91030, 140405, 28054, 120594, 43510, 108700, 124568, 123140, 22988, 84707, 80152]",1
1822,TRAIN,SUSTAINED_ATTACK,"[21213, 20351, 58927, 143026, 67509, 103011, 130109, 845, 46138, 145444, 47449, 13755, 17521, 90919, 85970, 89008, 68463, 4327, 48976, 112445]",1
1823,TRAIN,SUSTAINED_ATTACK,"[43091, 94004, 9603, 30263, 77982, 28114, 93045, 82277, 36310, 28442, 55338, 79190, 23273, 34831, 135787, 140055, 56241, 83288, 20041, 24820]",1
1824,TRAIN,SUSTAINED_ATTACK,"[74064, 127018, 3669, 117037, 49564, 91117, 26665, 66374, 33456, 133910, 148434, 136571, 35274, 32450, 42736, 8246, 101343, 78400, 92893, 109261]",1
1825,TRAIN,SUSTAINED_ATTACK,"[270, 5790, 98375, 8160, 25014, 120049, 2196, 13158, 1754, 657, 26047, 90189, 123633, 88878, 12289, 141170, 148191, 103236, 36757, 30720]",1
1826,TRAIN,SUSTAINED_ATTACK,"[130095, 23515, 125864, 86488, 27694, 19958, 132859, 128502, 29297, 1258, 81080, 140985, 137501, 40103, 84169, 81369, 46312, 60391, 68645, 62343]",1
1827,TRAIN,SUSTAINED_ATTACK,"[1559, 22826, 73063, 112902, 16229, 131684, 65297, 105049, 117611, 131973, 146924, 90746, 68811, 105634, 73786, 120597, 115248, 137635, 69576, 53915]",1
1828,TRAIN,SUSTAINED_ATTACK,"[139811, 35201, 57934, 106933, 74719, 135886, 117160, 73913, 130813, 137118, 29989, 128658, 93018, 55765, 46553, 110008, 506, 105559, 2995, 26909]",1
1829,TRAIN,SUSTAINED_ATTACK,"[8212, 88803, 81701, 85443, 74642, 51948, 131838, 28478, 136074, 102201, 76764, 63846, 146264, 20542, 22103, 65652, 149258, 143618, 145969, 2773]",1
1830,TRAIN,SUSTAINED_ATTACK,"[66717, 96829, 123843, 23105, 118591, 78622, 118368, 40299, 60413, 25115, 92841, 129705, 38064, 11331, 140237, 84862, 32489, 148150, 46191, 31749]",1
1831,TRAIN,SUSTAINED_ATTACK,"[91365, 73120, 29438, 17986, 20113, 61907, 71520, 52810, 143323, 114684, 59005, 116053, 17654, 80802, 47701, 19384, 114239, 26454, 26883, 7969]",1
1832,TRAIN,SUSTAINED_ATTACK,"[77891, 30852, 48306, 136020, 105571, 48968, 46575, 71189, 40647, 52994, 139313, 90639, 47049, 81976, 93441, 121001, 111498, 136215, 51513, 102198]",1
1833,TRAIN,SUSTAINED_ATTACK,"[124965, 76494, 18833, 27443, 107724, 22819, 18552, 77290, 22419, 32839, 39539, 73404, 96342, 70454, 39165, 94702, 5049, 44939, 132842, 39110]",1
1834,TRAIN,SUSTAINED_ATTACK,"[66378, 103041, 12228, 13320, 139079, 136544, 67055, 132297, 96385, 62759, 104347, 117439, 14872, 72389, 91837, 24873, 119329, 149768, 17140, 70700]",1
1835,TRAIN,SUSTAINED_ATTACK,"[147748, 2592, 141004, 37657, 50823, 76174, 109423, 40343, 23985, 147644, 26957, 5377, 63955, 66752, 132489, 116470, 93521, 95545, 77989, 60781]",1
1836,TRAIN,SUSTAINED_ATTACK,"[122118, 121323, 45722, 1026, 1975, 3325, 144259, 8598, 108636, 18697, 34317, 19978, 16251, 136386, 45371, 73201, 106578, 139337, 97572, 126844]",1
1837,TRAIN,SUSTAINED_ATTACK,"[4731, 13197, 117438, 112185, 119515, 145898, 61851, 128972, 43603, 124078, 121569, 80975, 145410, 33792, 1505, 58613, 55060, 135279, 40061, 93719]",1
1838,TRAIN,SUSTAINED_ATTACK,"[32981, 124117, 106518, 129524, 11041, 66221, 63254, 58565, 138856, 16275, 6788, 128673, 78737, 31183, 41397, 61753, 144423, 57126, 104735, 87105]",1
1839,TRAIN,SUSTAINED_ATTACK,"[103635, 72145, 64768, 3739, 63858, 134679, 7621, 47415, 86835, 8536, 85855, 134168, 79545, 78482, 129414, 43696, 37865, 103001, 69844, 2008]",1
1840,TRAIN,SUSTAINED_ATTACK,"[33512, 45579, 17603, 92880, 32901, 91702, 14435, 9881, 9746, 134342, 111941, 93183, 24709, 48353, 104778, 107759, 133308, 146243, 4866, 1089]",1
1841,TRAIN,SUSTAINED_ATTACK,"[144387, 78353, 132442, 127166, 18169, 128783, 58402, 137970, 3520, 59323, 135161, 40263, 92189, 104656, 43945, 118409, 53856, 143370, 25487, 37882]",1
1842,TRAIN,SUSTAINED_ATTACK,"[32579, 56683, 34437, 80267, 21695, 36828, 79890, 43556, 111087, 31647, 42963, 57799, 32910, 144459, 114033, 125654, 99919, 63141, 130680, 132674]",1
1843,TRAIN,SUSTAINED_ATTACK,"[76554, 13822, 25328, 100984, 453, 117847, 66377, 72340, 63522, 31711, 105515, 113401, 96983, 109275, 78020, 104697, 143445, 67084, 3354, 64537]",1
1844,TRAIN,SUSTAINED_ATTACK,"[7281, 87398, 70439, 80651, 119815, 112124, 1541, 46891, 48359, 115231, 127084, 32155, 37224, 15377, 70438, 16429, 96543, 35021, 16824, 92030]",1
1845,TRAIN,SUSTAINED_ATTACK,"[19554, 43310, 11134, 39371, 11664, 109689, 22607, 22828, 59611, 73681, 124278, 149200, 133171, 29004, 12167, 5723, 52003, 95080, 10440, 60823]",1
1846,TRAIN,SUSTAINED_ATTACK,"[117608, 115257, 121764, 18165, 92053, 65321, 79517, 96679, 133189, 98343, 22057, 13097, 9340, 93996, 41142, 129853, 129611, 145527, 76887, 18411]",1
1847,TRAIN,SUSTAINED_ATTACK,"[31951, 116452, 105977, 13842, 141839, 57696, 108309, 63796, 86099, 43725, 57556, 27804, 113622, 128309, 110520, 94095, 70588, 71865, 131849, 41872]",1
1848,TRAIN,SUSTAINED_ATTACK,"[134717, 70168, 54844, 8669, 20329, 104703, 53060, 135879, 121117, 9297, 26194, 103574, 110039, 46291, 70836, 37844, 33203, 114878, 141538, 118159]",1
1849,TRAIN,SUSTAINED_ATTACK,"[1608, 99659, 69880, 87873, 45481, 126877, 40736, 102092, 103053, 57740, 87572, 21343, 64903, 58903, 124814, 135274, 104552, 40106, 63467, 108005]",1
1850,TRAIN,SUSTAINED_ATTACK,"[15662, 99431, 147236, 66056, 111114, 15726, 110931, 34600, 112833, 59689, 61063, 3662, 32959, 147164, 75289, 36778, 22495, 5028, 71465, 112627]",1
1851,TRAIN,SUSTAINED_ATTACK,"[43037, 29190, 120044, 125849, 88795, 83582, 139924, 43442, 86698, 10042, 98270, 101300, 142849, 27942, 78997, 24994, 103237, 11665, 36958, 58040]",1
1852,TRAIN,SUSTAINED_ATTACK,"[149733, 20162, 10092, 114228, 91140, 102781, 143062, 104618, 69364, 88417, 84285, 36403, 49035, 52460, 71373, 12200, 13354, 95674, 56379, 103714]",1
1853,TRAIN,SUSTAINED_ATTACK,"[22749, 122702, 106436, 2844, 88866, 36002, 15403, 140544, 16155, 96651, 68966, 80918, 147609, 49517, 149665, 17854, 148461, 65926, 85082, 66818]",1
1854,TRAIN,SUSTAINED_ATTACK,"[13541, 69507, 15096, 29800, 109641, 6101, 140550, 122806, 75544, 123470, 74433, 88332, 49798, 108488, 117688, 137617, 18677, 121951, 130889, 61707]",1
1855,TRAIN,SUSTAINED_ATTACK,"[149143, 76504, 27704, 15382, 57391, 50708, 21667, 101674, 62378, 141956, 87714, 141986, 20331, 31979, 70257, 62825, 4581, 110947, 9580, 145457]",1
1856,TRAIN,SUSTAINED_ATTACK,"[3990, 46529, 87959, 48695, 135180, 17133, 57111, 111774, 91307, 29471, 82902, 120411, 57358, 97179, 72185, 29741, 102646, 79185, 98031, 34027]",1
1857,TRAIN,SUSTAINED_ATTACK,"[143637, 78536, 47552, 36445, 118190, 63910, 129856, 128127, 70565, 93161, 34141, 85038, 60189, 118803, 27251, 149436, 71947, 77595, 83917, 137599]",1
1858,TRAIN,SUSTAINED_ATTACK,"[126013, 48930, 85945, 32699, 53204, 19830, 39547, 22077, 44075, 22483, 122282, 117278, 36087, 135920, 102749, 17548, 140654, 45937, 39766, 141369]",1
1859,TRAIN,SUSTAINED_ATTACK,"[93786, 138576, 109537, 32683, 148762, 2575, 127999, 123746, 72775, 94287, 40171, 89133, 69377, 52998, 65347, 121704, 102048, 5381, 81234, 115297]",1
1860,TRAIN,SUSTAINED_ATTACK,"[136488, 113394, 65772, 32559, 69385, 121551, 144412, 74935, 7600, 14446, 78557, 9091, 108516, 100713, 147617, 68073, 20899, 49504, 130676, 8027]",1
1861,TRAIN,SUSTAINED_ATTACK,"[42314, 21103, 75477, 59945, 136945, 96579, 17994, 96437, 147393, 51159, 13673, 62693, 33229, 126546, 91414, 133548, 76856, 51032, 99923, 112444]",1
1862,TRAIN,SUSTAINED_ATTACK,"[125398, 108786, 12788, 69873, 79729, 39651, 48996, 79309, 44397, 106732, 134613, 51714, 4301, 85670, 43185, 37082, 81408, 103040, 85915, 11917]",1
1863,TRAIN,SUSTAINED_ATTACK,"[29105, 22410, 102187, 25900, 11876, 27142, 19181, 51842, 132487, 77768, 14295, 12885, 136284, 90312, 78769, 47832, 36267, 54434, 52188, 81704]",1
1864,TRAIN,SUSTAINED_ATTACK,"[101595, 122930, 5555, 38922, 114555, 17460, 77100, 29544, 66686, 60606, 64179, 109426, 63821, 40833, 44284, 10886, 22279, 43374, 76579, 120724]",1
1865,TRAIN,SUSTAINED_ATTACK,"[84403, 48609, 29378, 121421, 144317, 112104, 120220, 88055, 2416, 21992, 124541, 28189, 62554, 121086, 42008, 97433, 138732, 27731, 63006, 2740]",1
1866,TRAIN,SUSTAINED_ATTACK,"[146000, 2111, 54720, 140006, 140559, 22967, 95385, 13831, 40037, 86516, 21890, 34902, 58997, 64060, 1921, 64399, 112033, 91169, 71803, 132490]",1
1867,TRAIN,SUSTAINED_ATTACK,"[46721, 91986, 39592, 65112, 17874, 132778, 3989, 86050, 125148, 26072, 130270, 71659, 89359, 140707, 105255, 145483, 86658, 44509, 25924, 71006]",1
1868,TRAIN,SUSTAINED_ATTACK,"[10368, 112160, 94734, 82963, 53356, 105435, 20909, 467, 4538, 121432, 79254, 60621, 28482, 142568, 138293, 98616, 62350, 120683, 71459, 48154]",1
1869,TRAIN,SUSTAINED_ATTACK,"[130427, 134849, 58721, 133914, 95734, 32035, 113913, 132871, 43488, 88846, 4568, 126180, 148141, 123863, 138159, 66018, 91864, 106616, 140427, 84164]",1
1870,TRAIN,SUSTAINED_ATTACK,"[20228, 25098, 126821, 149806, 76556, 42737, 120260, 98867, 60723, 16788, 27502, 83804, 135791, 10045, 50419, 90782, 7942, 32742, 148274, 90741]",1
1871,TRAIN,SUSTAINED_ATTACK,"[88249, 148339, 126307, 136183, 58447, 131018, 115054, 119996, 74430, 53860, 3941, 87206, 117414, 97008, 126848, 15491, 144987, 10819, 73361, 28970]",1
1872,TRAIN,SUSTAINED_ATTACK,"[57821, 118503, 64221, 128465, 54703, 146839, 63419, 83419, 128544, 144556, 121380, 55899, 14517, 20495, 85183, 130166, 46853, 148891, 92997, 136886]",1
1873,TRAIN,SUSTAINED_ATTACK,"[105649, 59163, 82651, 147780, 122900, 55325, 13288, 128080, 149680, 26334, 73694, 42159, 50744, 99161, 124475, 26469, 78059, 48291, 58287, 89808]",1
1874,TRAIN,SUSTAINED_ATTACK,"[91798, 126950, 5536, 90483, 18797, 114547, 25347, 123651, 75148, 42761, 103214, 11309, 78489, 32934, 13539, 76385, 105726, 55142, 116422, 127399]",1
1875,TRAIN,SUSTAINED_ATTACK,"[67227, 94845, 98428, 93764, 83759, 7982, 1460, 113329, 61950, 110750, 41135, 83725, 91503, 21455, 80366, 102621, 106859, 1345, 59999, 66103]",1
1876,TRAIN,SUSTAINED_ATTACK,"[93068, 76607, 32575, 67720, 19778, 80662, 116251, 83783, 134569, 11999, 85266, 37546, 128635, 78821, 4500, 122730, 46636, 115775, 143295, 49086]",1
1877,TRAIN,SUSTAINED_ATTACK,"[141724, 139037, 1076, 37311, 45551, 78338, 51697, 46770, 120024, 4070, 93256, 122338, 37620, 101302, 48724, 18930, 82609, 15695, 32656, 107640]",1
1878,TRAIN,SUSTAINED_ATTACK,"[28765, 49927, 136677, 131196, 19824, 146691, 86283, 139927, 85244, 58784, 76314, 59682, 50667, 76600, 34078, 27562, 18096, 27383, 33476, 59425]",1
1879,TRAIN,SUSTAINED_ATTACK,"[145744, 33938, 47535, 39277, 15888, 142405, 43184, 64026, 78895, 137009, 79310, 41732, 101808, 113678, 130668, 23198, 110774, 31306, 141760, 80008]",1
1880,TRAIN,SUSTAINED_ATTACK,"[129364, 81985, 27318, 97631, 64478, 119131, 45103, 109598, 15686, 62767, 96965, 122010, 32074, 125045, 85594, 30173, 103198, 2833, 5244, 134385]",1
1881,TRAIN,SUSTAINED_ATTACK,"[13598, 149154, 75489, 60972, 62213, 34022, 110869, 29562, 125030, 126417, 99869, 118257, 99591, 29926, 122437, 38681, 139929, 24813, 103912, 123665]",1
1882,TRAIN,SUSTAINED_ATTACK,"[143714, 10420, 30158, 77543, 78668, 105729, 76446, 146425, 785, 58394, 136075, 56050, 363, 143986, 68312, 53218, 44564, 129185, 56180, 87903]",1
1883,TRAIN,SUSTAINED_ATTACK,"[37911, 30895, 64024, 70153, 116334, 57832, 7695, 125365, 59085, 88691, 90108, 103889, 39665, 36838, 66534, 128748, 123134, 92744, 43004, 21161]",1
1884,TRAIN,SUSTAINED_ATTACK,"[6021, 52117, 107206, 98400, 90735, 109450, 128115, 146910, 7753, 120534, 94759, 139024, 144681, 73225, 116335, 43323, 106384, 83309, 75345, 6350]",1
1885,TRAIN,SUSTAINED_ATTACK,"[129919, 78963, 71228, 125378, 102150, 106721, 45233, 38927, 139510, 147002, 44257, 13109, 90414, 149514, 122031, 54097, 121620, 110216, 78655, 106417]",1
1886,TRAIN,SUSTAINED_ATTACK,"[97905, 43131, 9758, 129594, 128372, 33358, 13616, 14879, 130442, 40516, 67749, 24428, 36135, 139329, 5650, 122808, 27125, 44935, 122490, 71930]",1
1887,TRAIN,SUSTAINED_ATTACK,"[33194, 103731, 8544, 99563, 95338, 94237, 114695, 24864, 102059, 58629, 69938, 145517, 69768, 116779, 100302, 103577, 116854, 52548, 16783, 140392]",1
1888,TRAIN,SUSTAINED_ATTACK,"[119547, 110756, 24896, 94334, 26654, 124779, 315, 9138, 53161, 65174, 39973, 13879, 65099, 38110, 142278, 12547, 7486, 101856, 111866, 26552]",1
1889,TRAIN,SUSTAINED_ATTACK,"[79349, 114538, 27546, 2976, 64701, 119594, 12032, 34562, 76124, 65978, 50624, 100883, 107177, 51099, 147934, 14595, 53274, 50537, 67932, 16801]",1
1890,TRAIN,SUSTAINED_ATTACK,"[98981, 113619, 37223, 141152, 92301, 80463, 101846, 83039, 52855, 91605, 83825, 106256, 90326, 99983, 86798, 4577, 51062, 57794, 147012, 15413]",1
1891,TRAIN,SUSTAINED_ATTACK,"[34582, 26882, 60655, 111773, 10408, 14881, 38455, 103512, 7410, 140726, 12342, 78036, 109109, 57303, 114332, 104941, 27921, 59197, 104885, 113219]",1
1892,TRAIN,SUSTAINED_ATTACK,"[8267, 4243, 63476, 114732, 128755, 72886, 105140, 126951, 136580, 33187, 115251, 148176, 124128, 23924, 59162, 17253, 147410, 60209, 72166, 70180]",1
1893,TRAIN,SUSTAINED_ATTACK,"[57722, 38416, 92886, 97215, 101191, 86984, 87861, 93001, 49495, 15399, 72992, 19445, 111216, 57932, 142022, 25467, 134744, 87749, 28486, 118404]",1
1894,TRAIN,SUSTAINED_ATTACK,"[54543, 86291, 23343, 147127, 126677, 134991, 15834, 107575, 136946, 37575, 126975, 98470, 129171, 6100, 29760, 113371, 84618, 146994, 135642, 112129]",1
1895,TRAIN,SUSTAINED_ATTACK,"[68448, 125740, 93123, 16754, 13072, 35225, 8037, 51111, 49610, 111136, 8303, 53120, 13517, 64988, 54465, 99089, 64482, 56094, 89786, 44336]",1
1896,TRAIN,SUSTAINED_ATTACK,"[48570, 70522, 141596, 69987, 99018, 27438, 85275, 35180, 115027, 48935, 93511, 10013, 130383, 55593, 80357, 52030, 67482, 86295, 70501, 140706]",1
1897,TRAIN,SUSTAINED_ATTACK,"[147992, 74105, 97550, 125337, 29409, 1914, 133574, 133664, 61820, 71096, 35215, 145993, 134444, 1124, 105336, 137973, 3078, 119317, 60417, 121364]",1
1898,TRAIN,SUSTAINED_ATTACK,"[147880, 93486, 31633, 72787, 19825, 89366, 85049, 28780, 137961, 93024, 142835, 74627, 16442, 62328, 58584, 34461, 92222, 141803, 60316, 19828]",1
1899,TRAIN,SUSTAINED_ATTACK,"[19144, 31631, 81600, 60253, 122773, 60481, 120174, 51441, 78403, 50263, 64757, 52848, 30344, 127419, 118254, 77340, 42696, 85700, 106588, 33902]",1
1900,TRAIN,SUSTAINED_ATTACK,"[73780, 43613, 40932, 140858, 20821, 27724, 90470, 58841, 115690, 55739, 114111, 38376, 148758, 135322, 61109, 114428, 4343, 136631, 121208, 116990]",1
1901,TRAIN,SUSTAINED_ATTACK,"[124679, 28711, 24405, 128712, 139543, 106527, 101347, 77593, 8898, 108164, 14730, 142284, 86681, 132471, 114392, 98149, 3752, 28530, 60710, 19766]",1
1902,TRAIN,SUSTAINED_ATTACK,"[102436, 105373, 132986, 124874, 79420, 85903, 23445, 34182, 63543, 45476, 33108, 128993, 11915, 45545, 129079, 133469, 94601, 136845, 148813, 45667]",1
1903,TRAIN,SUSTAINED_ATTACK,"[17814, 92407, 108867, 66382, 73337, 7153, 47974, 51740, 8098, 145032, 142875, 11210, 66294, 125235, 132878, 123354, 36457, 112698, 116425, 46532]",1
1904,TRAIN,SUSTAINED_ATTACK,"[564, 8910, 138874, 56412, 6650, 94559, 26923, 55462, 82377, 110068, 144067, 65261, 110107, 54636, 2723, 86993, 97861, 18542, 86134, 108513]",1
1905,TRAIN,SUSTAINED_ATTACK,"[136597, 143963, 1107, 67316, 57922, 37111, 50931, 97413, 127957, 112703, 55323, 121690, 79608, 137253, 39363, 126179, 119825, 46940, 115506, 39294]",1
1906,TRAIN,SUSTAINED_ATTACK,"[808, 12232, 92777, 123689, 40752, 104964, 84041, 31495, 96620, 77812, 10153, 114336, 129196, 95799, 140092, 98152, 36725, 13770, 124196, 34080]",1
1907,TRAIN,SUSTAINED_ATTACK,"[9406, 62885, 93066, 52954, 92642, 132213, 96201, 113375, 21087, 139906, 53111, 34920, 130487, 69155, 1514, 77741, 88125, 104336, 39453, 5161]",1
1908,TRAIN,SUSTAINED_ATTACK,"[21185, 116210, 43198, 105949, 34607, 147985, 86204, 57766, 145365, 149860, 67435, 139548, 83970, 40850, 106488, 114251, 125204, 40026, 141270, 124170]",1
1909,TRAIN,SUSTAINED_ATTACK,"[88774, 135967, 72094, 148853, 85718, 85488, 42450, 28968, 100507, 88700, 133051, 77913, 54859, 135181, 149263, 99020, 137423, 10345, 149850, 53836]",1
1910,TRAIN,SUSTAINED_ATTACK,"[20184, 62843, 57652, 61143, 36860, 22972, 124419, 116058, 113128, 14937, 75849, 106868, 23747, 106194, 146049, 89643, 108129, 86268, 24641, 4984]",1
1911,TRAIN,SUSTAINED_ATTACK,"[145861, 94737, 124911, 12698, 117701, 91174, 103009, 84906, 56920, 5504, 43299, 75177, 68325, 51627, 21002, 131587, 101136, 119968, 119071, 9961]",1
1912,TRAIN,SUSTAINED_ATTACK,"[115692, 84035, 63878, 32273, 67845, 46981, 122394, 137397, 14117, 108550, 142614, 32755, 27881, 113744, 62238, 109151, 69569, 10455, 129350, 80226]",1
1913,TRAIN,SUSTAINED_ATTACK,"[32609, 19543, 125813, 39353, 106683, 48874, 95780, 126762, 44784, 147112, 144453, 52274, 3306, 43129, 102598, 56723, 78117, 111972, 130717, 118675]",1
1914,TRAIN,SUSTAINED_ATTACK,"[41252, 65797, 145580, 15812, 55401, 96461, 134516, 62557, 112041, 57744, 72115, 140362, 96049, 122478, 108442, 17441, 45000, 78462, 59393, 125404]",1
1915,TRAIN,SUSTAINED_ATTACK,"[147377, 13492, 126215, 30046, 71666, 144280, 57703, 22066, 121453, 21819, 39975, 72171, 125627, 82126, 131255, 82397, 85526, 99910, 45546, 3301]",1
1916,TRAIN,SUSTAINED_ATTACK,"[77489, 148760, 80892, 2389, 126041, 91178, 138360, 129963, 95364, 24699, 115349, 41280, 45469, 89838, 41938, 87866, 128557, 64031, 139947, 49888]",1
1917,TRAIN,SUSTAINED_ATTACK,"[100176, 102209, 93490, 4900, 59167, 99538, 43145, 21708, 77639, 78701, 42643, 86561, 75753, 72183, 128448, 939, 67547, 70854, 48421, 75748]",1
1918,TRAIN,SUSTAINED_ATTACK,"[110435, 134269, 144535, 37514, 145058, 94882, 111305, 148247, 99026, 81873, 89243, 116733, 83632, 40853, 51044, 38824, 40274, 67413, 117245, 88740]",1
1919,TRAIN,SUSTAINED_ATTACK,"[119192, 98083, 65331, 106016, 104981, 114015, 84094, 66600, 28862, 5446, 82202, 89458, 43144, 5771, 71080, 123235, 74078, 132253, 69688, 31939]",1
1920,TRAIN,SUSTAINED_ATTACK,"[31244, 112652, 96864, 8295, 100944, 141291, 42703, 75988, 69575, 77405, 141772, 10350, 18502, 110645, 146865, 72160, 107976, 127952, 78351, 45736]",1
1921,TRAIN,SUSTAINED_ATTACK,"[19873, 82287, 136774, 51836, 5267, 140219, 55253, 65178, 133798, 124574, 2691, 35464, 112724, 137845, 31265, 105110, 36226, 142442, 8712, 32317]",1
1922,TRAIN,SUSTAINED_ATTACK,"[19254, 105456, 96683, 41571, 3353, 117989, 8231, 142708, 2136, 118680, 97825, 114395, 65044, 70374, 141706, 71655, 95663, 6728, 69958, 76582]",1
1923,TRAIN,SUSTAINED_ATTACK,"[143490, 55146, 12379, 5145, 44444, 116369, 3923, 35221, 93506, 144008, 33051, 74813, 45819, 108127, 101918, 67761, 78240, 82700, 138591, 118695]",1
1924,TRAIN,SUSTAINED_ATTACK,"[95055, 117525, 95533, 27866, 4462, 147113, 105160, 99848, 137246, 83360, 99133, 81117, 28259, 3296, 18153, 55454, 7589, 19082, 14596, 16230]",1
1925,TRAIN,SUSTAINED_ATTACK,"[107219, 24224, 70266, 8996, 127095, 87057, 85838, 10773, 10107, 65242, 54591, 47615, 26642, 105805, 44103, 46061, 10586, 114627, 42046, 101050]",1
1926,TRAIN,SUSTAINED_ATTACK,"[16432, 8384, 118925, 51521, 147386, 63119, 102683, 132818, 78979, 147511, 27880, 115566, 100819, 66274, 137265, 10166, 28322, 133605, 37809, 66248]",1
1927,TRAIN,SUSTAINED_ATTACK,"[82444, 43289, 102608, 8854, 116637, 90959, 73842, 85982, 1404, 42593, 108650, 56139, 138643, 55530, 54567, 51927, 82431, 14041, 66817, 120873]",1
1928,TRAIN,SUSTAINED_ATTACK,"[74353, 67679, 101896, 71869, 43947, 96071, 148947, 30859, 34650, 69725, 126308, 90651, 136850, 38345, 4744, 68570, 95006, 6024, 56023, 100131]",1
1929,TRAIN,SUSTAINED_ATTACK,"[125490, 50046, 29249, 44500, 79619, 3959, 15300, 76004, 44290, 67024, 77677, 48013, 35763, 74986, 64020, 43895, 118381, 57161, 98041, 2998]",1
1930,TRAIN,SUSTAINED_ATTACK,"[74456, 131334, 119347, 61436, 111284, 130728, 76680, 19807, 72051, 136781, 96624, 92308, 114399, 121124, 81263, 119856, 67897, 29491, 52776, 116047]",1
1931,TRAIN,SUSTAINED_ATTACK,"[67704, 132916, 144185, 102591, 64439, 42658, 26169, 55892, 27690, 49131, 125489, 135774, 59423, 46403, 88723, 76345, 135087, 137912, 85653, 97256]",1
1932,TRAIN,SUSTAINED_ATTACK,"[107197, 144878, 142633, 74738, 123535, 143314, 144607, 73577, 105082, 117388, 42206, 125266, 16481, 52424, 113721, 36717, 13864, 95207, 92575, 64480]",1
1933,TRAIN,SUSTAINED_ATTACK,"[64535, 37074, 105357, 113508, 59308, 78652, 53877, 56662, 21459, 59914, 29066, 139189, 124629, 44494, 136166, 95759, 9898, 52783, 41581, 19486]",1
1934,TRAIN,SUSTAINED_ATTACK,"[90937, 59142, 136719, 99387, 130921, 52201, 60260, 104152, 119494, 94101, 73380, 121141, 101404, 74971, 141808, 139585, 30310, 90017, 6517, 93366]",1
1935,TRAIN,SUSTAINED_ATTACK,"[6301, 111533, 128421, 93062, 82136, 71616, 81499, 94293, 36970, 44181, 91988, 128244, 125888, 109181, 62854, 66097, 86771, 61472, 144747, 92848]",1
1936,TRAIN,SUSTAINED_ATTACK,"[111990, 80507, 69776, 3981, 111542, 1196, 63692, 36556, 139057, 19378, 143237, 147304, 97301, 2292, 19406, 149619, 65933, 39713, 8721, 148823]",1
1937,TRAIN,SUSTAINED_ATTACK,"[120542, 66999, 27475, 115600, 9843, 15121, 1699, 52419, 31398, 10033, 129932, 147979, 114131, 67950, 98234, 4837, 4359, 27926, 123958, 139110]",1
1938,TRAIN,SUSTAINED_ATTACK,"[142741, 121401, 49620, 25551, 103375, 45261, 362, 998, 69412, 148962, 88232, 88163, 56137, 133617, 16690, 35881, 104017, 131351, 114193, 17997]",1
1939,TRAIN,SUSTAINED_ATTACK,"[8289, 93369, 98439, 60644, 139011, 10371, 116805, 94872, 120893, 460, 70429, 3370, 46093, 28410, 36668, 4075, 93702, 108572, 105370, 93769]",1
1940,TRAIN,SUSTAINED_ATTACK,"[49759, 59263, 102465, 112422, 75163, 45149, 145994, 83087, 58695, 74850, 76665, 118968, 107170, 75240, 130042, 8345, 74124, 103851, 123356, 43515]",1
1941,TRAIN,SUSTAINED_ATTACK,"[32744, 30712, 108006, 29762, 36191, 101906, 85791, 95836, 137510, 96837, 70065, 105777, 41575, 147512, 60738, 24172, 125603, 54941, 66181, 65477]",1
1942,TRAIN,SUSTAINED_ATTACK,"[106805, 147638, 100967, 19476, 147443, 125130, 86955, 115092, 60515, 551, 13315, 104862, 7688, 148642, 28421, 49532, 51780, 135451, 139532, 43705]",1
1943,TRAIN,SUSTAINED_ATTACK,"[25857, 49018, 51271, 8362, 2809, 39339, 6317, 93049, 56227, 6123, 123762, 50204, 63377, 71840, 7649, 119140, 7772, 106403, 65571, 32458]",1
1944,TRAIN,SUSTAINED_ATTACK,"[67261, 31533, 42813, 12552, 86417, 108541, 62034, 125388, 42231, 10254, 75167, 42562, 73652, 89885, 143860, 138075, 131029, 16323, 112301, 51382]",1
1945,TRAIN,SUSTAINED_ATTACK,"[44838, 25996, 136527, 137334, 31390, 29684, 126503, 97096, 13887, 97936, 14578, 144174, 74099, 13984, 73156, 71043, 75660, 104071, 86452, 24669]",1
1946,TRAIN,SUSTAINED_ATTACK,"[120538, 82401, 82390, 135438, 143829, 5353, 72773, 6894, 142550, 98265, 140357, 66650, 372, 35986, 142874, 107016, 144203, 45288, 96804, 23443]",1
1947,TRAIN,SUSTAINED_ATTACK,"[145238, 50119, 37097, 14757, 142124, 35001, 41691, 32076, 99124, 22322, 115746, 17755, 32475, 87724, 110028, 62764, 112322, 126595, 100646, 100037]",1
1948,TRAIN,SUSTAINED_ATTACK,"[88590, 96167, 72357, 96825, 147298, 55092, 8705, 61700, 85605, 767, 90949, 93745, 12510, 61261, 29010, 104633, 83709, 133006, 129639, 118893]",1
1949,TRAIN,SUSTAINED_ATTACK,"[12809, 60204, 19809, 80838, 3134, 100439, 95058, 49882, 51616, 136671, 84773, 108644, 40902, 114891, 28193, 20551, 136897, 51763, 107393, 110821]",1
1950,TRAIN,SUSTAINED_ATTACK,"[92779, 34578, 35167, 134946, 104350, 21196, 17963, 139991, 92819, 18473, 64630, 136456, 93186, 57122, 73696, 11079, 14047, 10467, 122178, 16704]",1
1951,TRAIN,SUSTAINED_ATTACK,"[19621, 18211, 5064, 1890, 66730, 29445, 113337, 120974, 38598, 141878, 57715, 116235, 4316, 13296, 82215, 84990, 130918, 71213, 43850, 42467]",1
1952,TRAIN,SUSTAINED_ATTACK,"[143100, 114787, 40734, 24597, 69918, 11561, 28927, 44861, 104662, 110083, 15035, 145756, 48045, 7817, 76528, 12526, 72996, 25861, 31443, 5628]",1
1953,TRAIN,SUSTAINED_ATTACK,"[98538, 50062, 18493, 63678, 78005, 9978, 141125, 66428, 99527, 12340, 17492, 115074, 51126, 146493, 41228, 31545, 43602, 48139, 31987, 11314]",1
1954,TRAIN,SUSTAINED_ATTACK,"[54761, 48157, 37741, 97694, 63491, 33214, 77374, 112011, 79184, 81005, 11761, 33220, 117603, 89411, 55874, 143148, 84860, 138203, 20206, 51083]",1
1955,TRAIN,SUSTAINED_ATTACK,"[118113, 14682, 70108, 126881, 66701, 47272, 85662, 7911, 113420, 48590, 6709, 141333, 91906, 39161, 47193, 140098, 48152, 20175, 124055, 67003]",1
1956,TRAIN,SUSTAINED_ATTACK,"[105097, 57067, 63939, 61830, 74477, 27253, 44665, 38694, 6681, 144995, 114711, 92840, 144288, 116670, 27569, 67572, 102366, 139393, 110250, 6803]",1
1957,TRAIN,SUSTAINED_ATTACK,"[13834, 62654, 77445, 60238, 136155, 60470, 121483, 43066, 107992, 90776, 138160, 46357, 93191, 110829, 60426, 106031, 21849, 24667, 96463, 108121]",1
1958,TRAIN,SUSTAINED_ATTACK,"[87721, 89896, 92476, 20671, 77723, 141367, 86455, 78425, 95978, 111221, 75033, 107786, 69393, 35055, 114144, 9567, 129170, 119517, 126053, 146224]",1
1959,TRAIN,SUSTAINED_ATTACK,"[58529, 93794, 133916, 97729, 16764, 5184, 50941, 87148, 96878, 77490, 95484, 15490, 59964, 86755, 96115, 100517, 33412, 52037, 27613, 130483]",1
1960,TRAIN,SUSTAINED_ATTACK,"[148656, 53652, 53890, 147433, 103246, 38607, 15104, 68237, 10451, 142095, 71273, 2410, 138063, 91051, 45757, 100898, 71952, 4369, 35923, 115886]",1
1961,TRAIN,SUSTAINED_ATTACK,"[67792, 14675, 109428, 49998, 50443, 24102, 90601, 8188, 4014, 28388, 96540, 126843, 77134, 72329, 113566, 91793, 97512, 86276, 95348, 55379]",1
1962,TRAIN,SUSTAINED_ATTACK,"[45590, 122706, 135376, 72161, 40198, 134359, 73644, 27837, 32705, 128880, 9432, 52340, 57312, 25747, 68486, 17251, 23808, 54883, 38235, 96394]",1
1963,TRAIN,SUSTAINED_ATTACK,"[13612, 148777, 11801, 111835, 87215, 65193, 101442, 97571, 116958, 18422, 98242, 99375, 70743, 98494, 115260, 101996, 75427, 66065, 48944, 12926]",1
1964,TRAIN,SUSTAINED_ATTACK,"[145757, 103736, 120662, 61192, 21428, 98728, 45701, 48202, 118721, 42260, 86117, 18125, 98621, 32146, 89530, 97249, 99752, 49014, 16038, 5589]",1
1965,TRAIN,SUSTAINED_ATTACK,"[26518, 53939, 29999, 72351, 53781, 45226, 121320, 23886, 17667, 123091, 144499, 8293, 149402, 2334, 69097, 45724, 144872, 93864, 7189, 85768]",1
1966,TRAIN,SUSTAINED_ATTACK,"[59633, 84016, 105545, 55848, 15008, 137932, 17099, 104445, 36600, 83512, 105192, 94011, 110911, 87128, 65871, 143067, 28719, 75137, 141080, 94859]",1
1967,TRAIN,SUSTAINED_ATTACK,"[149616, 180, 105987, 53295, 11241, 40437, 69360, 135636, 118630, 78667, 79024, 94688, 125446, 32806, 45760, 142368, 97187, 18713, 10546, 54342]",1
1968,TRAIN,SUSTAINED_ATTACK,"[81749, 28272, 17421, 92914, 74591, 148937, 73777, 59677, 66168, 28238, 130920, 24695, 35103, 18105, 73035, 95404, 71637, 125390, 148224, 87670]",1
1969,TRAIN,SUSTAINED_ATTACK,"[131846, 106626, 102062, 69342, 135655, 15477, 149032, 79615, 646, 5062, 118871, 53499, 5174, 62337, 48702, 133568, 31590, 63534, 35937, 87257]",1
1970,TRAIN,SUSTAINED_ATTACK,"[5493, 16901, 125066, 96932, 28491, 108009, 141870, 73832, 147812, 17024, 132882, 89542, 32570, 116067, 40179, 104679, 93722, 65703, 99309, 73222]",1
1971,TRAIN,SUSTAINED_ATTACK,"[63844, 104179, 96149, 87306, 1448, 113779, 68352, 147135, 138483, 94071, 78581, 15610, 76312, 122247, 59902, 35016, 94987, 14628, 35641, 74100]",1
1972,TRAIN,SUSTAINED_ATTACK,"[121959, 47458, 79089, 73759, 77901, 136568, 126713, 10731, 44853, 55355, 45716, 26960, 57502, 101150, 111653, 84401, 8982, 88988, 138604, 96659]",1
1973,TRAIN,SUSTAINED_ATTACK,"[20252, 34237, 7435, 78937, 86832, 56748, 79795, 59886, 19852, 13408, 86800, 51964, 35778, 31156, 75782, 130090, 60656, 67309, 36193, 56692]",1
1974,TRAIN,SUSTAINED_ATTACK,"[48712, 99800, 75963, 135743, 86580, 121296, 124850, 98405, 1724, 29907, 109534, 17999, 110009, 141316, 11724, 116680, 31370, 25650, 33867, 128258]",1
1975,TRAIN,SUSTAINED_ATTACK,"[39261, 24519, 71974, 125021, 87099, 85448, 120725, 1495, 144165, 14616, 144930, 76503, 144504, 34041, 72980, 60244, 38510, 57716, 70771, 11113]",1
1976,TRAIN,SUSTAINED_ATTACK,"[31070, 134307, 145463, 59664, 71025, 21880, 138065, 13821, 137759, 139953, 108162, 61055, 128011, 89797, 20037, 97997, 107931, 18999, 115311, 9860]",1
1977,TRAIN,SUSTAINED_ATTACK,"[59315, 30488, 10078, 131321, 124037, 60653, 77377, 100888, 82357, 96809, 82355, 115787, 78510, 21176, 31430, 139764, 144851, 2802, 136721, 65784]",1
1978,TRAIN,SUSTAINED_ATTACK,"[10432, 28336, 53099, 13681, 12435, 92732, 100801, 17537, 10228, 43266, 40044, 52310, 32072, 116288, 134715, 36874, 32125, 109002, 36071, 132591]",1
1979,TRAIN,SUSTAINED_ATTACK,"[99458, 100636, 72945, 96885, 143091, 47897, 76606, 133776, 9235, 13450, 90270, 145342, 20778, 65452, 80042, 44270, 76379, 6900, 49356, 57575]",1
1980,TRAIN,SUSTAINED_ATTACK,"[138182, 98950, 37767, 33819, 110777, 41176, 104645, 1295, 125153, 45600, 123463, 82140, 83530, 141983, 72651, 109190, 80101, 92098, 62521, 25660]",1
1981,TRAIN,SUSTAINED_ATTACK,"[74013, 9871, 6527, 129578, 96978, 76154, 127591, 131484, 42921, 24956, 3451, 129503, 146382, 26113, 117199, 125951, 53093, 94134, 101993, 5082]",1
1982,TRAIN,SUSTAINED_ATTACK,"[35839, 86150, 92016, 16063, 96922, 40021, 107159, 6070, 21153, 118379, 135390, 8545, 130249, 6765, 80158, 140561, 9165, 74393, 17949, 36432]",1
1983,TRAIN,SUSTAINED_ATTACK,"[128992, 35150, 69626, 1935, 21585, 55049, 42251, 23693, 138754, 73307, 103220, 40851, 111959, 133450, 122747, 143055, 44366, 141699, 5961, 48747]",1
1984,TRAIN,SUSTAINED_ATTACK,"[35481, 109369, 10302, 93251, 32926, 57035, 14500, 1703, 137799, 143628, 77439, 136791, 38490, 87430, 46081, 24509, 7217, 41424, 67204, 147486]",1
1985,TRAIN,SUSTAINED_ATTACK,"[3952, 124249, 93329, 77661, 16300, 149042, 10645, 77687, 144547, 82661, 64461, 125202, 125103, 75529, 138508, 70496, 96109, 17737, 135199, 125463]",1
1986,TRAIN,SUSTAINED_ATTACK,"[7685, 112690, 67351, 136376, 70163, 90940, 21509, 84218, 51145, 148626, 30439, 40616, 3102, 35023, 132736, 135694, 94833, 96467, 23897, 82989]",1
1987,TRAIN,SUSTAINED_ATTACK,"[16238, 69285, 135171, 85238, 118091, 56096, 19812, 39295, 103609, 29935, 108605, 93367, 92807, 95303, 102851, 121284, 93023, 5415, 149856, 79691]",1
1988,TRAIN,SUSTAINED_ATTACK,"[96469, 133826, 45407, 23016, 972, 50687, 60187, 5057, 63470, 113082, 115558, 1120, 58290, 147291, 45320, 139787, 110962, 79222, 56858, 68370]",1
1989,TRAIN,SUSTAINED_ATTACK,"[135929, 108654, 86719, 82938, 78004, 29100, 17880, 145680, 104120, 90626, 69145, 121783, 84754, 6290, 36955, 126032, 12972, 134402, 69069, 24663]",1
1990,TRAIN,SUSTAINED_ATTACK,"[42090, 108306, 103985, 138994, 97484, 102283, 53862, 80512, 28772, 85471, 140895, 127379, 6566, 3182, 126385, 58833, 9864, 17884, 76941, 147378]",1
1991,TRAIN,SUSTAINED_ATTACK,"[68011, 17228, 137802, 80737, 87235, 16160, 66506, 81386, 107248, 125942, 36162, 11391, 136458, 68061, 62433, 69194, 25988, 116441, 136991, 61159]",1
1992,TRAIN,SUSTAINED_ATTACK,"[148472, 7182, 53842, 1997, 6978, 58943, 79907, 58545, 60410, 54831, 95704, 64069, 24660, 49742, 47707, 77851, 20833, 132754, 27727, 42360]",1
1993,TRAIN,SUSTAINED_ATTACK,"[126275, 100266, 89006, 43407, 108955, 30757, 45804, 73860, 89719, 136410, 104724, 116233, 147771, 133683, 40181, 98331, 30014, 61465, 82736, 31231]",1
1994,TRAIN,SUSTAINED_ATTACK,"[130509, 8524, 140765, 6218, 46440, 149844, 146265, 116037, 92902, 112401, 22383, 36586, 73922, 145240, 36739, 96920, 129285, 71031, 145388, 117096]",1
1995,TRAIN,SUSTAINED_ATTACK,"[57550, 104802, 146580, 97015, 86620, 39395, 47075, 32216, 54466, 97999, 109193, 31867, 73796, 57116, 25818, 16158, 98735, 135556, 3611, 83948]",1
1996,TRAIN,SUSTAINED_ATTACK,"[811, 68419, 69996, 135321, 141504, 98408, 116066, 124812, 25859, 111889, 145905, 71461, 119427, 16456, 25143, 8734, 49111, 73507, 93397, 104770]",1
1997,TRAIN,SUSTAINED_ATTACK,"[12739, 35813, 77142, 38776, 139230, 141949, 77046, 51607, 21824, 370, 100559, 104495, 10304, 56821, 148930, 110853, 36530, 113808, 100827, 134614]",1
1998,TRAIN,SUSTAINED_ATTACK,"[146767, 3509, 34785, 68268, 49277, 21311, 53638, 45075, 37622, 68596, 19153, 52306, 72497, 106359, 100200, 121897, 33313, 76752, 34686, 23994]",1
1999,TRAIN,SUSTAINED_ATTACK,"[128691, 52930, 27495, 9670, 72008, 126330, 72803, 5333, 50972, 5919, 143023, 81187, 47783, 40646, 68539, 132834, 77632, 137656, 37473, 71911]",1
2000,TRAIN,SUSTAINED_ATTACK,"[159, 37599, 90247, 78624, 64185, 114264, 111230, 67518, 148513, 79937, 54002, 61093, 52159, 52028, 74122, 69172, 55414, 11376, 64769, 7768]",1
2001,TRAIN,SUSTAINED_ATTACK,"[98987, 109615, 5465, 59866, 142224, 21340, 105292, 133858, 60355, 16359, 116042, 82304, 9057, 72184, 106528, 109246, 95638, 67951, 137618, 128327]",1
2002,TRAIN,SUSTAINED_ATTACK,"[4023, 131519, 2532, 96576, 18558, 97070, 109849, 139763, 134339, 132364, 75176, 51722, 98563, 39200, 90504, 27607, 108392, 110331, 134297, 28568]",1
2003,TRAIN,SUSTAINED_ATTACK,"[20981, 94026, 78340, 47481, 73368, 20092, 6730, 35612, 49910, 54813, 41836, 47653, 20808, 19086, 710, 37339, 26876, 81692, 62480, 101810]",1
2004,TRAIN,SUSTAINED_ATTACK,"[62199, 74451, 82659, 129321, 2472, 81530, 93435, 116280, 93480, 17289, 60776, 62887, 128561, 73749, 10182, 51298, 101970, 132689, 30872, 93228]",1
2005,TRAIN,SUSTAINED_ATTACK,"[13841, 47381, 107097, 33360, 127677, 103251, 70584, 123320, 101615, 8043, 34968, 149141, 53507, 142669, 123410, 33897, 113001, 18366, 149712, 41910]",1
2006,TRAIN,SUSTAINED_ATTACK,"[15890, 147200, 15108, 22734, 91723, 142098, 131210, 114291, 105137, 140829, 106934, 14268, 123747, 98574, 63328, 7651, 142242, 105776, 23150, 112590]",1
2007,TRAIN,SUSTAINED_ATTACK,"[83343, 31826, 28506, 36770, 90503, 9391, 44925, 45915, 62848, 41796, 52481, 47099, 12930, 149299, 131433, 36294, 149829, 144310, 73523, 11347]",1
2008,TRAIN,SUSTAINED_ATTACK,"[19557, 95190, 140218, 2494, 63349, 125297, 60227, 141377, 132889, 108075, 17311, 73673, 148471, 44089, 75275, 108490, 22256, 7139, 20497, 114141]",1
2009,TRAIN,SUSTAINED_ATTACK,"[53126, 35765, 82820, 73669, 63841, 125402, 63496, 38298, 133696, 44586, 22438, 115975, 82163, 112935, 93520, 66360, 70194, 78232, 131527, 114557]",1
2010,TRAIN,SUSTAINED_ATTACK,"[104432, 92919, 103093, 98350, 93032, 86195, 41240, 4307, 125144, 21432, 56436, 65794, 74142, 138454, 3789, 5717, 24219, 67985, 52890, 148950]",1
2011,TRAIN,SUSTAINED_ATTACK,"[78038, 24735, 61534, 9706, 31439, 60832, 84153, 120609, 89691, 98886, 119831, 140631, 130706, 91538, 16969, 85503, 108483, 6735, 37928, 22760]",1
2012,TRAIN,SUSTAINED_ATTACK,"[32535, 84115, 73217, 136696, 66488, 40595, 71976, 103909, 45687, 11427, 71058, 34641, 30868, 80043, 81482, 1033, 56098, 84977, 40786, 52278]",1
2013,TRAIN,SUSTAINED_ATTACK,"[19743, 3375, 55553, 138721, 65769, 60638, 134011, 454, 148925, 33655, 107451, 6449, 53239, 138553, 107047, 136739, 57957, 103305, 111204, 74131]",1
2014,TRAIN,SUSTAINED_ATTACK,"[47103, 56268, 125873, 51805, 107749, 94722, 27873, 20468, 50219, 89340, 33010, 102879, 87295, 13475, 32840, 123398, 147124, 43550, 3423, 10677]",1
2015,TRAIN,SUSTAINED_ATTACK,"[47433, 34779, 33570, 62761, 68825, 98590, 81118, 80930, 9595, 143475, 79277, 114890, 98598, 79360, 129042, 119130, 124082, 13923, 121586, 90078]",1
2016,TRAIN,SUSTAINED_ATTACK,"[69446, 124999, 83, 18554, 48755, 98660, 5489, 70231, 42318, 61022, 56492, 106938, 110334, 120427, 64886, 116773, 22996, 28234, 142593, 2677]",1
2017,TRAIN,SUSTAINED_ATTACK,"[42583, 24399, 96851, 67998, 27190, 112148, 50815, 100799, 146263, 96169, 6210, 120482, 38513, 33444, 9128, 55755, 144050, 56749, 145608, 143470]",1
2018,TRAIN,SUSTAINED_ATTACK,"[30664, 6606, 122852, 11144, 81771, 96466, 26344, 102575, 62081, 77844, 102762, 91853, 72630, 68934, 64888, 82168, 107281, 39285, 30222, 108451]",1
2019,TRAIN,SUSTAINED_ATTACK,"[75677, 37918, 4178, 6535, 145066, 94276, 60472, 132920, 15125, 126725, 13948, 9168, 117714, 131536, 8126, 133042, 41878, 9519, 148135, 149566]",1
2020,TRAIN,SUSTAINED_ATTACK,"[146762, 39954, 103143, 89904, 44312, 65718, 17148, 45830, 35746, 54548, 48233, 58922, 55824, 25514, 134206, 34586, 78243, 111191, 99964, 132047]",1
2021,TRAIN,SUSTAINED_ATTACK,"[124164, 7509, 71425, 142711, 69635, 140309, 91299, 39142, 16659, 97860, 27611, 85678, 73621, 112369, 79223, 89696, 146634, 54901, 62591, 4892]",1
2022,TRAIN,SUSTAINED_ATTACK,"[76591, 63138, 41955, 140440, 44891, 35818, 81156, 125094, 26549, 4912, 146196, 126448, 115256, 90149, 53393, 122120, 138464, 107438, 62873, 46311]",1
2023,TRAIN,SUSTAINED_ATTACK,"[136838, 101785, 13427, 82443, 85891, 16387, 87537, 7786, 1225, 36491, 31621, 106113, 51242, 18668, 130283, 105306, 117660, 36789, 18246, 62544]",1
2024,TRAIN,SUSTAINED_ATTACK,"[17640, 12627, 76647, 103329, 87393, 36126, 69789, 95516, 19725, 142717, 66772, 88675, 129764, 130499, 102326, 51007, 40047, 144150, 58323, 119779]",1
2025,TRAIN,SUSTAINED_ATTACK,"[100991, 1700, 59812, 15727, 55359, 116265, 121143, 20126, 125761, 123914, 7285, 89316, 85623, 3875, 51052, 54943, 48504, 19286, 51585, 149784]",1
2026,TRAIN,SUSTAINED_ATTACK,"[46213, 82885, 102700, 39661, 30660, 128668, 41304, 55040, 28707, 90327, 8858, 144688, 50400, 93836, 6372, 15493, 58656, 23607, 12141, 18223]",1
2027,TRAIN,SUSTAINED_ATTACK,"[34014, 125135, 134950, 42087, 136657, 4502, 145644, 53891, 99105, 126600, 67360, 108577, 94094, 144392, 82061, 147414, 111044, 11914, 55350, 116228]",1
2028,TRAIN,SUSTAINED_ATTACK,"[17605, 80326, 7432, 39953, 88913, 19677, 98827, 82543, 83752, 145835, 95231, 24010, 103510, 98406, 125895, 68452, 81184, 33343, 50035, 82080]",1
2029,TRAIN,SUSTAINED_ATTACK,"[111860, 63388, 42321, 17525, 108239, 138779, 135241, 111181, 133304, 14980, 116556, 107187, 13982, 23495, 141404, 25844, 39052, 108345, 147151, 25758]",1
2030,TRAIN,SUSTAINED_ATTACK,"[20279, 28416, 90257, 10592, 34025, 4655, 33937, 135836, 117229, 135456, 140521, 49863, 58103, 22373, 61394, 75511, 24236, 65931, 124266, 143679]",1
2031,TRAIN,SUSTAINED_ATTACK,"[32670, 63340, 100831, 87600, 55187, 2056, 81702, 93739, 68062, 17768, 69062, 70157, 60842, 8543, 133948, 72455, 60919, 45444, 63307, 93805]",1
2032,TRAIN,SUSTAINED_ATTACK,"[113279, 149428, 110704, 5844, 2743, 54906, 149690, 126381, 22243, 125091, 114982, 111986, 116726, 1571, 5928, 18869, 31872, 121669, 90648, 123537]",1
2033,TRAIN,SUSTAINED_ATTACK,"[50995, 39688, 97262, 13108, 137661, 41265, 39328, 53027, 83875, 67734, 112785, 69740, 133941, 36208, 96724, 120746, 3819, 32048, 69351, 67964]",1
2034,TRAIN,SUSTAINED_ATTACK,"[127839, 64735, 292, 127266, 97959, 142119, 94834, 60495, 50588, 141814, 17263, 81809, 115629, 65392, 50355, 91246, 128310, 3290, 128480, 141332]",1
2035,TRAIN,SUSTAINED_ATTACK,"[54359, 124259, 11785, 121919, 38223, 104205, 87207, 102586, 1483, 132126, 125659, 54389, 149793, 17154, 106751, 6824, 147306, 112783, 105740, 138363]",1
2036,TRAIN,SUSTAINED_ATTACK,"[78625, 49896, 99378, 562, 64469, 21840, 59185, 14225, 107867, 36890, 136641, 45619, 45664, 55400, 119203, 27830, 112227, 58090, 127200, 72107]",1
2037,TRAIN,SUSTAINED_ATTACK,"[13024, 21243, 38814, 143465, 44612, 113796, 43538, 11313, 110997, 36085, 113121, 100824, 101491, 52856, 83078, 8540, 43908, 78774, 98419, 126336]",1
2038,TRAIN,SUSTAINED_ATTACK,"[121183, 134155, 126062, 126231, 89861, 22083, 142418, 4667, 6518, 81868, 96485, 146046, 6254, 132800, 61420, 120822, 123297, 146255, 87275, 74403]",1
2039,TRAIN,SUSTAINED_ATTACK,"[20724, 90292, 88134, 130848, 112840, 52708, 12650, 44280, 147718, 80470, 48574, 46473, 108558, 72087, 124030, 103848, 29923, 90037, 19492, 22792]",1
2040,TRAIN,SUSTAINED_ATTACK,"[70761, 5237, 136820, 65679, 17648, 148909, 142942, 65245, 37641, 106025, 112919, 84519, 84822, 67583, 117978, 122474, 59864, 144705, 70714, 17701]",1
2041,TRAIN,SUSTAINED_ATTACK,"[116240, 16831, 68772, 60795, 126696, 148561, 110243, 34804, 95263, 52344, 84148, 130302, 13144, 25748, 149419, 87044, 64979, 953, 126674, 100641]",1
2042,TRAIN,SUSTAINED_ATTACK,"[103300, 53049, 59309, 5396, 33614, 129512, 91722, 135445, 80111, 84867, 66041, 61079, 3286, 95256, 89600, 70690, 24849, 26032, 55692, 132224]",1
2043,TRAIN,SUSTAINED_ATTACK,"[55307, 20272, 70505, 136934, 136908, 8230, 140732, 82674, 141474, 74965, 20120, 126356, 34876, 87011, 40160, 116186, 60460, 67947, 56249, 31143]",1
2044,TRAIN,SUSTAINED_ATTACK,"[134148, 37232, 105471, 135131, 31725, 57012, 131048, 145502, 42679, 56770, 56928, 69959, 127657, 132862, 89000, 61026, 100144, 63965, 79775, 19264]",1
2045,TRAIN,SUSTAINED_ATTACK,"[113440, 50726, 90113, 101927, 96105, 14643, 23468, 92722, 66956, 18946, 7914, 80863, 21630, 113719, 125096, 74908, 107898, 66002, 119265, 17491]",1
2046,TRAIN,SUSTAINED_ATTACK,"[131368, 39482, 1461, 106141, 78274, 132525, 138784, 12263, 147717, 31703, 129257, 50711, 51117, 144035, 149422, 78567, 76064, 5669, 110390, 43181]",1
2047,TRAIN,SUSTAINED_ATTACK,"[146325, 21022, 624, 25311, 7385, 20799, 34552, 89125, 10012, 51916, 102815, 2009, 145147, 1111, 41131, 39854, 138996, 90538, 82534, 11430]",1
2048,TRAIN,SUSTAINED_ATTACK,"[109326, 16450, 62150, 70068, 13579, 488, 117805, 1636, 11886, 43393, 37020, 111399, 32468, 42885, 2607, 45963, 139467, 124961, 82380, 10405]",1
2049,TRAIN,SUSTAINED_ATTACK,"[18669, 147818, 12397, 106993, 148687, 109354, 108213, 22898, 64053, 16214, 141534, 65735, 16062, 16149, 144028, 12542, 37370, 78540, 44652, 20630]",1
2050,TRAIN,SUSTAINED_ATTACK,"[132553, 139754, 66566, 76187, 73147, 126671, 117836, 14756, 62525, 19565, 41081, 21536, 40293, 53958, 17908, 61667, 126404, 35187, 89887, 88524]",1
2051,TRAIN,SUSTAINED_ATTACK,"[77103, 85269, 121799, 107057, 66223, 7249, 14648, 72173, 122, 128083, 83631, 61734, 135875, 126196, 142363, 15369, 133335, 40158, 139775, 52951]",1
2052,TRAIN,SUSTAINED_ATTACK,"[18801, 29469, 117107, 7000, 5523, 54944, 134754, 76104, 142085, 139067, 127199, 47676, 38157, 146440, 60041, 72364, 60367, 112354, 128272, 140436]",1
2053,TRAIN,SUSTAINED_ATTACK,"[33737, 31089, 19606, 72902, 29044, 144401, 121000, 116247, 145449, 126025, 111367, 84166, 992, 86247, 76882, 99385, 61439, 13680, 55139, 138833]",1
2054,TRAIN,SUSTAINED_ATTACK,"[123510, 44484, 142941, 60009, 92271, 144962, 68687, 27483, 34301, 93973, 133349, 4725, 7198, 127667, 127651, 86453, 7672, 125022, 82500, 89296]",1
2055,TRAIN,SUSTAINED_ATTACK,"[99618, 62841, 97046, 125555, 108759, 38191, 74529, 129990, 75414, 9615, 22218, 108226, 73206, 111012, 87088, 50869, 90223, 66310, 82219, 21842]",1
2056,TRAIN,SUSTAINED_ATTACK,"[14867, 91603, 77345, 148477, 16806, 109013, 82655, 117637, 29348, 50713, 100371, 64842, 78101, 45239, 50664, 8642, 22783, 24547, 80514, 116551]",1
2057,TRAIN,SUSTAINED_ATTACK,"[113537, 19560, 33472, 81751, 14407, 143098, 146363, 59084, 11969, 10940, 72427, 38312, 107880, 74233, 72149, 29191, 139255, 138891, 32877, 121989]",1
2058,TRAIN,SUSTAINED_ATTACK,"[24080, 120647, 4563, 123567, 35046, 122070, 144742, 4908, 70403, 27527, 14485, 111527, 61148, 99952, 37417, 129726, 61585, 88527, 112865, 88714]",1
2059,TRAIN,SUSTAINED_ATTACK,"[114149, 120244, 14112, 131002, 98002, 8608, 38332, 17064, 61780, 74019, 56732, 84986, 26143, 127324, 133906, 135783, 78934, 147509, 2436, 73969]",1
2060,TRAIN,SUSTAINED_ATTACK,"[16318, 27825, 112575, 47971, 6661, 28476, 56953, 120208, 3930, 95763, 51573, 144128, 94129, 112463, 135703, 18818, 36305, 60981, 24186, 68068]",1
2061,TRAIN,SUSTAINED_ATTACK,"[28074, 81505, 59199, 13200, 17691, 111705, 29818, 136741, 94396, 56392, 121148, 144637, 130332, 74769, 95935, 63327, 110544, 3912, 24946, 119063]",1
2062,TRAIN,SUSTAINED_ATTACK,"[40571, 12258, 80142, 51882, 89692, 131816, 42098, 92845, 93235, 72282, 30332, 11576, 14174, 27425, 101986, 2383, 147353, 70573, 109347, 70786]",1
2063,TRAIN,SUSTAINED_ATTACK,"[8897, 8373, 88298, 95802, 14727, 40783, 141289, 8241, 81219, 91541, 5876, 106911, 108899, 77758, 98852, 853, 43521, 131458, 80147, 41474]",1
2064,TRAIN,SUSTAINED_ATTACK,"[53257, 31078, 65395, 132709, 110424, 60013, 126862, 141602, 64783, 102289, 42439, 94731, 60734, 98025, 70021, 136178, 129428, 149204, 144664, 61771]",1
2065,TRAIN,SUSTAINED_ATTACK,"[57737, 118801, 124378, 49768, 107279, 33834, 91428, 82899, 138875, 29985, 133763, 76209, 23381, 49419, 38798, 124728, 47465, 62215, 19267, 120821]",1
2066,TRAIN,SUSTAINED_ATTACK,"[92796, 43063, 138436, 118376, 97005, 141081, 32767, 102311, 126500, 141124, 130208, 119462, 138007, 17839, 134974, 84117, 95583, 127848, 134497, 117194]",1
2067,TRAIN,SUSTAINED_ATTACK,"[76666, 140790, 148436, 60615, 112632, 115485, 100711, 149758, 7200, 106928, 97633, 89906, 25206, 136171, 76102, 23866, 139959, 102464, 94478, 120417]",1
2068,TRAIN,SUSTAINED_ATTACK,"[12962, 94910, 121760, 95471, 79449, 52788, 93282, 96007, 137455, 116353, 105770, 26993, 46083, 33068, 82551, 83491, 58307, 10634, 75360, 131542]",1
2069,TRAIN,SUSTAINED_ATTACK,"[90912, 131867, 115167, 33293, 129573, 62738, 1984, 109049, 115687, 64887, 81014, 59207, 115146, 7522, 106402, 21085, 134630, 121940, 23922, 73553]",1
2070,TRAIN,SUSTAINED_ATTACK,"[75610, 50310, 51796, 32184, 135680, 61592, 133147, 110109, 11346, 77192, 53578, 137049, 52926, 75980, 117708, 34336, 56527, 14951, 122249, 12823]",1
2071,TRAIN,SUSTAINED_ATTACK,"[43552, 101421, 122233, 48080, 119353, 100891, 129424, 72407, 56873, 91808, 59718, 2752, 21123, 60809, 79313, 9237, 14241, 55303, 115433, 13898]",1
2072,TRAIN,SUSTAINED_ATTACK,"[136581, 84776, 110569, 21582, 27289, 106343, 36588, 123467, 149086, 28170, 85447, 85224, 16578, 112658, 142305, 82757, 118627, 43214, 147483, 40090]",1
2073,TRAIN,SUSTAINED_ATTACK,"[123290, 38193, 11105, 121985, 127802, 75784, 118047, 79612, 15908, 60249, 144903, 81193, 47760, 14769, 75512, 131699, 103984, 89282, 59144, 137896]",1
2074,TRAIN,SUSTAINED_ATTACK,"[10628, 45570, 117657, 13337, 124415, 41638, 17812, 123642, 136927, 106009, 11601, 56238, 63104, 51545, 141737, 30886, 120056, 60110, 35991, 84579]",1
2075,TRAIN,SUSTAINED_ATTACK,"[126705, 88743, 7112, 122518, 117982, 65589, 80722, 98465, 80801, 64314, 93417, 85850, 57727, 55087, 71484, 86611, 12380, 61997, 82584, 25343]",1
2076,TRAIN,SUSTAINED_ATTACK,"[28895, 105229, 144230, 59288, 20091, 96299, 22919, 5675, 26904, 106693, 85274, 123629, 119196, 34861, 139997, 6259, 127596, 137906, 77451, 95331]",1
2077,TRAIN,SUSTAINED_ATTACK,"[122903, 96773, 117385, 100481, 42463, 22507, 143642, 31997, 144016, 5158, 108456, 59247, 73096, 55265, 64555, 102976, 86494, 127600, 84185, 58178]",1
2078,TRAIN,SUSTAINED_ATTACK,"[132509, 66500, 103713, 1204, 64978, 34129, 120144, 108475, 60698, 143594, 9698, 52748, 119754, 10653, 40631, 66647, 65945, 135575, 98853, 14549]",1
2079,TRAIN,SUSTAINED_ATTACK,"[108073, 144435, 31736, 3536, 139233, 37055, 48882, 10953, 123201, 106419, 135904, 4627, 74436, 36705, 34181, 118919, 137078, 113998, 73789, 112012]",1
2080,TRAIN,SUSTAINED_ATTACK,"[42992, 1517, 106203, 26950, 92126, 140009, 93570, 71541, 26705, 77572, 111400, 86310, 7696, 70173, 74800, 35887, 58187, 129248, 33398, 119087]",1
2081,TRAIN,SUSTAINED_ATTACK,"[14580, 20873, 24174, 80270, 100, 44318, 70894, 127911, 138568, 17526, 29211, 109344, 15457, 18504, 72645, 56629, 185, 746, 68620, 40006]",1
2082,TRAIN,SUSTAINED_ATTACK,"[136843, 132519, 111387, 87731, 18338, 119172, 109111, 28975, 129069, 38277, 138016, 71740, 144111, 46155, 75150, 137529, 39490, 71298, 71967, 24925]",1
2083,TRAIN,SUSTAINED_ATTACK,"[101842, 23620, 64663, 126186, 121754, 97324, 129942, 124952, 57232, 55004, 58358, 107305, 116641, 83302, 26578, 3397, 139179, 60298, 85951, 100613]",1
2084,TRAIN,SUSTAINED_ATTACK,"[34755, 50526, 128526, 116856, 84521, 50735, 118839, 106532, 57504, 62676, 80693, 40864, 75928, 4191, 137706, 128091, 45703, 37597, 26784, 133041]",1
2085,TRAIN,SUSTAINED_ATTACK,"[81648, 54661, 64654, 126863, 64765, 132067, 82256, 14661, 115786, 111461, 125516, 78648, 30519, 47512, 35119, 10061, 105683, 114992, 43817, 50642]",1
2086,TRAIN,SUSTAINED_ATTACK,"[42035, 101812, 82709, 44244, 58270, 116001, 120494, 77810, 122666, 72325, 46004, 48189, 127090, 49256, 3683, 27683, 6912, 22915, 105473, 26281]",1
2087,TRAIN,SUSTAINED_ATTACK,"[83402, 62360, 133456, 46971, 119723, 39595, 131314, 30994, 20626, 69268, 14736, 38119, 48527, 81422, 87425, 122536, 80049, 140874, 69246, 131703]",1
2088,TRAIN,SUSTAINED_ATTACK,"[129603, 25138, 113015, 1802, 104685, 119960, 117371, 11744, 116662, 43221, 99827, 110252, 41895, 49332, 68513, 33910, 56033, 48954, 30293, 99824]",1
2089,TRAIN,SUSTAINED_ATTACK,"[16434, 16053, 100269, 95748, 18803, 8127, 46874, 145396, 2559, 87517, 16104, 86129, 20664, 126391, 61242, 60581, 26867, 115443, 128976, 81202]",1
2090,TRAIN,SUSTAINED_ATTACK,"[68870, 39315, 25236, 67511, 121333, 15893, 136613, 80712, 87191, 12215, 38756, 132180, 69786, 6149, 16123, 112209, 106817, 17244, 66099, 112924]",1
2091,TRAIN,SUSTAINED_ATTACK,"[116720, 102405, 90116, 120116, 87131, 836, 2173, 10026, 102521, 61224, 12103, 14175, 95915, 56382, 539, 58614, 25334, 120932, 133156, 93609]",1
2092,TRAIN,SUSTAINED_ATTACK,"[96268, 101056, 1342, 106947, 112853, 125074, 135913, 18645, 119297, 66796, 72475, 80281, 99277, 25870, 127770, 11891, 67990, 131869, 53720, 137492]",1
2093,TRAIN,SUSTAINED_ATTACK,"[21943, 14988, 93452, 66909, 122499, 19731, 16508, 98675, 31568, 97970, 53744, 34576, 115504, 70900, 25329, 22046, 97167, 129740, 13120, 55705]",1
2094,TRAIN,SUSTAINED_ATTACK,"[129790, 83908, 102839, 113498, 9917, 71119, 31696, 17658, 21658, 25475, 39844, 56372, 76292, 91825, 1905, 60290, 116960, 66731, 54033, 69666]",1
2095,TRAIN,SUSTAINED_ATTACK,"[95641, 112963, 146489, 3229, 19704, 149589, 55873, 20766, 94252, 110218, 44751, 57669, 125599, 9679, 36570, 113775, 49249, 55509, 20507, 73941]",1
2096,TRAIN,SUSTAINED_ATTACK,"[108359, 51739, 65894, 96148, 32166, 49445, 124733, 149237, 73455, 79512, 105967, 17004, 24354, 98814, 12652, 113381, 73491, 122897, 126115, 123627]",1
2097,TRAIN,SUSTAINED_ATTACK,"[135225, 129360, 142362, 134331, 102547, 8795, 101381, 16116, 23688, 56688, 97199, 48980, 81004, 85578, 24045, 144367, 119746, 68173, 86329, 51365]",1
2098,TRAIN,SUSTAINED_ATTACK,"[39153, 112813, 53118, 148192, 148858, 90706, 141357, 54912, 115390, 63984, 53305, 85750, 105443, 140642, 114338, 45400, 119258, 132011, 106302, 143906]",1
2099,TRAIN,SUSTAINED_ATTACK,"[23569, 103668, 87238, 49660, 96063, 7029, 89468, 52059, 119149, 69559, 89382, 87254, 115159, 139832, 33163, 116039, 72804, 20280, 13026, 128423]",1
2100,TRAIN,SUSTAINED_ATTACK,"[133942, 101432, 45786, 14412, 92881, 130666, 61032, 26193, 104416, 90605, 15931, 59509, 132456, 147585, 26562, 117092, 91072, 67197, 125907, 24352]",1
2101,TRAIN,SUSTAINED_ATTACK,"[111704, 30572, 45285, 78056, 75258, 73260, 17741, 70191, 138346, 106543, 49628, 1398, 4154, 298, 97953, 20356, 8478, 126100, 46856, 7578]",1
2102,TRAIN,SUSTAINED_ATTACK,"[135441, 143817, 60550, 81388, 44904, 121235, 50417, 130007, 109230, 144833, 118985, 130172, 53534, 76769, 125727, 47574, 53248, 107120, 92637, 143754]",1
2103,TRAIN,SUSTAINED_ATTACK,"[133392, 57488, 6867, 49818, 79833, 137155, 24811, 118672, 59103, 40282, 43652, 148584, 5826, 60616, 95279, 86674, 40661, 99371, 98830, 112093]",1
2104,TRAIN,SUSTAINED_ATTACK,"[12299, 115426, 49217, 23219, 46009, 136732, 33686, 10743, 106892, 137020, 146400, 99467, 956, 4213, 118028, 93936, 41030, 99726, 28619, 43448]",1
2105,TRAIN,SUSTAINED_ATTACK,"[77727, 91437, 37910, 16702, 76877, 80882, 48936, 2641, 129383, 29874, 41045, 40677, 116918, 128750, 82856, 46080, 22634, 139523, 39791, 127807]",1
2106,TRAIN,SUSTAINED_ATTACK,"[75786, 30556, 96254, 141317, 90943, 139949, 8186, 146752, 149681, 148001, 47915, 123698, 110324, 148474, 119308, 136212, 87301, 141116, 35842, 15039]",1
2107,TRAIN,SUSTAINED_ATTACK,"[46263, 7180, 148424, 125447, 79472, 85384, 37447, 112059, 77168, 72758, 17785, 95930, 30105, 114820, 24213, 47563, 145074, 82891, 136288, 53759]",1
2108,TRAIN,SUSTAINED_ATTACK,"[79279, 130187, 16419, 22633, 103897, 52266, 36731, 144395, 5221, 80214, 133692, 148011, 105134, 50535, 70312, 105798, 75307, 58021, 102391, 91349]",1
2109,TRAIN,SUSTAINED_ATTACK,"[70335, 121454, 8585, 69022, 70298, 139326, 101444, 36525, 113538, 139428, 38133, 4002, 38354, 143732, 95106, 92400, 72313, 110459, 5260, 109171]",1
2110,TRAIN,SUSTAINED_ATTACK,"[1328, 20836, 23758, 57179, 43450, 65581, 49243, 121111, 22290, 148886, 59980, 135915, 68286, 22552, 144329, 146808, 57584, 134837, 73683, 40177]",1
2111,TRAIN,SUSTAINED_ATTACK,"[54871, 143996, 80805, 12598, 127597, 8693, 3223, 29600, 94594, 6575, 17713, 96509, 3418, 82578, 139509, 81177, 31934, 12430, 77876, 20839]",1
2112,TRAIN,SUSTAINED_ATTACK,"[65803, 90220, 67786, 44834, 132333, 99480, 8248, 85962, 113258, 13832, 58648, 1200, 132924, 15825, 129538, 127131, 89129, 109996, 142730, 27145]",1
2113,TRAIN,SUSTAINED_ATTACK,"[119436, 81583, 76778, 58855, 84627, 112973, 55540, 72250, 52260, 14457, 770, 82917, 79194, 4797, 138442, 109192, 118538, 138565, 135479, 49797]",1
2114,TRAIN,SUSTAINED_ATTACK,"[15713, 138364, 131020, 16739, 119022, 69189, 65217, 49173, 146141, 113760, 44877, 88128, 96587, 34398, 121816, 118391, 26213, 5360, 89957, 19418]",1
2115,TRAIN,SUSTAINED_ATTACK,"[36930, 92541, 47278, 144176, 127417, 137016, 2635, 128739, 135128, 8555, 142556, 73246, 96171, 110604, 74329, 115827, 94319, 139041, 146844, 67339]",1
2116,TRAIN,SUSTAINED_ATTACK,"[43695, 109831, 44761, 84633, 148167, 100113, 136515, 144592, 42302, 6380, 135810, 52332, 51183, 84945, 43409, 61381, 22330, 18280, 18464, 109979]",1
2117,TRAIN,SUSTAINED_ATTACK,"[85138, 98177, 107068, 36611, 123034, 101733, 62785, 144939, 123595, 120621, 117789, 108486, 93346, 132866, 42538, 105666, 4973, 40221, 108849, 77343]",1
2118,TRAIN,SUSTAINED_ATTACK,"[65196, 137863, 72186, 8061, 87720, 14768, 38007, 125698, 126350, 18588, 136599, 85401, 2413, 107860, 51060, 35654, 18934, 9012, 31704, 28923]",1
2119,TRAIN,SUSTAINED_ATTACK,"[69910, 23014, 146835, 26376, 83023, 65345, 44629, 123147, 112053, 75264, 58628, 26313, 1400, 132351, 32262, 72894, 64839, 144557, 98012, 99358]",1
2120,TRAIN,SUSTAINED_ATTACK,"[136018, 48927, 33719, 48391, 32420, 102247, 89689, 72415, 27706, 132044, 27575, 140048, 63021, 119421, 72799, 127703, 72863, 45283, 64250, 64946]",1
2121,TRAIN,SUSTAINED_ATTACK,"[43201, 3999, 19834, 147107, 141391, 66485, 8325, 101467, 4933, 33579, 14211, 97273, 41715, 12622, 52440, 129354, 134304, 26869, 75955, 145661]",1
2122,TRAIN,SUSTAINED_ATTACK,"[107560, 13753, 52526, 85437, 64299, 97843, 91966, 127882, 86763, 56708, 143075, 42488, 102990, 1017, 21940, 4954, 15753, 24586, 89182, 14249]",1
2123,TRAIN,SUSTAINED_ATTACK,"[43697, 108228, 81412, 81907, 47504, 128051, 121478, 57978, 12057, 94685, 52493, 87577, 49052, 48707, 118365, 34019, 22469, 25702, 19598, 11194]",1
2124,TRAIN,SUSTAINED_ATTACK,"[12799, 20636, 139862, 16763, 13803, 15114, 61767, 109043, 52895, 149348, 16547, 26414, 112127, 57347, 93954, 22782, 72558, 81411, 72109, 47185]",1
2125,TRAIN,SUSTAINED_ATTACK,"[31489, 5886, 134437, 85455, 105756, 80104, 16706, 37108, 51408, 60508, 104245, 37883, 5545, 92266, 80251, 15551, 84622, 145425, 136889, 25480]",1
2126,TRAIN,SUSTAINED_ATTACK,"[7760, 66047, 45910, 123821, 117464, 114514, 29866, 72320, 104991, 42571, 49242, 78485, 124244, 69981, 56569, 128623, 27490, 100375, 116767, 47907]",1
2127,TRAIN,SUSTAINED_ATTACK,"[49466, 92526, 6802, 574, 12000, 1545, 84702, 47580, 102344, 27207, 83719, 94018, 118782, 136977, 75393, 75237, 82549, 133880, 127002, 139174]",1
2128,TRAIN,SUSTAINED_ATTACK,"[4265, 24030, 41368, 115860, 132085, 77144, 76993, 146187, 121738, 101665, 50745, 30924, 92443, 74789, 109577, 53932, 85161, 21188, 4625, 116857]",1
2129,TRAIN,SUSTAINED_ATTACK,"[119075, 122858, 70167, 80191, 73801, 95564, 98320, 60728, 96086, 79673, 124350, 3231, 88019, 116453, 81802, 59488, 63569, 110682, 54262, 55637]",1
2130,TRAIN,SUSTAINED_ATTACK,"[68559, 121414, 65930, 133322, 39726, 97253, 76965, 22161, 68150, 46912, 102972, 127512, 39936, 56957, 18718, 93673, 149542, 99042, 2151, 133538]",1
2131,TRAIN,SUSTAINED_ATTACK,"[126201, 8668, 147381, 136649, 32091, 771, 61017, 1167, 67701, 17189, 72412, 14146, 140467, 3926, 60679, 44603, 20731, 102204, 135956, 74054]",1
2132,TRAIN,SUSTAINED_ATTACK,"[33876, 82910, 58720, 117640, 93008, 125613, 23349, 64216, 69570, 55257, 142705, 4534, 46300, 16697, 10367, 62053, 119564, 110985, 54781, 119456]",1
2133,TRAIN,SUSTAINED_ATTACK,"[59859, 147947, 52111, 141030, 23697, 5848, 107650, 29224, 113650, 114022, 5673, 135772, 60745, 67639, 18189, 86695, 94208, 107726, 89492, 80145]",1
2134,TRAIN,SUSTAINED_ATTACK,"[107642, 118907, 52362, 142027, 145734, 35459, 52142, 5756, 106579, 3485, 144312, 129624, 61792, 32915, 9578, 86035, 77943, 113858, 57790, 90929]",1
2135,TRAIN,SUSTAINED_ATTACK,"[74338, 32710, 144100, 118736, 40928, 61299, 147839, 124365, 87048, 22068, 133434, 142739, 135127, 105916, 128825, 85257, 121990, 10623, 124775, 44218]",1
2136,TRAIN,SUSTAINED_ATTACK,"[23928, 35674, 83925, 67344, 140285, 123114, 66152, 128985, 142013, 117416, 138012, 103833, 52170, 133505, 69764, 105113, 76529, 47554, 145169, 52834]",1
2137,TRAIN,SUSTAINED_ATTACK,"[70321, 8783, 102320, 28257, 80188, 20782, 35546, 28823, 9669, 70692, 56941, 134947, 25577, 46404, 85972, 88258, 70810, 23489, 146938, 62059]",1
2138,TRAIN,SUSTAINED_ATTACK,"[148713, 14196, 51618, 108551, 148564, 80817, 99730, 45816, 91368, 21984, 34123, 123347, 41659, 14562, 1357, 35882, 43719, 91693, 83743, 23828]",1
2139,TRAIN,SUSTAINED_ATTACK,"[83245, 20200, 113442, 40197, 100032, 96094, 124826, 105442, 11135, 39666, 29750, 94088, 37110, 17773, 61723, 17218, 146929, 33182, 38975, 57322]",1
2140,TRAIN,SUSTAINED_ATTACK,"[59623, 19283, 94811, 6411, 61370, 31332, 16499, 115998, 129590, 95881, 134412, 112195, 83829, 62227, 98174, 128834, 80245, 26529, 102253, 35080]",1
2141,TRAIN,SUSTAINED_ATTACK,"[130984, 89785, 137539, 2548, 42851, 30279, 58616, 54625, 5984, 113217, 117885, 102617, 43534, 31741, 24395, 8556, 46725, 72982, 136663, 2269]",1
2142,TRAIN,SUSTAINED_ATTACK,"[15131, 13985, 113713, 139362, 140183, 1437, 52859, 96707, 76072, 16367, 56097, 132722, 21378, 86420, 141282, 50938, 20927, 38968, 146875, 77228]",1
2143,TRAIN,SUSTAINED_ATTACK,"[112372, 1534, 144178, 109472, 22602, 77370, 33776, 45523, 49339, 101196, 45501, 115210, 64931, 149713, 118931, 126938, 11005, 97134, 69465, 127875]",1
2144,TRAIN,SUSTAINED_ATTACK,"[129854, 47741, 54158, 104940, 97483, 11023, 53273, 87377, 79321, 1683, 39674, 9766, 140204, 39613, 95618, 2281, 6206, 44902, 33185, 47324]",1
2145,TRAIN,SUSTAINED_ATTACK,"[70102, 17282, 37817, 132169, 27359, 33031, 126882, 18872, 103299, 49686, 57216, 69649, 59917, 1449, 87760, 76955, 74302, 84198, 122750, 45763]",1
2146,TRAIN,SUSTAINED_ATTACK,"[40089, 13904, 78830, 64470, 47385, 60923, 129715, 105153, 144040, 134146, 16927, 83946, 71511, 64037, 167, 27341, 143006, 75451, 61643, 99667]",1
2147,TRAIN,SUSTAINED_ATTACK,"[105582, 1085, 105531, 76547, 64738, 105243, 28053, 83749, 94146, 128912, 97795, 77743, 24682, 38902, 124628, 111011, 108915, 130061, 30591, 104194]",1
2148,TRAIN,SUSTAINED_ATTACK,"[40875, 123170, 120558, 15206, 58427, 35850, 25849, 64033, 111166, 69321, 5495, 137072, 95429, 30086, 103785, 140675, 31994, 9248, 54160, 122777]",1
2149,TRAIN,SUSTAINED_ATTACK,"[135711, 125349, 42756, 102550, 8604, 22007, 59302, 74179, 95530, 29183, 28453, 139955, 137388, 89368, 19631, 123089, 112934, 82685, 55740, 47918]",1
2150,TRAIN,SUSTAINED_ATTACK,"[146945, 30672, 44856, 141549, 103918, 114290, 110749, 55364, 28925, 55702, 26801, 23741, 22736, 92224, 117446, 112900, 77472, 94771, 17409, 18936]",1
2151,TRAIN,SUSTAINED_ATTACK,"[51384, 95966, 10323, 8184, 127587, 115087, 133005, 34319, 87582, 23972, 48478, 114768, 37202, 127118, 59990, 74803, 53000, 7378, 28038, 18319]",1
2152,TRAIN,SUSTAINED_ATTACK,"[14707, 114102, 149800, 60478, 94620, 114651, 91408, 29505, 20528, 131391, 129568, 127615, 66257, 100604, 127974, 54772, 96892, 87949, 134042, 93543]",1
2153,TRAIN,SUSTAINED_ATTACK,"[83323, 63130, 27909, 126742, 133076, 74482, 137746, 124222, 146508, 134315, 71489, 53426, 27019, 133458, 59117, 67698, 9840, 131597, 102502, 67483]",1
2154,TRAIN,SUSTAINED_ATTACK,"[59969, 106819, 67672, 51825, 7406, 11329, 54441, 39760, 147993, 86576, 114745, 130690, 28399, 9714, 57505, 20419, 128719, 111193, 134691, 81682]",1
2155,TRAIN,SUSTAINED_ATTACK,"[113385, 2943, 118896, 17220, 55850, 24037, 139093, 106705, 9302, 22001, 123757, 58569, 73112, 129366, 90569, 65699, 13224, 36000, 137175, 86337]",1
2156,TRAIN,SUSTAINED_ATTACK,"[34195, 106804, 86332, 75079, 6886, 25921, 90629, 148908, 40604, 53092, 135309, 46625, 12541, 54721, 42855, 39992, 102663, 131758, 100529, 63009]",1
2157,TRAIN,SUSTAINED_ATTACK,"[139262, 94490, 29398, 14783, 121864, 101630, 77547, 6046, 35206, 102221, 47809, 44895, 48363, 132500, 12339, 67656, 122709, 53112, 50839, 406]",1
2158,TRAIN,SUSTAINED_ATTACK,"[29518, 4135, 85191, 83089, 118581, 65962, 19065, 17339, 107712, 106498, 6288, 106830, 149648, 95757, 89821, 9950, 139370, 3065, 42623, 20260]",1
2159,TRAIN,SUSTAINED_ATTACK,"[26675, 1633, 752, 119899, 16834, 82451, 10683, 74286, 42149, 114375, 121843, 621, 60866, 9915, 4463, 23504, 129238, 89305, 79911, 138521]",1
2160,TRAIN,SUSTAINED_ATTACK,"[28641, 30990, 67710, 20824, 137719, 1963, 2207, 37892, 8722, 47865, 89104, 3946, 111645, 86966, 20708, 109922, 128439, 30998, 1219, 74657]",1
2161,TRAIN,SUSTAINED_ATTACK,"[125496, 69787, 100177, 118422, 77384, 106991, 128765, 9955, 108924, 51987, 148634, 133514, 79910, 14775, 85711, 51234, 55971, 40296, 57302, 84480]",1
2162,TRAIN,SUSTAINED_ATTACK,"[7203, 76356, 144190, 123123, 57962, 45186, 147655, 40841, 136598, 116966, 44695, 94282, 129741, 110343, 110870, 105426, 73545, 90159, 68092, 119943]",1
2163,TRAIN,SUSTAINED_ATTACK,"[21621, 77950, 66158, 50037, 137711, 112461, 110320, 102892, 80819, 29731, 67308, 24904, 110272, 82604, 22015, 98515, 116672, 90558, 107843, 144497]",1
2164,TRAIN,SUSTAINED_ATTACK,"[103039, 48133, 109281, 6715, 95260, 13263, 106636, 99264, 9211, 12839, 120718, 139077, 133703, 35408, 69506, 144638, 12166, 121815, 146142, 52183]",1
2165,TRAIN,SUSTAINED_ATTACK,"[97360, 119185, 49547, 42051, 50534, 143493, 70365, 74006, 17479, 38233, 139646, 54812, 23089, 124413, 43936, 129077, 117054, 74017, 143398, 124720]",1
2166,TRAIN,SUSTAINED_ATTACK,"[89369, 42822, 8509, 74500, 136005, 98053, 94940, 102203, 60544, 74757, 144789, 72671, 63058, 112797, 4167, 78638, 119150, 11780, 78356, 66981]",1
2167,TRAIN,SUSTAINED_ATTACK,"[55884, 101939, 117456, 90719, 84321, 149840, 25701, 121263, 87446, 30965, 140548, 71547, 71059, 76940, 98501, 90267, 4269, 126527, 86086, 10843]",1
2168,TRAIN,SUSTAINED_ATTACK,"[86503, 29167, 143396, 148676, 53338, 984, 36796, 119254, 84121, 68287, 65300, 8168, 13343, 68450, 87774, 146116, 106490, 26163, 1971, 16584]",1
2169,TRAIN,SUSTAINED_ATTACK,"[42649, 123070, 57265, 144141, 124038, 149583, 82392, 26012, 103469, 69759, 114125, 99686, 113207, 135557, 80092, 115192, 24353, 88606, 137270, 74728]",1
2170,TRAIN,SUSTAINED_ATTACK,"[60056, 31162, 145310, 146273, 125632, 43203, 26295, 45822, 119917, 17091, 66429, 9263, 83440, 116376, 32440, 85883, 30969, 136659, 122992, 58896]",1
2171,TRAIN,SUSTAINED_ATTACK,"[73642, 62933, 138761, 112743, 17309, 122006, 28246, 16837, 75455, 30823, 15793, 68759, 26237, 5829, 127753, 41410, 117214, 32032, 13310, 19205]",1
2172,TRAIN,SUSTAINED_ATTACK,"[135958, 18220, 131117, 117942, 139864, 64424, 100090, 73565, 37715, 46803, 12583, 139633, 91494, 108175, 59776, 146648, 25836, 31734, 53277, 29796]",1
2173,TRAIN,SUSTAINED_ATTACK,"[50783, 77417, 1551, 21764, 91678, 35780, 66599, 88083, 68654, 110641, 29146, 38453, 76917, 145767, 131292, 104371, 17568, 115917, 40356, 4604]",1
2174,TRAIN,SUSTAINED_ATTACK,"[25691, 29740, 83940, 39401, 52212, 34343, 49575, 90199, 142204, 23720, 27130, 12928, 3267, 6917, 4431, 8244, 71829, 140667, 120390, 127762]",1
2175,TRAIN,SUSTAINED_ATTACK,"[91868, 15067, 112994, 74375, 58579, 89739, 58799, 107032, 27712, 145340, 125850, 101815, 105391, 13432, 686, 108973, 18525, 47730, 50448, 52134]",1
2176,TRAIN,SUSTAINED_ATTACK,"[127277, 66284, 74922, 93494, 66877, 87688, 91394, 54656, 100063, 70983, 77879, 100549, 42919, 3810, 40444, 66503, 7717, 131483, 86510, 45316]",1
2177,TRAIN,SUSTAINED_ATTACK,"[99056, 113182, 102331, 21419, 69492, 5798, 138432, 7364, 98665, 66528, 90798, 15127, 122938, 34702, 118473, 145980, 132987, 48838, 70358, 42794]",1
2178,TRAIN,SUSTAINED_ATTACK,"[79070, 120359, 10899, 135677, 14873, 80479, 4701, 23045, 128572, 16174, 59576, 80348, 107816, 147786, 31778, 122519, 114747, 15075, 500, 104539]",1
2179,TRAIN,SUSTAINED_ATTACK,"[41823, 53767, 26594, 147870, 5412, 123614, 141467, 134788, 45154, 96569, 18943, 5532, 97918, 9219, 75708, 59815, 59360, 102914, 99206, 48686]",1
2180,TRAIN,SUSTAINED_ATTACK,"[98092, 127149, 34171, 120567, 16902, 121135, 32976, 99615, 103521, 43682, 135037, 7275, 62875, 113411, 82634, 70080, 56583, 139667, 34606, 85655]",1
2181,TRAIN,SUSTAINED_ATTACK,"[134326, 56456, 120829, 45033, 75504, 86588, 76699, 75636, 134008, 89835, 4202, 61891, 123823, 78548, 41997, 130324, 113964, 81837, 30338, 43426]",1
2182,TRAIN,SUSTAINED_ATTACK,"[82238, 12252, 140173, 39226, 42256, 86643, 118890, 9182, 134539, 69586, 32303, 31808, 113691, 145589, 95621, 112290, 79272, 144421, 77619, 83984]",1
2183,TRAIN,SUSTAINED_ATTACK,"[142782, 83448, 70889, 135741, 37810, 6549, 138218, 2189, 67674, 149587, 34261, 112218, 122680, 24652, 31803, 106534, 146983, 140222, 129634, 41025]",1
2184,TRAIN,SUSTAINED_ATTACK,"[70139, 60211, 15357, 140457, 35025, 11289, 117001, 131132, 139926, 78399, 81823, 14921, 69092, 140572, 58117, 91236, 23900, 27581, 57884, 87879]",1
2185,TRAIN,SUSTAINED_ATTACK,"[51619, 29298, 146523, 76182, 24588, 104555, 33451, 3829, 141765, 128156, 19723, 133596, 28218, 141168, 53081, 149151, 142662, 125154, 68110, 116782]",1
2186,TRAIN,SUSTAINED_ATTACK,"[57721, 59158, 84144, 136007, 117355, 56174, 49371, 12212, 19544, 97686, 59862, 52516, 53517, 102826, 47977, 70375, 1759, 147816, 96199, 110615]",1
2187,TRAIN,SUSTAINED_ATTACK,"[29198, 10022, 114406, 32444, 112477, 147496, 14060, 143337, 143979, 16379, 77056, 48797, 61423, 17403, 118011, 122268, 44144, 62868, 95512, 78904]",1
2188,TRAIN,SUSTAINED_ATTACK,"[17184, 93929, 19592, 112175, 10509, 114280, 22159, 137356, 57156, 13863, 143459, 462, 60359, 30988, 149678, 29241, 25634, 75385, 146624, 46867]",1
2189,TRAIN,SUSTAINED_ATTACK,"[94563, 87190, 75615, 31849, 1915, 52925, 8851, 65179, 86593, 127791, 17975, 32065, 111887, 85868, 38822, 144164, 60595, 11159, 127783, 147213]",1
2190,TRAIN,SUSTAINED_ATTACK,"[97954, 22891, 143460, 70343, 21661, 31547, 59546, 145978, 10667, 22289, 91346, 102009, 103203, 61943, 148691, 91773, 61051, 112207, 99506, 88708]",1
2191,TRAIN,SUSTAINED_ATTACK,"[113990, 96646, 98882, 80566, 22704, 13092, 146772, 102718, 104388, 85246, 110125, 141022, 24640, 20150, 60232, 42745, 81707, 47995, 73203, 40748]",1
2192,TRAIN,SUSTAINED_ATTACK,"[118891, 37689, 50074, 1707, 77714, 27776, 99675, 68927, 40915, 38478, 149641, 120885, 148098, 60179, 50882, 3502, 142726, 93403, 34536, 34035]",1
2193,TRAIN,SUSTAINED_ATTACK,"[83090, 12445, 147654, 43182, 85994, 73347, 60116, 83213, 122039, 11529, 15776, 67642, 77433, 101106, 130799, 119718, 41195, 70915, 45414, 147874]",1
2194,TRAIN,SUSTAINED_ATTACK,"[98608, 20576, 9097, 45690, 104269, 50135, 144221, 48614, 115520, 126305, 35396, 84942, 62376, 18406, 26009, 8423, 90673, 128371, 123328, 8872]",1
2195,TRAIN,SUSTAINED_ATTACK,"[16201, 111391, 127327, 39099, 92984, 2593, 33918, 78088, 79781, 31263, 22585, 144806, 107408, 60237, 137784, 78402, 83887, 72382, 92884, 75384]",1
2196,TRAIN,SUSTAINED_ATTACK,"[93327, 64640, 99568, 112037, 18854, 128134, 138879, 101675, 1661, 115153, 82218, 9116, 27729, 108064, 117751, 74527, 8746, 20892, 128412, 51576]",1
2197,TRAIN,SUSTAINED_ATTACK,"[31076, 38875, 113911, 70779, 91392, 81258, 109659, 146391, 125694, 51596, 48644, 8930, 63203, 47310, 74755, 105054, 10471, 143440, 30469, 9377]",1
2198,TRAIN,SUSTAINED_ATTACK,"[142164, 7925, 130538, 20300, 123678, 78212, 119438, 13129, 94770, 45829, 113429, 33770, 12853, 105532, 147376, 140513, 27122, 46490, 86100, 34489]",1
2199,TRAIN,SUSTAINED_ATTACK,"[56978, 58073, 145290, 145363, 118720, 137901, 100608, 77681, 21080, 108746, 46141, 27865, 118743, 92595, 18945, 21898, 35240, 3849, 44642, 98890]",1
2200,TRAIN,SUSTAINED_ATTACK,"[57858, 60070, 87902, 5317, 146546, 91362, 148328, 40668, 85860, 42006, 47877, 132264, 17171, 113770, 21580, 14927, 143808, 61798, 65430, 31255]",1
2201,TRAIN,SUSTAINED_ATTACK,"[144290, 11884, 49424, 143641, 28889, 51982, 5445, 101955, 18687, 3873, 147144, 2869, 83405, 43274, 90126, 89244, 54538, 14138, 115607, 45176]",1
2202,TRAIN,SUSTAINED_ATTACK,"[26465, 59705, 136566, 126746, 13096, 127895, 45200, 30430, 126342, 79932, 80421, 37377, 70169, 116276, 134660, 123193, 135495, 87618, 58008, 139993]",1
2203,TRAIN,SUSTAINED_ATTACK,"[14936, 116835, 53708, 115707, 119060, 102424, 53843, 111613, 17361, 18648, 463, 73003, 120837, 8435, 136243, 70198, 19263, 4761, 126227, 68279]",1
2204,TRAIN,SUSTAINED_ATTACK,"[26535, 38126, 137470, 139073, 2792, 45820, 124002, 62103, 129564, 46202, 66050, 122856, 122625, 29708, 53563, 89868, 12362, 42182, 84225, 57643]",1
2205,TRAIN,SUSTAINED_ATTACK,"[133371, 3228, 142416, 121203, 56349, 83522, 130859, 146538, 107733, 96147, 73835, 44998, 118755, 122195, 20903, 87751, 63483, 78481, 60983, 98329]",1
2206,TRAIN,SUSTAINED_ATTACK,"[34579, 45446, 92825, 51449, 88850, 30034, 69110, 8141, 92801, 86439, 66469, 112197, 14203, 63952, 7440, 94750, 145629, 9460, 77031, 11869]",1
2207,TRAIN,SUSTAINED_ATTACK,"[92911, 105530, 63511, 115586, 106593, 48581, 83870, 20340, 53933, 75973, 119872, 145056, 58045, 75008, 15762, 43916, 66300, 30846, 10098, 65647]",1
2208,TRAIN,SUSTAINED_ATTACK,"[84282, 82908, 107378, 75215, 97382, 52567, 109495, 63962, 15536, 5299, 18427, 104024, 131727, 64851, 22665, 63963, 15416, 63462, 125707, 39676]",1
2209,TRAIN,SUSTAINED_ATTACK,"[131531, 74733, 5434, 134718, 21746, 21794, 47716, 89096, 67432, 36217, 90061, 148640, 10738, 103693, 41527, 33334, 122969, 714, 73708, 97854]",1
2210,TRAIN,SUSTAINED_ATTACK,"[148936, 14328, 127876, 55763, 98529, 56726, 38216, 70453, 42402, 14629, 145785, 138681, 145411, 101930, 12349, 87004, 24525, 82563, 112637, 25871]",1
2211,TRAIN,SUSTAINED_ATTACK,"[47279, 1695, 47946, 113782, 78931, 80098, 27285, 131883, 147475, 9895, 148562, 140827, 141184, 103523, 78726, 80899, 67248, 79534, 42096, 122970]",1
2212,TRAIN,SUSTAINED_ATTACK,"[102410, 125545, 28369, 38833, 114898, 45118, 83478, 30282, 68648, 78645, 80688, 16182, 57088, 139256, 117922, 75592, 80727, 46511, 67263, 35471]",1
2213,TRAIN,SUSTAINED_ATTACK,"[138932, 128960, 138595, 127192, 142219, 29871, 26067, 142743, 51348, 137264, 64651, 67732, 124190, 48598, 47076, 117534, 69308, 136483, 22601, 84500]",1
2214,TRAIN,SUSTAINED_ATTACK,"[46003, 93419, 97283, 145040, 14017, 23, 109483, 31916, 97594, 44094, 92828, 97811, 126484, 104029, 106762, 145100, 79008, 48190, 118388, 116890]",1
2215,TRAIN,SUSTAINED_ATTACK,"[59275, 95554, 126423, 148568, 2122, 72711, 87462, 2424, 26433, 4640, 53964, 130269, 25278, 53918, 73874, 46371, 125201, 18139, 148038, 110003]",1
2216,TRAIN,SUSTAINED_ATTACK,"[79946, 9311, 143279, 2172, 55665, 102249, 48492, 135249, 94554, 30995, 62902, 49555, 148350, 117422, 128318, 80483, 104060, 137018, 84091, 8531]",1
2217,TRAIN,SUSTAINED_ATTACK,"[77949, 78552, 25821, 105828, 95318, 27838, 1159, 95035, 98785, 68415, 77292, 76048, 78716, 103746, 102614, 144503, 112252, 62252, 137267, 66682]",1
2218,TRAIN,SUSTAINED_ATTACK,"[77560, 57360, 114688, 104580, 3549, 30249, 133128, 130079, 9548, 90338, 143782, 81455, 142807, 135342, 11563, 22452, 120330, 122578, 137849, 73750]",1
2219,TRAIN,SUSTAINED_ATTACK,"[86106, 24819, 23958, 30364, 138309, 49541, 73973, 106339, 26875, 894, 51269, 94406, 39679, 122314, 67040, 86720, 90025, 74062, 114816, 14118]",1
2220,TRAIN,SUSTAINED_ATTACK,"[103156, 121806, 68741, 53586, 16506, 92985, 148748, 29030, 133968, 86520, 19636, 125961, 64457, 58765, 73454, 144566, 42672, 102754, 121539, 135353]",1
2221,TRAIN,SUSTAINED_ATTACK,"[134888, 50847, 20490, 50261, 67101, 128122, 138060, 5631, 143199, 106944, 121090, 27446, 39682, 88282, 58211, 105516, 18538, 99963, 48200, 126510]",1
2222,TRAIN,SUSTAINED_ATTACK,"[137080, 106784, 21750, 128061, 109535, 108187, 108041, 134056, 79179, 130016, 87117, 70481, 131997, 3581, 149474, 110063, 76061, 104015, 91387, 135173]",1
2223,TRAIN,SUSTAINED_ATTACK,"[77200, 61953, 144867, 13921, 127607, 114750, 75069, 33252, 81905, 62865, 27386, 116357, 74853, 57706, 34349, 73208, 103029, 79702, 9974, 13564]",1
2224,TRAIN,SUSTAINED_ATTACK,"[110916, 35988, 104265, 13969, 147920, 72808, 131199, 139506, 24056, 73061, 148624, 72736, 32169, 81661, 43136, 23574, 44708, 14925, 140494, 88750]",1
2225,TRAIN,SUSTAINED_ATTACK,"[43356, 37934, 11222, 141619, 70495, 116790, 96519, 21985, 6355, 24429, 59836, 101745, 72344, 142136, 131043, 64906, 44212, 3501, 110060, 49691]",1
2226,TRAIN,SUSTAINED_ATTACK,"[139264, 85434, 9197, 92171, 84915, 127146, 40456, 123338, 33383, 46451, 26061, 18222, 25834, 65762, 41087, 139788, 112674, 146610, 34553, 139374]",1
2227,TRAIN,SUSTAINED_ATTACK,"[3902, 58424, 63705, 103144, 47515, 43421, 95724, 77087, 38988, 139713, 56866, 24096, 148878, 131100, 70105, 108432, 52078, 10753, 99733, 43867]",1
2228,TRAIN,SUSTAINED_ATTACK,"[85728, 109161, 94712, 19044, 82, 60311, 76100, 128743, 107837, 14424, 22297, 55094, 41525, 67788, 136333, 14931, 48160, 26803, 61630, 78986]",1
2229,TRAIN,SUSTAINED_ATTACK,"[75775, 41948, 137496, 56513, 98430, 67057, 36316, 90869, 100617, 80346, 139010, 73051, 70885, 144861, 142234, 126639, 71123, 103049, 36576, 20029]",1
2230,TRAIN,SUSTAINED_ATTACK,"[101439, 47851, 127065, 32768, 144370, 80151, 85035, 136090, 86487, 37190, 69151, 55930, 457, 57317, 79085, 7464, 72309, 34243, 15854, 138641]",1
2231,TRAIN,SUSTAINED_ATTACK,"[22464, 13665, 114656, 31447, 137667, 44637, 7736, 105681, 106303, 20051, 78013, 68718, 114617, 112787, 79100, 123862, 27152, 130400, 92408, 39577]",1
2232,TRAIN,SUSTAINED_ATTACK,"[58232, 138033, 136085, 13342, 89156, 14406, 50104, 147096, 39180, 44291, 38817, 131130, 98701, 82470, 58386, 132374, 41847, 11026, 73458, 59908]",1
2233,TRAIN,SUSTAINED_ATTACK,"[13154, 16559, 17333, 59389, 18123, 133542, 26770, 64633, 92180, 15767, 21812, 81032, 30786, 112032, 141954, 8411, 73603, 94674, 18336, 123322]",1
2234,TRAIN,SUSTAINED_ATTACK,"[62970, 52872, 20324, 89708, 33055, 120811, 56531, 19335, 29631, 19177, 20358, 46549, 110652, 90625, 136303, 58845, 60397, 46218, 108435, 102784]",1
2235,TRAIN,SUSTAINED_ATTACK,"[92981, 73628, 385, 35714, 60630, 10535, 112984, 119833, 6997, 131654, 77220, 16198, 17387, 115230, 41556, 118587, 97727, 92426, 2246, 43220]",1
2236,TRAIN,SUSTAINED_ATTACK,"[129025, 11833, 76616, 28131, 110344, 106281, 48640, 132272, 139027, 74791, 52888, 23216, 25389, 4919, 30968, 68857, 67577, 6899, 12648, 93396]",1
2237,TRAIN,SUSTAINED_ATTACK,"[42671, 8571, 26761, 62926, 86630, 103700, 31550, 118335, 124331, 66399, 9879, 8207, 17601, 61657, 78970, 107127, 76670, 15378, 131817, 3145]",1
2238,TRAIN,SUSTAINED_ATTACK,"[104499, 34176, 5305, 130265, 73452, 15005, 29277, 38265, 39926, 81299, 56685, 5298, 55984, 16268, 116583, 143346, 88017, 106734, 19619, 52331]",1
2239,TRAIN,SUSTAINED_ATTACK,"[133804, 21072, 55609, 58631, 58807, 48150, 39179, 23771, 27436, 89961, 102947, 108835, 105830, 135761, 127817, 1146, 80679, 149146, 65969, 137857]",1
2240,TRAIN,SUSTAINED_ATTACK,"[99996, 82597, 109677, 73293, 69387, 27163, 91093, 18479, 144645, 6313, 109813, 115620, 59710, 26374, 38479, 1490, 93749, 90616, 62379, 45201]",1
2241,TRAIN,SUSTAINED_ATTACK,"[98727, 54951, 113564, 66126, 116196, 132320, 6493, 17736, 13516, 115078, 28958, 61060, 18445, 100474, 147452, 97489, 29610, 74865, 149182, 92004]",1
2242,TRAIN,SUSTAINED_ATTACK,"[131710, 30101, 126348, 123990, 3604, 131604, 123838, 9529, 109475, 29291, 107511, 96059, 128235, 62905, 138111, 94980, 142970, 922, 81883, 126389]",1
2243,TRAIN,SUSTAINED_ATTACK,"[117687, 15923, 117293, 80804, 6384, 31816, 98738, 131229, 61180, 60452, 111406, 45869, 73982, 1002, 13908, 142091, 74578, 95592, 116244, 30708]",1
2244,TRAIN,SUSTAINED_ATTACK,"[108945, 40, 74517, 97104, 79806, 73992, 148494, 2157, 134921, 93137, 100425, 124411, 97377, 52737, 51338, 105551, 43366, 77478, 50252, 74440]",1
2245,TRAIN,SUSTAINED_ATTACK,"[23976, 43532, 73868, 67425, 103636, 92204, 86458, 5419, 67419, 80835, 41650, 46931, 132905, 80404, 143080, 85587, 149785, 77855, 111402, 80664]",1
2246,TRAIN,SUSTAINED_ATTACK,"[117926, 74137, 44099, 141507, 11269, 66365, 77733, 16223, 112589, 119697, 37459, 81556, 89342, 85738, 132529, 146572, 70223, 139942, 136332, 148128]",1
2247,TRAIN,SUSTAINED_ATTACK,"[11865, 81541, 117860, 107721, 139435, 58599, 141891, 20768, 27646, 37470, 130549, 115807, 62242, 91757, 110826, 108830, 57632, 101531, 118590, 24325]",1
2248,TRAIN,SUSTAINED_ATTACK,"[120586, 33244, 118054, 132488, 13374, 7825, 36130, 91700, 113552, 144301, 4453, 90360, 147532, 75740, 9771, 145797, 76884, 127240, 122843, 32802]",1
2249,TRAIN,SUSTAINED_ATTACK,"[146705, 13402, 112413, 98281, 27894, 134197, 16043, 122359, 36375, 113461, 136759, 67199, 29663, 85485, 107093, 97791, 53536, 78188, 83120, 148970]",1
2250,TRAIN,SUSTAINED_ATTACK,"[73103, 87561, 18323, 20666, 55876, 107616, 71990, 12095, 148843, 116679, 32375, 138985, 615, 77342, 100905, 31818, 50957, 75723, 105578, 24957]",1
2251,TRAIN,SUSTAINED_ATTACK,"[128613, 74903, 97178, 59397, 149547, 22754, 103725, 32633, 145062, 65550, 80240, 98175, 136999, 38498, 5435, 48988, 64302, 44989, 27847, 71272]",1
2252,TRAIN,SUSTAINED_ATTACK,"[76105, 86351, 21530, 36318, 22350, 86705, 87536, 48436, 133176, 22380, 72885, 79800, 19021, 9648, 9694, 60974, 47383, 14728, 49294, 3411]",1
2253,TRAIN,SUSTAINED_ATTACK,"[90994, 58742, 137398, 8393, 112242, 100017, 29889, 78273, 12493, 123363, 135366, 123522, 24592, 44421, 97926, 106771, 94217, 136065, 2678, 117131]",1
2254,TRAIN,SUSTAINED_ATTACK,"[7924, 70273, 28343, 139286, 120918, 16188, 140528, 83103, 61477, 20603, 65565, 19502, 94072, 49593, 52007, 59356, 132470, 27777, 43114, 92961]",1
2255,TRAIN,SUSTAINED_ATTACK,"[90138, 60782, 43883, 52488, 58003, 72028, 119788, 109514, 63416, 76196, 38205, 105712, 114001, 97280, 101080, 27208, 10927, 104155, 1498, 55184]",1
2256,TRAIN,SUSTAINED_ATTACK,"[38100, 91936, 111606, 80850, 14169, 90318, 65148, 10647, 112547, 30502, 78363, 93165, 120536, 134616, 45810, 116213, 148885, 9571, 130377, 48072]",1
2257,TRAIN,SUSTAINED_ATTACK,"[37368, 56561, 32163, 16467, 21328, 32936, 37803, 24414, 139459, 74109, 14684, 14740, 87723, 35781, 23043, 79710, 86158, 24039, 112629, 52584]",1
2258,TRAIN,SUSTAINED_ATTACK,"[15872, 3212, 138469, 109084, 142374, 63248, 26466, 106121, 1750, 102657, 21680, 116628, 142141, 29244, 106445, 12009, 49959, 100038, 86449, 35328]",1
2259,TRAIN,SUSTAINED_ATTACK,"[76843, 132190, 97456, 120227, 109609, 5327, 70033, 137914, 3346, 142825, 135465, 149479, 5902, 146789, 54314, 146349, 57768, 35783, 110208, 11030]",1
2260,TRAIN,SUSTAINED_ATTACK,"[7851, 89290, 36554, 120289, 140343, 87081, 20499, 12148, 70160, 4199, 45726, 31284, 81623, 120545, 149439, 2121, 126893, 96358, 89247, 123644]",1
2261,TRAIN,SUSTAINED_ATTACK,"[147731, 4143, 22541, 53141, 48713, 28957, 30901, 6181, 17913, 5792, 92414, 41554, 67104, 6309, 4211, 6797, 52079, 20830, 2132, 40245]",1
2262,TRAIN,SUSTAINED_ATTACK,"[36448, 123045, 72023, 43154, 27200, 125589, 93343, 138751, 43659, 10811, 94188, 47002, 5088, 114997, 95158, 94799, 1675, 106871, 119219, 96701]",1
2263,TRAIN,SUSTAINED_ATTACK,"[16634, 21942, 20090, 46068, 33509, 122479, 44226, 60175, 18612, 125800, 49487, 120470, 73519, 19879, 103438, 120824, 107707, 74898, 107519, 58873]",1
2264,TRAIN,SUSTAINED_ATTACK,"[73176, 27134, 140973, 28109, 46641, 91873, 96988, 47819, 13937, 82603, 88226, 102257, 116831, 114922, 80948, 31877, 71424, 80121, 34547, 108609]",1
2265,TRAIN,SUSTAINED_ATTACK,"[82510, 83547, 99041, 71410, 45935, 90829, 69952, 63400, 134263, 43269, 88635, 70448, 73608, 50899, 29521, 121701, 147704, 14139, 31837, 98934]",1
2266,TRAIN,SUSTAINED_ATTACK,"[101479, 69887, 105880, 75565, 22965, 52829, 135044, 53214, 46491, 33568, 71795, 26851, 24687, 39342, 47395, 60585, 136001, 85922, 20706, 34747]",1
2267,TRAIN,SUSTAINED_ATTACK,"[51910, 122414, 83787, 10575, 53561, 80460, 31769, 134176, 39663, 110279, 49207, 80893, 93878, 102612, 144438, 28985, 35585, 42814, 20254, 127967]",1
2268,TRAIN,SUSTAINED_ATTACK,"[3377, 69886, 91515, 106645, 5576, 37979, 146560, 33075, 31663, 96012, 100860, 134298, 104340, 54027, 42168, 57536, 144222, 67124, 41356, 47110]",1
2269,TRAIN,SUSTAINED_ATTACK,"[124141, 127599, 48632, 51831, 101459, 93999, 139752, 139837, 50317, 12239, 106685, 104922, 77110, 123419, 140324, 142189, 95423, 5281, 10463, 49917]",1
2270,TRAIN,SUSTAINED_ATTACK,"[98151, 126039, 147203, 119270, 121170, 148398, 18642, 123803, 23963, 49178, 45770, 58054, 95050, 4394, 39545, 222, 72523, 82183, 57390, 71735]",1
2271,TRAIN,SUSTAINED_ATTACK,"[130379, 73164, 49700, 14368, 3105, 1099, 113535, 78697, 68363, 130968, 57148, 143177, 129284, 14849, 89977, 81093, 75770, 24757, 141228, 75746]",1
2272,TRAIN,SUSTAINED_ATTACK,"[10329, 82653, 89613, 133111, 63450, 111501, 66224, 45074, 20439, 19624, 62605, 105010, 141183, 58965, 94996, 118864, 46224, 33764, 140495, 84699]",1
2273,TRAIN,SUSTAINED_ATTACK,"[109540, 4913, 115476, 13911, 31544, 17588, 47041, 19309, 42811, 37959, 98039, 38996, 134290, 57597, 112842, 16721, 148772, 65292, 21175, 8383]",1
2274,TRAIN,SUSTAINED_ATTACK,"[131988, 116985, 96426, 36932, 54437, 129996, 118231, 94371, 135898, 30808, 9113, 52885, 90759, 94368, 108750, 50051, 18476, 18359, 134858, 76388]",1
2275,TRAIN,SUSTAINED_ATTACK,"[93649, 9461, 121359, 88565, 43175, 147331, 28775, 115709, 4654, 50413, 21278, 33460, 32385, 97948, 129447, 133783, 78080, 41182, 8749, 41860]",1
2276,TRAIN,SUSTAINED_ATTACK,"[69702, 131011, 130455, 73918, 95194, 17038, 37327, 105935, 147696, 96677, 23556, 13330, 6546, 141945, 88072, 114042, 108607, 48701, 59292, 127779]",1
2277,TRAIN,SUSTAINED_ATTACK,"[141039, 88731, 50083, 91898, 97764, 65070, 131514, 118481, 8888, 86222, 52791, 104027, 140758, 137575, 126463, 147328, 69819, 126799, 110647, 129608]",1
2278,TRAIN,SUSTAINED_ATTACK,"[30633, 30243, 105954, 74236, 149351, 131245, 6761, 12140, 76068, 109890, 103508, 46017, 85668, 42294, 35908, 93704, 12177, 100586, 73764, 2250]",1
2279,TRAIN,SUSTAINED_ATTACK,"[53104, 26922, 14798, 34970, 61366, 5426, 77038, 149018, 123852, 68045, 48441, 68521, 3331, 129166, 106575, 139400, 46082, 78322, 133079, 62130]",1
2280,TRAIN,SUSTAINED_ATTACK,"[23263, 149538, 49837, 11173, 87836, 30678, 37123, 55759, 93824, 69458, 7298, 2495, 91105, 115972, 118336, 147447, 13386, 7115, 135331, 52850]",1
2281,TRAIN,SUSTAINED_ATTACK,"[25865, 43159, 121047, 94336, 17634, 70902, 71923, 2209, 44376, 73678, 42711, 111410, 147070, 10316, 128197, 81695, 142209, 87077, 13587, 116725]",1
2282,TRAIN,SUSTAINED_ATTACK,"[71886, 82013, 25429, 12896, 4989, 124656, 47423, 88419, 9984, 129521, 23408, 42740, 117132, 26740, 20477, 13801, 139185, 21605, 70538, 31971]",1
2283,TRAIN,SUSTAINED_ATTACK,"[52208, 14784, 102882, 48316, 139883, 46289, 144369, 146490, 142999, 84277, 90672, 131978, 122143, 128513, 81261, 115764, 66763, 78194, 13826, 105893]",1
2284,TRAIN,SUSTAINED_ATTACK,"[141180, 95625, 26830, 130004, 84760, 56280, 103288, 55745, 1696, 73725, 83331, 122266, 68818, 16363, 6487, 48217, 79404, 89827, 138473, 65816]",1
2285,TRAIN,SUSTAINED_ATTACK,"[23689, 29971, 91254, 146282, 10870, 94606, 16929, 8475, 112013, 71615, 75804, 19862, 9884, 139141, 28896, 96194, 67564, 102622, 118863, 135347]",1
2286,TRAIN,SUSTAINED_ATTACK,"[30636, 124721, 130117, 5, 71866, 110494, 50271, 134822, 17930, 9906, 55316, 77403, 138095, 104275, 30861, 89069, 139133, 73143, 10696, 12729]",1
2287,TRAIN,SUSTAINED_ATTACK,"[44676, 129807, 68743, 50380, 128241, 145839, 9396, 130792, 102926, 36645, 97543, 120568, 109432, 117565, 82091, 112894, 76658, 84875, 85389, 26128]",1
2288,TRAIN,SUSTAINED_ATTACK,"[51220, 132179, 85823, 50883, 41070, 9563, 46655, 73434, 137189, 16921, 96890, 69487, 2170, 68669, 39582, 96856, 41031, 34673, 96590, 9601]",1
2289,TRAIN,SUSTAINED_ATTACK,"[143472, 63537, 25531, 26762, 114304, 62880, 93575, 105781, 113941, 2567, 111897, 14334, 131065, 122322, 28327, 221, 99293, 137604, 70329, 86747]",1
2290,TRAIN,SUSTAINED_ATTACK,"[84036, 32960, 108070, 26774, 94126, 36608, 49983, 72529, 69754, 55643, 39338, 19137, 9817, 40496, 12178, 92899, 33592, 108503, 83461, 20168]",1
2291,TRAIN,SUSTAINED_ATTACK,"[33909, 2748, 123793, 79398, 146377, 136512, 15295, 59630, 146272, 15339, 142988, 67148, 103412, 145105, 148480, 119037, 60139, 41690, 69081, 14481]",1
2292,TRAIN,SUSTAINED_ATTACK,"[125164, 101972, 126432, 17953, 112225, 17303, 31129, 148196, 66409, 3396, 142014, 77606, 77328, 34177, 92548, 117350, 120767, 71584, 42726, 5084]",1
2293,TRAIN,SUSTAINED_ATTACK,"[111764, 73387, 7176, 108671, 71347, 73111, 27951, 77175, 95990, 78236, 131976, 15802, 81243, 51751, 134793, 59622, 148332, 34095, 6300, 91939]",1
2294,TRAIN,SUSTAINED_ATTACK,"[38888, 84301, 50291, 18983, 5111, 82966, 120154, 54419, 51951, 119176, 48648, 47508, 75160, 39385, 149088, 106512, 54186, 11607, 137023, 66468]",1
2295,TRAIN,SUSTAINED_ATTACK,"[39129, 104164, 119218, 149833, 74027, 129522, 103796, 73917, 8758, 114861, 146444, 20632, 102791, 7748, 136984, 75219, 93733, 139075, 101821, 55575]",1
2296,TRAIN,SUSTAINED_ATTACK,"[13909, 143079, 22678, 63937, 58378, 32485, 23676, 37907, 67595, 133007, 81084, 8474, 72496, 3759, 119055, 1719, 93988, 87583, 40071, 39236]",1
2297,TRAIN,SUSTAINED_ATTACK,"[141551, 14010, 114998, 91497, 112880, 40348, 11771, 6968, 97568, 40760, 102033, 95600, 18356, 11304, 38154, 106730, 111723, 63310, 75476, 99418]",1
2298,TRAIN,SUSTAINED_ATTACK,"[19103, 71223, 38678, 39347, 53865, 13724, 139114, 92312, 148200, 49201, 2843, 38707, 121040, 65126, 59807, 11679, 59499, 46679, 7393, 134688]",1
2299,TRAIN,SUSTAINED_ATTACK,"[75013, 135595, 146596, 92208, 66371, 134432, 137923, 120729, 16021, 135668, 41801, 81121, 115176, 148690, 49210, 85063, 76952, 119855, 34169, 5102]",1
2300,TRAIN,SUSTAINED_ATTACK,"[108983, 36259, 17252, 111298, 142486, 8493, 142715, 121287, 85163, 15700, 54322, 39187, 62069, 149670, 116661, 30975, 93644, 71808, 48223, 24475]",1
2301,TRAIN,SUSTAINED_ATTACK,"[12507, 94219, 95904, 46292, 67659, 59375, 60098, 136372, 43934, 124544, 73306, 120025, 90092, 103551, 117166, 93838, 60109, 62519, 24284, 24386]",1
2302,TRAIN,SUSTAINED_ATTACK,"[15903, 94853, 60872, 140409, 101885, 120834, 94465, 138259, 111517, 80308, 76500, 50838, 127302, 132401, 36020, 10643, 61857, 76543, 73312, 138901]",1
2303,TRAIN,SUSTAINED_ATTACK,"[14498, 34737, 59507, 9836, 12105, 133236, 115516, 78900, 120145, 56878, 40086, 73776, 29282, 76879, 41609, 67191, 81901, 76823, 49560, 99064]",1
2304,TRAIN,SUSTAINED_ATTACK,"[24884, 136234, 118959, 39895, 57710, 83146, 76167, 41555, 51572, 149142, 78849, 99346, 63545, 74412, 142307, 142702, 124501, 77850, 116299, 70236]",1
2305,TRAIN,SUSTAINED_ATTACK,"[134967, 62482, 127035, 1113, 110532, 44794, 94525, 28139, 35601, 41989, 123758, 102068, 17334, 38668, 58092, 19018, 17820, 136359, 21629, 68611]",1
2306,TRAIN,SUSTAINED_ATTACK,"[7810, 48744, 39920, 2140, 103463, 46859, 52480, 63010, 47521, 149109, 16567, 105161, 88370, 48613, 17356, 62795, 67969, 135106, 20035, 87952]",1
2307,TRAIN,SUSTAINED_ATTACK,"[65788, 67423, 119400, 56731, 71962, 143558, 48503, 74269, 129378, 103822, 76156, 96433, 41686, 103906, 46824, 49031, 103864, 47509, 87961, 123435]",1
2308,TRAIN,SUSTAINED_ATTACK,"[36621, 147325, 100916, 58621, 80721, 89668, 73989, 48542, 112212, 58165, 29237, 115073, 36781, 136384, 129582, 124105, 138407, 28142, 26077, 44003]",1
2309,TRAIN,SUSTAINED_ATTACK,"[125502, 77928, 41804, 116003, 77045, 49940, 140525, 91964, 132533, 53959, 25952, 41594, 113328, 112468, 24100, 112811, 50428, 64923, 1102, 65668]",1
2310,TRAIN,SUSTAINED_ATTACK,"[145078, 34222, 149138, 117677, 52166, 129556, 102677, 4168, 39853, 93274, 29106, 33622, 99071, 73876, 123780, 110846, 102014, 129476, 109702, 46951]",1
2311,TRAIN,SUSTAINED_ATTACK,"[31115, 136150, 149135, 98359, 21965, 46026, 24439, 95661, 113891, 106179, 120616, 92161, 23563, 121229, 99539, 94409, 50542, 428, 29128, 76809]",1
2312,TRAIN,SUSTAINED_ATTACK,"[54386, 138422, 132140, 69585, 115747, 61666, 106391, 92163, 82677, 13900, 128910, 40618, 103549, 95918, 29356, 47063, 123999, 148052, 2328, 99379]",1
2313,TRAIN,SUSTAINED_ATTACK,"[130398, 149203, 105748, 136377, 138893, 73457, 38642, 17725, 128313, 137301, 56240, 125014, 142217, 137703, 118958, 37965, 70062, 144243, 96537, 141750]",1
2314,TRAIN,SUSTAINED_ATTACK,"[47421, 118239, 70134, 55691, 37053, 140884, 87593, 131165, 19051, 29397, 93476, 22764, 49193, 17837, 78430, 39021, 74216, 148292, 9630, 95751]",1
2315,TRAIN,SUSTAINED_ATTACK,"[6836, 26268, 17021, 105095, 132520, 135850, 4240, 14402, 71215, 135880, 125482, 56500, 51388, 109775, 62750, 23834, 85721, 37768, 136620, 2799]",1
2316,TRAIN,SUSTAINED_ATTACK,"[8714, 142677, 1863, 127521, 113021, 5344, 3085, 118740, 41789, 105685, 107990, 96811, 1260, 5821, 57466, 145234, 127418, 41676, 111481, 92871]",1
2317,TRAIN,SUSTAINED_ATTACK,"[41011, 23337, 56166, 129487, 92309, 61371, 54730, 95634, 92035, 60296, 92638, 48073, 107779, 20715, 10328, 29948, 69904, 75290, 111815, 126507]",1
2318,TRAIN,SUSTAINED_ATTACK,"[147289, 70977, 81946, 29944, 77997, 109056, 9060, 81606, 148120, 61971, 23529, 37448, 134027, 119600, 116333, 113506, 110417, 107689, 103111, 77986]",1
2319,TRAIN,SUSTAINED_ATTACK,"[2979, 138710, 119226, 108310, 97812, 117425, 63114, 26509, 105518, 2362, 126668, 149545, 34530, 131386, 68291, 17113, 61297, 133315, 99084, 110976]",1
2320,TRAIN,SUSTAINED_ATTACK,"[90867, 126092, 60099, 14604, 38069, 117930, 9554, 77119, 9780, 107718, 20512, 141043, 68858, 16005, 6268, 119284, 21362, 96403, 88252, 48173]",1
2321,TRAIN,SUSTAINED_ATTACK,"[131995, 111570, 12361, 1280, 61980, 79382, 149314, 63987, 92844, 63629, 61789, 66636, 111749, 98989, 119915, 29466, 84201, 56314, 11638, 73679]",1
2322,TRAIN,SUSTAINED_ATTACK,"[78048, 69033, 134641, 99412, 67838, 81998, 75509, 145327, 33179, 129529, 122376, 22868, 14711, 96484, 69428, 56402, 46666, 84160, 60218, 116634]",1
2323,TRAIN,SUSTAINED_ATTACK,"[17765, 9924, 63931, 103188, 94137, 123613, 24226, 125321, 124711, 149493, 100296, 123513, 11199, 90694, 14953, 15348, 87699, 121458, 34140, 57327]",1
2324,TRAIN,SUSTAINED_ATTACK,"[109932, 53598, 95736, 91902, 117512, 148665, 129228, 43856, 60252, 97160, 135719, 100653, 33706, 120880, 30184, 133089, 55333, 53976, 1941, 75320]",1
2325,TRAIN,SUSTAINED_ATTACK,"[87718, 24014, 128129, 133068, 37407, 60850, 104213, 43225, 7761, 20297, 128835, 117164, 9778, 2856, 33272, 73635, 123133, 147374, 94303, 105512]",1
2326,TRAIN,SUSTAINED_ATTACK,"[53289, 29763, 142895, 120039, 91087, 13178, 15400, 148553, 34882, 59632, 89444, 132311, 71744, 88230, 79090, 8672, 119184, 106055, 30652, 147464]",1
2327,TRAIN,SUSTAINED_ATTACK,"[28817, 139978, 83662, 127749, 57590, 87472, 47182, 23308, 22442, 88961, 87338, 103777, 127185, 43860, 11655, 66064, 146553, 148094, 126558, 22360]",1
2328,TRAIN,SUSTAINED_ATTACK,"[56635, 103492, 98259, 107375, 63802, 52538, 120050, 59206, 9512, 67219, 75965, 109658, 48604, 126051, 53851, 35343, 107413, 126827, 87886, 125280]",1
2329,TRAIN,SUSTAINED_ATTACK,"[62315, 73880, 127273, 107948, 28167, 127658, 48127, 133813, 73024, 141908, 88828, 32841, 142183, 20117, 46130, 5067, 8547, 108648, 65251, 27549]",1
2330,TRAIN,SUSTAINED_ATTACK,"[3561, 5594, 26796, 65857, 99028, 121983, 127700, 53490, 12831, 57889, 23485, 34205, 11188, 66010, 142837, 89254, 23418, 134864, 25288, 135710]",1
2331,TRAIN,SUSTAINED_ATTACK,"[515, 5862, 109044, 49824, 12139, 11198, 80703, 138130, 117658, 92863, 18520, 84645, 106218, 133048, 73781, 86429, 26625, 141308, 84578, 47346]",1
2332,TRAIN,SUSTAINED_ATTACK,"[144660, 74868, 56704, 39469, 141232, 137698, 96959, 85214, 70804, 7642, 110356, 52426, 31752, 33878, 92689, 117554, 149147, 21347, 125327, 39126]",1
2333,TRAIN,SUSTAINED_ATTACK,"[15414, 146561, 112554, 63665, 108677, 68079, 139831, 123271, 5540, 17955, 86820, 92406, 30401, 14806, 108167, 105558, 113979, 27842, 142202, 102966]",1
2334,TRAIN,SUSTAINED_ATTACK,"[118714, 107184, 88894, 68225, 128063, 90523, 73770, 91478, 125583, 51577, 99417, 47371, 5376, 7749, 126870, 143998, 92017, 56567, 70886, 112969]",1
2335,TRAIN,SUSTAINED_ATTACK,"[122966, 123373, 1714, 62431, 104097, 39410, 119933, 124471, 51719, 739, 70749, 29247, 53793, 27479, 88358, 10941, 146950, 149236, 69514, 42527]",1
2336,TRAIN,SUSTAINED_ATTACK,"[142637, 16185, 100219, 145307, 45512, 28411, 91999, 11946, 46037, 143078, 33755, 24441, 17815, 130049, 102887, 84505, 57898, 82547, 144563, 99488]",1
2337,TRAIN,SUSTAINED_ATTACK,"[87052, 15060, 44309, 52308, 10746, 110971, 62982, 63287, 13601, 65644, 29063, 49228, 56849, 40797, 7912, 148913, 113616, 113024, 1022, 29747]",1
2338,TRAIN,SUSTAINED_ATTACK,"[58994, 12949, 15875, 60076, 34700, 84253, 31782, 13425, 127406, 127169, 104591, 116552, 81636, 36089, 23385, 96170, 87378, 60920, 99284, 66870]",1
2339,TRAIN,SUSTAINED_ATTACK,"[76045, 15672, 34624, 140578, 125916, 72566, 46182, 122947, 31247, 87367, 118683, 82109, 26340, 67908, 73448, 146096, 127120, 53641, 116624, 25058]",1
2340,TRAIN,SUSTAINED_ATTACK,"[144076, 90379, 98058, 20103, 85541, 134188, 118442, 51718, 37008, 86513, 5418, 62629, 6672, 107515, 86509, 70360, 33923, 14657, 30858, 24436]",1
2341,TRAIN,SUSTAINED_ATTACK,"[141169, 135117, 141088, 80078, 117441, 18970, 6564, 34531, 6238, 141749, 129226, 36119, 87700, 4127, 42438, 72042, 92012, 3883, 19209, 5378]",1
2342,TRAIN,SUSTAINED_ATTACK,"[137815, 92773, 38464, 60403, 18159, 67652, 104827, 142525, 113180, 40585, 147105, 74841, 58245, 99857, 14491, 132273, 107892, 7273, 122760, 120335]",1
2343,TRAIN,SUSTAINED_ATTACK,"[74395, 121251, 143252, 44596, 143713, 81585, 87289, 114054, 71269, 77079, 143640, 32953, 34694, 49400, 71841, 27216, 147083, 47525, 424, 104116]",1
2344,TRAIN,SUSTAINED_ATTACK,"[147305, 96392, 23482, 24433, 122091, 139209, 18942, 119098, 105378, 89251, 128861, 69238, 43, 48374, 140919, 88666, 94818, 19918, 137353, 56549]",1
2345,TRAIN,SUSTAINED_ATTACK,"[51347, 34844, 111149, 31118, 117328, 140736, 110000, 74129, 74038, 85734, 10524, 103421, 12931, 81471, 137134, 67020, 50028, 37396, 5044, 116566]",1
2346,TRAIN,SUSTAINED_ATTACK,"[63460, 80314, 143288, 32911, 137250, 41759, 68306, 115887, 76874, 102470, 24199, 84591, 143127, 70964, 8679, 105911, 102420, 67113, 88525, 82290]",1
2347,TRAIN,SUSTAINED_ATTACK,"[118984, 93861, 95477, 21715, 80480, 109805, 85436, 97678, 141358, 30520, 104709, 33858, 125283, 17320, 33641, 86535, 13328, 105989, 28786, 134941]",1
2348,TRAIN,SUSTAINED_ATTACK,"[130162, 62471, 55398, 149087, 129533, 148596, 105217, 104632, 133536, 75848, 121098, 26296, 120270, 8145, 1462, 4803, 27744, 52428, 44791, 111826]",1
2349,TRAIN,SUSTAINED_ATTACK,"[87778, 49157, 120983, 52999, 82740, 1386, 39510, 46362, 96267, 139610, 66185, 33246, 147746, 18625, 127970, 43081, 105327, 107517, 127104, 108437]",1
2350,TRAIN,SUSTAINED_ATTACK,"[48292, 89193, 2135, 76486, 17734, 102343, 22045, 118854, 87522, 95675, 40649, 4200, 26712, 88819, 119503, 119230, 53495, 29892, 107622, 107002]",1
2351,TRAIN,SUSTAINED_ATTACK,"[141527, 27750, 20967, 16990, 141550, 31479, 7845, 145791, 371, 70252, 99468, 83722, 103079, 82522, 77235, 1378, 62366, 19547, 124981, 83661]",1
2352,TRAIN,SUSTAINED_ATTACK,"[12864, 22033, 89737, 131791, 62463, 100629, 3442, 107558, 88091, 80762, 72586, 70679, 117597, 18069, 18046, 727, 62295, 140240, 134764, 85013]",1
2353,TRAIN,SUSTAINED_ATTACK,"[57251, 63919, 102031, 148485, 110798, 27755, 47601, 115820, 135578, 73829, 145314, 74310, 12023, 100315, 102863, 47399, 22365, 95772, 34790, 35092]",1
2354,TRAIN,SUSTAINED_ATTACK,"[80820, 91820, 102997, 30032, 106954, 145887, 139671, 92991, 32078, 143994, 101796, 145469, 36426, 3092, 146124, 42670, 140038, 24859, 147861, 66532]",1
2355,TRAIN,SUSTAINED_ATTACK,"[119477, 83007, 93727, 133890, 25927, 12780, 114916, 231, 55597, 149630, 65344, 53621, 11560, 13301, 98868, 52182, 105497, 48844, 145082, 137391]",1
2356,TRAIN,SUSTAINED_ATTACK,"[142096, 102143, 114955, 149250, 106841, 128446, 77048, 76779, 129439, 5332, 95938, 104793, 94331, 34580, 86939, 55942, 7404, 295, 148203, 33983]",1
2357,TRAIN,SUSTAINED_ATTACK,"[87730, 52795, 110045, 82000, 90385, 39730, 81498, 111110, 65686, 83801, 30718, 9948, 9073, 251, 117740, 69783, 144565, 64561, 115800, 126413]",1
2358,TRAIN,SUSTAINED_ATTACK,"[100281, 74692, 96977, 39519, 37832, 48471, 30643, 123796, 39776, 49378, 19317, 40508, 29435, 81861, 78574, 24374, 75322, 46317, 88030, 63611]",1
2359,TRAIN,SUSTAINED_ATTACK,"[96731, 114386, 72354, 16114, 37586, 67260, 11130, 55287, 36352, 16612, 25976, 77224, 131001, 97940, 27245, 57797, 137638, 24073, 96312, 74777]",1
2360,TRAIN,SUSTAINED_ATTACK,"[28580, 125487, 90556, 33152, 79667, 65854, 4615, 95519, 34316, 31308, 17277, 86346, 1271, 105864, 10262, 26220, 95339, 110699, 100546, 57872]",1
2361,TRAIN,SUSTAINED_ATTACK,"[14240, 79700, 9262, 68822, 105394, 126596, 114035, 49777, 90627, 65113, 138138, 9762, 108081, 138655, 38651, 112305, 107766, 12449, 22517, 116514]",1
2362,TRAIN,SUSTAINED_ATTACK,"[37039, 15001, 124281, 71196, 73980, 77182, 70636, 63144, 145711, 104833, 142981, 61644, 76332, 136278, 128001, 142232, 122443, 79912, 55353, 6488]",1
2363,TRAIN,SUSTAINED_ATTACK,"[26491, 124849, 15747, 110059, 57478, 140255, 16707, 47355, 6205, 35944, 62451, 123039, 124334, 69103, 67065, 21255, 8562, 126403, 144052, 76143]",1
2364,TRAIN,SUSTAINED_ATTACK,"[105273, 76108, 141568, 35582, 3198, 98731, 134448, 7583, 94159, 85497, 112439, 11812, 102563, 123130, 106607, 33296, 137676, 101097, 100848, 89353]",1
2365,TRAIN,SUSTAINED_ATTACK,"[91488, 103934, 125308, 83221, 119281, 128485, 91665, 131474, 92164, 104896, 145470, 14419, 80087, 47523, 41127, 42619, 3028, 66424, 77323, 128566]",1
2366,TRAIN,SUSTAINED_ATTACK,"[83692, 44681, 87111, 15757, 128567, 24392, 140233, 57134, 46468, 120296, 98283, 67970, 14470, 54578, 93152, 83998, 43507, 94251, 34949, 24203]",1
2367,TRAIN,SUSTAINED_ATTACK,"[137106, 12098, 62870, 49044, 41083, 73818, 110127, 50146, 105397, 33975, 46462, 1350, 47376, 95297, 5340, 65153, 37116, 145480, 93707, 87012]",1
2368,TRAIN,SUSTAINED_ATTACK,"[32791, 142839, 96902, 32097, 107979, 35304, 70849, 99883, 135893, 83669, 37418, 39095, 120100, 16630, 34060, 123299, 112269, 117177, 89686, 76086]",1
2369,TRAIN,SUSTAINED_ATTACK,"[53460, 27353, 7537, 70178, 107388, 117469, 77464, 51261, 116896, 35183, 43293, 37585, 137034, 34550, 34653, 102114, 68236, 28154, 92570, 130417]",1
2370,TRAIN,SUSTAINED_ATTACK,"[5388, 140836, 50359, 95861, 79281, 71804, 66113, 93531, 93906, 9186, 67898, 1153, 4354, 130050, 111474, 66949, 54694, 146695, 112602, 77338]",1
2371,TRAIN,SUSTAINED_ATTACK,"[29316, 26306, 3079, 28664, 130738, 88748, 29162, 139039, 106351, 83819, 75445, 122762, 10403, 18532, 108305, 19360, 137581, 127937, 125244, 124588]",1
2372,TRAIN,SUSTAINED_ATTACK,"[5452, 37998, 60156, 25223, 140997, 145405, 66546, 125576, 29102, 1205, 52047, 52851, 36117, 26059, 78021, 39885, 72437, 46393, 73869, 79408]",1
2373,TRAIN,SUSTAINED_ATTACK,"[51065, 48369, 63355, 29928, 52190, 80215, 95729, 128625, 32039, 146943, 89824, 107525, 68516, 114602, 96425, 132377, 47529, 9928, 9850, 21146]",1
2374,TRAIN,SUSTAINED_ATTACK,"[126706, 12996, 54293, 108259, 122849, 70909, 129810, 31787, 143643, 89059, 24119, 10631, 140733, 147521, 68739, 108651, 95029, 28059, 125679, 93439]",1
2375,TRAIN,SUSTAINED_ATTACK,"[12272, 110799, 146446, 63717, 52475, 39956, 58051, 119000, 108582, 86532, 126146, 80136, 43827, 14307, 92213, 71472, 47579, 123778, 43677, 8276]",1
2376,TRAIN,SUSTAINED_ATTACK,"[16861, 91411, 37413, 51342, 107875, 90109, 106363, 132601, 137294, 16075, 1190, 125222, 139161, 26432, 269, 51818, 52665, 2217, 108473, 79122]",1
2377,TRAIN,SUSTAINED_ATTACK,"[89725, 114026, 114317, 66023, 10778, 30042, 34800, 116275, 6052, 77607, 31811, 40308, 71908, 66087, 84013, 125155, 26330, 42113, 61217, 132914]",1
2378,TRAIN,SUSTAINED_ATTACK,"[12905, 36149, 92770, 36453, 147697, 2647, 14019, 26191, 58432, 104720, 13353, 104829, 146319, 63178, 102696, 137879, 130552, 85324, 141696, 146322]",1
2379,TRAIN,SUSTAINED_ATTACK,"[10527, 24358, 36182, 99938, 96667, 37242, 24338, 41954, 116439, 104132, 80590, 143241, 46410, 20610, 54525, 44553, 81311, 80685, 138512, 52763]",1
2380,TRAIN,SUSTAINED_ATTACK,"[34174, 143992, 136353, 119416, 76847, 139138, 62723, 89412, 2735, 127108, 117145, 133027, 114325, 110649, 127513, 55791, 130439, 65756, 89775, 104379]",1
2381,TRAIN,SUSTAINED_ATTACK,"[125904, 53390, 78391, 72450, 20385, 99326, 4776, 128614, 140982, 54561, 132673, 18851, 88783, 147940, 117127, 45143, 62859, 56819, 143036, 22771]",1
2382,TRAIN,SUSTAINED_ATTACK,"[80257, 54754, 74929, 41367, 60603, 3108, 80280, 7373, 81447, 3302, 96224, 62371, 63441, 137834, 37859, 84138, 59970, 48720, 53590, 15552]",1
2383,TRAIN,SUSTAINED_ATTACK,"[26234, 14468, 30414, 33508, 12500, 18652, 142383, 11798, 31490, 112827, 18519, 64987, 40614, 15429, 125875, 5581, 126124, 10412, 125315, 30417]",1
2384,TRAIN,SUSTAINED_ATTACK,"[34359, 45338, 139441, 5288, 8505, 128792, 118111, 60023, 46651, 113456, 139733, 56440, 9905, 77978, 92922, 19954, 65663, 122251, 17122, 60163]",1
2385,TRAIN,SUSTAINED_ATTACK,"[119854, 102689, 82224, 66773, 29416, 78977, 105809, 140172, 75400, 72909, 652, 57256, 14946, 64381, 148467, 53146, 32399, 147588, 65602, 112415]",1
2386,TRAIN,SUSTAINED_ATTACK,"[888, 43390, 83926, 118918, 113162, 15588, 131101, 91530, 35869, 126514, 145577, 11520, 15330, 124173, 41205, 124088, 39808, 48799, 23087, 31789]",1
2387,TRAIN,SUSTAINED_ATTACK,"[76961, 50799, 35106, 70250, 84181, 136776, 92041, 34251, 135059, 80648, 40042, 109877, 24293, 110284, 25038, 52273, 102306, 116268, 87552, 39399]",1
2388,TRAIN,SUSTAINED_ATTACK,"[38788, 28469, 61616, 107691, 72782, 149296, 79575, 48119, 43441, 141675, 79513, 119362, 129235, 57070, 43057, 103526, 35758, 938, 11195, 36939]",1
2389,TRAIN,SUSTAINED_ATTACK,"[22807, 51303, 133801, 42137, 141401, 39199, 38305, 148082, 70222, 12257, 98973, 149532, 37149, 72722, 64815, 26083, 96235, 61757, 79524, 124780]",1
2390,TRAIN,SUSTAINED_ATTACK,"[113149, 142264, 13019, 146692, 120527, 75972, 77019, 128967, 71593, 23007, 18576, 9845, 121605, 69478, 1315, 25688, 140075, 38734, 114957, 121270]",1
2391,TRAIN,SUSTAINED_ATTACK,"[106638, 120807, 60869, 30424, 53700, 141144, 62549, 17830, 14195, 10242, 35761, 97911, 42386, 96204, 131322, 87276, 137566, 137075, 46335, 113306]",1
2392,TRAIN,SUSTAINED_ATTACK,"[46032, 117384, 20342, 134363, 131532, 26742, 74932, 103388, 34429, 101823, 120557, 83016, 148945, 33797, 99363, 86393, 81338, 71450, 28779, 43888]",1
2393,TRAIN,SUSTAINED_ATTACK,"[83011, 71569, 64246, 52102, 13396, 17033, 103393, 109662, 14042, 139109, 36992, 43412, 145549, 21289, 111803, 89701, 145721, 124732, 139794, 76635]",1
2394,TRAIN,SUSTAINED_ATTACK,"[42611, 128587, 5942, 23278, 144179, 124631, 61353, 107746, 116613, 66569, 123312, 22669, 115468, 99991, 49606, 109873, 124004, 48293, 70147, 2206]",1
2395,TRAIN,SUSTAINED_ATTACK,"[12464, 145369, 88335, 52510, 146642, 68629, 61033, 56585, 63855, 56553, 68190, 1018, 117623, 72911, 112907, 36904, 17203, 37958, 33032, 139358]",1
2396,TRAIN,SUSTAINED_ATTACK,"[34783, 69099, 65546, 12392, 132630, 74479, 82291, 53417, 59535, 3470, 62071, 107503, 92169, 66844, 67653, 117840, 14722, 115817, 125537, 56595]",1
2397,TRAIN,SUSTAINED_ATTACK,"[116220, 97439, 75895, 79280, 80296, 119537, 100680, 137800, 22004, 58581, 69595, 114810, 98826, 59450, 13762, 22493, 83232, 72498, 14991, 36223]",1
2398,TRAIN,SUSTAINED_ATTACK,"[67335, 47028, 83351, 94052, 6495, 64067, 85673, 78635, 55805, 147416, 21170, 44618, 14920, 136549, 107531, 61654, 85303, 64253, 98740, 31737]",1
2399,TRAIN,SUSTAINED_ATTACK,"[62939, 135343, 45742, 3283, 59774, 116923, 148646, 61396, 54052, 105070, 75919, 50701, 108254, 11249, 59026, 142186, 56623, 118424, 118611, 143061]",1
2400,TRAIN,SUSTAINED_ATTACK,"[140743, 41327, 58871, 111970, 144629, 29109, 44985, 37045, 116912, 74626, 114197, 1266, 139749, 50304, 85947, 67594, 105587, 5921, 50216, 139447]",1
2401,TRAIN,SUSTAINED_ATTACK,"[26049, 40270, 24574, 73808, 60690, 13636, 149560, 57483, 67117, 119884, 50507, 30658, 125538, 67586, 119770, 53756, 77325, 140968, 56780, 71091]",1
2402,TRAIN,SUSTAINED_ATTACK,"[22588, 25767, 106022, 80811, 148450, 26090, 66182, 2564, 68659, 58301, 35037, 115888, 43451, 21777, 141488, 2613, 82193, 12055, 76931, 120271]",1
2403,TRAIN,SUSTAINED_ATTACK,"[25647, 36222, 78427, 45506, 149002, 128496, 35202, 21590, 78393, 16722, 132421, 70586, 103150, 133384, 88071, 81164, 71067, 74851, 45073, 109100]",1
2404,TRAIN,SUSTAINED_ATTACK,"[98171, 47869, 135352, 127348, 143786, 6484, 148558, 93247, 107617, 19008, 42575, 146980, 136807, 76743, 45137, 51398, 1500, 86470, 101546, 63427]",1
2405,TRAIN,SUSTAINED_ATTACK,"[100840, 7611, 18886, 117859, 91396, 63330, 117056, 37134, 121290, 114496, 20345, 96030, 88052, 18104, 109406, 140139, 41078, 45858, 108540, 45429]",1
2406,TRAIN,SUSTAINED_ATTACK,"[59322, 19250, 7568, 138361, 81833, 120905, 87710, 62368, 83533, 23061, 51597, 68387, 104149, 16193, 45497, 44405, 79401, 95116, 20907, 107682]",1
2407,TRAIN,SUSTAINED_ATTACK,"[132721, 30734, 88012, 130834, 120328, 13035, 118291, 53284, 15795, 144091, 144319, 53077, 110442, 5253, 50059, 9278, 140937, 48596, 1763, 39820]",1
2408,TRAIN,SUSTAINED_ATTACK,"[95979, 84471, 3414, 30832, 14538, 7943, 5624, 8135, 17581, 124311, 127016, 74866, 82272, 100530, 79346, 146557, 55629, 22835, 77363, 104342]",1
2409,TRAIN,SUSTAINED_ATTACK,"[33226, 85125, 137286, 32140, 55900, 94936, 40560, 17179, 40541, 45811, 103261, 132259, 56308, 46955, 24482, 125802, 73975, 49026, 99098, 113395]",1
2410,TRAIN,SUSTAINED_ATTACK,"[70034, 122785, 90834, 95201, 29450, 84002, 130878, 146995, 35377, 141961, 92235, 146852, 2561, 25994, 128490, 17627, 16299, 18863, 36381, 52259]",1
2411,TRAIN,SUSTAINED_ATTACK,"[8370, 93378, 19593, 38281, 110769, 59028, 85737, 74174, 5512, 46220, 51200, 132978, 129602, 29803, 15146, 12044, 118073, 29810, 113458, 120258]",1
2412,TRAIN,SUSTAINED_ATTACK,"[52251, 136541, 135193, 82359, 149830, 139348, 70469, 130887, 96963, 103900, 87524, 49676, 51170, 142275, 10322, 111713, 142490, 117195, 139316, 3344]",1
2413,TRAIN,SUSTAINED_ATTACK,"[106225, 85755, 69084, 143858, 94978, 24979, 105810, 60553, 143371, 32861, 66329, 126135, 10860, 12906, 26127, 104773, 3493, 1677, 83379, 20019]",1
2414,TRAIN,SUSTAINED_ATTACK,"[35137, 128894, 50057, 58985, 31492, 43942, 53263, 34311, 92643, 109207, 68871, 75796, 137137, 86245, 45965, 140864, 74214, 139540, 47885, 43900]",1
2415,TRAIN,SUSTAINED_ATTACK,"[124591, 108283, 99908, 39513, 51992, 112469, 118282, 125009, 42792, 111466, 35588, 140480, 70778, 3086, 15453, 127958, 98561, 47719, 61625, 57287]",1
2416,TRAIN,SUSTAINED_ATTACK,"[14070, 133277, 103124, 71800, 91504, 16476, 79587, 32178, 143676, 36993, 3429, 140397, 93909, 3637, 93033, 78171, 106289, 52587, 42359, 38399]",1
2417,TRAIN,SUSTAINED_ATTACK,"[88432, 76179, 122565, 147406, 134218, 99723, 136038, 64124, 103644, 39118, 28647, 126126, 58217, 105383, 113884, 76829, 132668, 4995, 40780, 62055]",1
2418,TRAIN,SUSTAINED_ATTACK,"[93768, 47344, 123372, 106105, 17416, 117426, 60419, 116389, 73601, 121100, 95324, 85593, 80938, 14971, 122302, 127811, 118723, 11264, 77491, 24370]",1
2419,TRAIN,SUSTAINED_ATTACK,"[21423, 45604, 32789, 84679, 131190, 12958, 924, 56741, 1060, 116748, 124590, 12619, 26255, 26388, 33605, 86941, 71076, 130488, 67520, 27400]",1
2420,TRAIN,SUSTAINED_ATTACK,"[108357, 64327, 132119, 65326, 14813, 4381, 42825, 141395, 102903, 104112, 7081, 108288, 80054, 82196, 129978, 88087, 59567, 104891, 75087, 44404]",1
2421,TRAIN,SUSTAINED_ATTACK,"[98086, 77434, 30827, 116184, 103858, 101511, 142315, 28354, 7927, 118301, 44232, 6554, 59900, 61, 109165, 103966, 78230, 110929, 31007, 71238]",1
2422,TRAIN,SUSTAINED_ATTACK,"[44198, 109610, 113023, 93596, 77080, 119369, 52833, 14023, 84441, 22281, 101380, 137085, 14644, 15160, 10550, 85828, 131720, 125362, 51871, 82042]",1
2423,TRAIN,SUSTAINED_ATTACK,"[36292, 14560, 124500, 136161, 100496, 11131, 3527, 70841, 22914, 22815, 47389, 54246, 111841, 73248, 147749, 31091, 106758, 85976, 77312, 139637]",1
2424,TRAIN,SUSTAINED_ATTACK,"[24969, 93518, 5447, 22388, 102902, 67611, 95250, 4296, 109921, 112381, 42218, 10771, 96250, 56590, 60299, 90875, 40376, 78220, 134046, 121054]",1
2425,TRAIN,SUSTAINED_ATTACK,"[83503, 133499, 144017, 107297, 137925, 145707, 19975, 95764, 39291, 108773, 13333, 9486, 17355, 149326, 133708, 35855, 56905, 17780, 103569, 141859]",1
2426,TRAIN,SUSTAINED_ATTACK,"[34733, 67532, 58830, 60000, 62092, 66984, 5054, 116798, 37626, 24040, 118617, 46485, 20730, 115708, 129323, 25984, 22652, 63608, 112130, 737]",1
2427,TRAIN,SUSTAINED_ATTACK,"[78501, 86183, 3111, 143559, 142358, 41873, 122193, 140070, 92986, 117516, 29997, 19891, 45329, 48705, 60997, 62574, 121064, 75535, 111846, 80561]",1
2428,TRAIN,SUSTAINED_ATTACK,"[25690, 26937, 129525, 2573, 129588, 132886, 107060, 92715, 48851, 7904, 127826, 93603, 61547, 101076, 83311, 18107, 103811, 26075, 85545, 56172]",1
2429,TRAIN,SUSTAINED_ATTACK,"[23629, 28754, 144419, 35238, 53483, 95290, 64504, 63700, 119476, 115618, 27962, 123464, 142074, 55567, 115232, 29262, 148766, 23548, 49737, 73277]",1
2430,TRAIN,SUSTAINED_ATTACK,"[139277, 101545, 101243, 15185, 32602, 17778, 18925, 17860, 111702, 105333, 17367, 53266, 117986, 99472, 101472, 64324, 82273, 61627, 90162, 33769]",1
2431,TRAIN,SUSTAINED_ATTACK,"[91690, 128222, 105940, 55680, 98297, 21847, 46174, 96164, 104700, 103710, 95504, 54735, 142871, 104677, 97085, 98842, 59691, 18175, 30506, 34211]",1
2432,TRAIN,SUSTAINED_ATTACK,"[52295, 129126, 57601, 75765, 130099, 146650, 83434, 402, 68366, 58249, 121739, 87411, 77310, 106195, 809, 31870, 108134, 103951, 105804, 124786]",1
2433,TRAIN,SUSTAINED_ATTACK,"[145611, 129056, 26633, 31534, 66619, 124991, 18029, 81591, 65912, 58463, 42762, 46970, 17979, 132098, 128928, 119671, 138126, 115437, 136728, 80075]",1
2434,TRAIN,SUSTAINED_ATTACK,"[92677, 34752, 63295, 110636, 83475, 48066, 96031, 50953, 109832, 37233, 51986, 27070, 57201, 32688, 19856, 107904, 54962, 142122, 77356, 109716]",1
2435,TRAIN,SUSTAINED_ATTACK,"[26624, 94341, 133283, 2967, 133564, 6145, 25193, 139810, 132542, 21016, 7381, 26079, 44752, 123486, 62259, 60464, 118633, 129048, 64955, 11543]",1
2436,TRAIN,SUSTAINED_ATTACK,"[80656, 109440, 102127, 62862, 62606, 28048, 85105, 147085, 40871, 9800, 18111, 41827, 113309, 49307, 115529, 43717, 113259, 138395, 130384, 80190]",1
2437,TRAIN,SUSTAINED_ATTACK,"[10593, 84027, 130141, 90062, 102910, 23211, 85556, 80354, 29437, 70526, 131500, 126464, 35355, 19118, 137752, 126623, 30230, 98102, 19449, 102241]",1
2438,TRAIN,SUSTAINED_ATTACK,"[78473, 76282, 114969, 112829, 75073, 119043, 44534, 16829, 60730, 88664, 84550, 132563, 138637, 36676, 33810, 78776, 34687, 51096, 20689, 54562]",1
2439,TRAIN,SUSTAINED_ATTACK,"[96562, 18453, 48234, 5304, 5326, 105032, 3268, 38156, 136625, 15577, 117662, 13411, 76090, 133459, 52950, 132932, 91461, 76396, 109640, 81405]",1
2440,TRAIN,SUSTAINED_ATTACK,"[67278, 75046, 89246, 98005, 47998, 84114, 67070, 107951, 123842, 136836, 143572, 26502, 64976, 35724, 27295, 66320, 46937, 132829, 5604, 34759]",1
2441,TRAIN,SUSTAINED_ATTACK,"[41498, 139614, 44005, 92492, 76222, 10566, 95022, 60699, 31028, 54613, 97052, 132618, 41442, 35406, 122186, 26022, 34984, 149213, 61223, 137952]",1
2442,TRAIN,SUSTAINED_ATTACK,"[129949, 10202, 74684, 28373, 148377, 50172, 126016, 84979, 42274, 16259, 29798, 99219, 65391, 14392, 37762, 46275, 101262, 45978, 138842, 120338]",1
2443,TRAIN,SUSTAINED_ATTACK,"[91341, 97281, 143246, 126963, 41695, 57725, 5985, 112172, 21124, 134216, 31662, 57146, 129249, 71951, 43071, 80373, 68947, 47969, 115157, 80777]",1
2444,TRAIN,SUSTAINED_ATTACK,"[23581, 122403, 76704, 27761, 148610, 133600, 75416, 78085, 19047, 50875, 6132, 142551, 81098, 80846, 25536, 69390, 146797, 42058, 12832, 29848]",1
2445,TRAIN,SUSTAINED_ATTACK,"[89025, 21036, 9442, 92349, 147545, 36700, 114784, 113397, 39056, 78202, 75110, 11318, 117932, 130983, 144617, 13696, 149005, 92578, 20745, 41885]",1
2446,TRAIN,SUSTAINED_ATTACK,"[87840, 80577, 75243, 99904, 63801, 135976, 148606, 12296, 19584, 110574, 27705, 117996, 33275, 130905, 3291, 112100, 60341, 137556, 125436, 53986]",1
2447,TRAIN,SUSTAINED_ATTACK,"[117815, 138968, 74996, 33991, 116685, 14903, 143693, 45511, 6950, 132246, 117606, 5023, 138502, 68392, 131679, 26173, 77037, 13356, 8901, 5005]",1
2448,TRAIN,SUSTAINED_ATTACK,"[78018, 74771, 59608, 24564, 72410, 96601, 67217, 133817, 93489, 537, 118948, 742, 109325, 28231, 145922, 14065, 118243, 57137, 31529, 68016]",1
2449,TRAIN,SUSTAINED_ATTACK,"[82834, 9863, 91157, 98879, 143065, 140262, 84763, 124325, 29470, 83601, 125959, 10896, 71469, 33636, 38063, 23849, 78141, 64850, 117119, 71439]",1
2450,TRAIN,SUSTAINED_ATTACK,"[109008, 139886, 4983, 29608, 18465, 69675, 130826, 101920, 107668, 101450, 89787, 6879, 80239, 125476, 91581, 122167, 48768, 106839, 87188, 113135]",1
2451,TRAIN,SUSTAINED_ATTACK,"[114240, 12374, 44737, 36157, 79631, 203, 85615, 64613, 4806, 103496, 134963, 5043, 37238, 29844, 44227, 144201, 89780, 113845, 135145, 14778]",1
2452,TRAIN,SUSTAINED_ATTACK,"[68655, 20557, 58268, 124460, 60513, 126700, 133358, 95358, 120242, 72998, 122611, 58731, 53695, 55183, 86432, 9858, 88431, 98014, 28768, 121771]",1
2453,TRAIN,SUSTAINED_ATTACK,"[36227, 46601, 130244, 14062, 121904, 113854, 9114, 31937, 82174, 31351, 137235, 68887, 1659, 28839, 115701, 101295, 64090, 113597, 41880, 89670]",1
2454,TRAIN,SUSTAINED_ATTACK,"[43874, 147860, 87315, 49312, 105252, 135245, 141414, 28104, 66024, 20219, 143165, 52512, 132891, 125785, 47398, 40328, 30836, 128742, 45598, 106664]",1
2455,TRAIN,SUSTAINED_ATTACK,"[95921, 126947, 70943, 71592, 36962, 44304, 53105, 52972, 78972, 56566, 29794, 57694, 99768, 11703, 80861, 63494, 132594, 39100, 33868, 19465]",1
2456,TRAIN,SUSTAINED_ATTACK,"[47518, 14899, 37853, 139537, 89997, 136108, 64898, 67748, 86746, 91335, 140751, 115341, 26317, 72190, 132094, 63991, 127027, 80638, 76625, 136126]",1
2457,TRAIN,SUSTAINED_ATTACK,"[131983, 35342, 133735, 102764, 62029, 86307, 93893, 1704, 121892, 49361, 47694, 142003, 147559, 69093, 19986, 95101, 10409, 27560, 147390, 3640]",1
2458,TRAIN,SUSTAINED_ATTACK,"[125429, 30151, 15884, 53252, 130536, 76991, 56555, 6656, 137887, 108508, 10358, 5024, 45327, 82871, 37906, 146438, 104898, 102674, 74192, 44831]",1
2459,TRAIN,SUSTAINED_ATTACK,"[35998, 123381, 10640, 117475, 80213, 63660, 23232, 37638, 12021, 19208, 65522, 57834, 52691, 146165, 72812, 67893, 114380, 1691, 148919, 1630]",1
2460,TRAIN,SUSTAINED_ATTACK,"[22150, 73784, 135430, 79870, 30721, 50397, 142647, 66744, 83359, 138256, 5592, 25847, 91701, 112063, 77152, 103489, 25598, 22861, 119378, 147210]",1
2461,TRAIN,SUSTAINED_ATTACK,"[68031, 50277, 79007, 26197, 47988, 101392, 44236, 80322, 89343, 54383, 77512, 93735, 45762, 46836, 48567, 97488, 137055, 35570, 132076, 68434]",1
2462,TRAIN,SUSTAINED_ATTACK,"[105865, 72601, 113923, 32614, 53812, 119636, 15049, 90669, 25790, 24115, 80604, 34532, 111175, 69197, 6004, 93098, 34523, 88925, 117363, 35358]",1
2463,TRAIN,SUSTAINED_ATTACK,"[3627, 29832, 78700, 118731, 40521, 87229, 9586, 82567, 99279, 133944, 132817, 121906, 77186, 123360, 145383, 39272, 79583, 59458, 123816, 8431]",1
2464,TRAIN,SUSTAINED_ATTACK,"[12236, 88874, 117804, 77807, 133759, 81536, 78383, 131118, 69706, 36809, 99241, 80770, 25700, 82121, 98757, 53135, 99574, 24332, 123581, 3305]",1
2465,TRAIN,SUSTAINED_ATTACK,"[88620, 88, 60993, 32890, 99846, 51681, 12377, 34142, 54972, 37028, 3633, 42931, 121512, 135664, 23936, 147561, 33561, 62893, 20319, 12351]",1
2466,TRAIN,SUSTAINED_ATTACK,"[22017, 438, 132312, 80495, 75103, 119204, 30944, 33619, 69491, 68428, 61447, 122175, 56348, 5271, 51255, 146170, 32467, 116465, 5223, 14281]",1
2467,TRAIN,SUSTAINED_ATTACK,"[143755, 97598, 56354, 11769, 40362, 52896, 101730, 127941, 112541, 23501, 15182, 14263, 547, 1423, 22973, 60140, 109867, 139591, 81545, 70212]",1
2468,TRAIN,SUSTAINED_ATTACK,"[107693, 30686, 102808, 104051, 51328, 131623, 61444, 46508, 55475, 105513, 107, 96295, 91638, 102772, 35705, 109129, 107446, 47205, 38997, 23725]",1
2469,TRAIN,SUSTAINED_ATTACK,"[94049, 27970, 67410, 15717, 129327, 740, 116697, 65165, 57592, 112815, 111442, 138679, 39873, 31617, 74283, 146024, 39434, 11469, 63547, 109533]",1
2470,TRAIN,SUSTAINED_ATTACK,"[45671, 52633, 13445, 20849, 15919, 130501, 127722, 100216, 113520, 43457, 85955, 143765, 131035, 1916, 77027, 71452, 89653, 18714, 87299, 3393]",1
2471,TRAIN,SUSTAINED_ATTACK,"[136705, 143485, 76905, 21545, 91553, 1329, 115336, 70461, 35513, 87748, 63927, 97180, 50675, 117437, 29877, 89424, 60681, 72951, 77889, 51166]",1
2472,TRAIN,SUSTAINED_ATTACK,"[43275, 136047, 86111, 42363, 44274, 85305, 146161, 9411, 103558, 6734, 12363, 38915, 31936, 86162, 66338, 51023, 114153, 6507, 122615, 74623]",1
2473,TRAIN,SUSTAINED_ATTACK,"[78959, 20472, 143458, 121094, 49774, 71641, 113609, 96022, 139215, 5352, 124482, 58964, 8347, 77233, 123982, 121847, 71454, 37411, 127717, 7074]",1
2474,TRAIN,SUSTAINED_ATTACK,"[70394, 97127, 69293, 2791, 52277, 104803, 146769, 5807, 144242, 143167, 120059, 82800, 143474, 90925, 59210, 111754, 129916, 61037, 61325, 108174]",1
2475,TRAIN,SUSTAINED_ATTACK,"[66644, 105305, 50950, 86517, 122223, 98315, 118701, 94431, 62955, 125233, 33042, 92805, 141654, 11211, 129550, 16881, 133997, 122366, 109433, 141063]",1
2476,TRAIN,SUSTAINED_ATTACK,"[60192, 1968, 105146, 126468, 101481, 124005, 21754, 51701, 19109, 88465, 100130, 43280, 23576, 118594, 60309, 110602, 100368, 43605, 103839, 24976]",1
2477,TRAIN,SUSTAINED_ATTACK,"[81760, 19000, 36285, 61147, 26864, 144247, 1428, 42876, 10102, 137484, 38625, 146359, 133507, 61634, 106080, 147767, 136322, 82799, 45003, 74465]",1
2478,TRAIN,SUSTAINED_ATTACK,"[145027, 108152, 82077, 88531, 87559, 137597, 7891, 83293, 101201, 49608, 21480, 53407, 40332, 126369, 72113, 137425, 88581, 121958, 115713, 20819]",1
2479,TRAIN,SUSTAINED_ATTACK,"[87528, 93111, 21217, 22002, 145790, 61231, 46210, 123295, 36476, 95929, 76909, 125667, 83916, 90614, 113303, 118468, 129546, 58566, 109027, 83920]",1
2480,TRAIN,SUSTAINED_ATTACK,"[88558, 34289, 121859, 47847, 17436, 63262, 114059, 89167, 19424, 2186, 61440, 93699, 8050, 133866, 54923, 1289, 144561, 64993, 19503, 121559]",1
2481,TRAIN,SUSTAINED_ATTACK,"[131489, 145750, 149309, 18183, 55315, 54508, 41949, 11887, 60956, 39686, 116631, 50561, 71771, 85090, 43727, 56213, 2745, 122045, 93213, 67050]",1
2482,TRAIN,SUSTAINED_ATTACK,"[82893, 4052, 30229, 52497, 98109, 122327, 83465, 60826, 107088, 62532, 127294, 24403, 72603, 58781, 28366, 76011, 99750, 88788, 131022, 133541]",1
2483,TRAIN,SUSTAINED_ATTACK,"[85006, 2265, 32781, 49519, 1811, 114977, 53158, 148869, 31210, 44297, 119492, 11582, 21577, 129039, 60011, 35825, 106835, 82385, 78444, 75986]",1
2484,TRAIN,SUSTAINED_ATTACK,"[22671, 73274, 70801, 149165, 94432, 137263, 142529, 141646, 23594, 56429, 4420, 9537, 73685, 132851, 17535, 51686, 120691, 11821, 129580, 18773]",1
2485,TRAIN,SUSTAINED_ATTACK,"[98347, 38035, 30251, 13389, 149311, 63799, 45431, 83369, 3088, 67056, 100124, 147788, 136518, 73417, 110256, 134519, 28687, 89902, 27996, 131510]",1
2486,TRAIN,SUSTAINED_ATTACK,"[45956, 61151, 15510, 73726, 36250, 49694, 55934, 67281, 116111, 47362, 48356, 4019, 136244, 85479, 2192, 3357, 143845, 99792, 84551, 35888]",1
2487,TRAIN,SUSTAINED_ATTACK,"[43638, 79044, 90970, 68174, 17067, 103255, 68102, 131731, 19696, 11652, 137614, 47068, 80963, 76869, 110248, 103253, 1771, 131134, 103631, 96539]",1
2488,TRAIN,SUSTAINED_ATTACK,"[117656, 109260, 48037, 5660, 19877, 61264, 68609, 114556, 39839, 72701, 128607, 23821, 32584, 145754, 18256, 97144, 74040, 124348, 115204, 90055]",1
2489,TRAIN,SUSTAINED_ATTACK,"[136868, 29318, 84769, 61203, 123449, 33628, 42689, 135263, 66620, 24554, 81922, 80917, 131640, 38634, 95133, 22781, 22427, 54248, 132002, 69579]",1
2490,TRAIN,SUSTAINED_ATTACK,"[64612, 42397, 95798, 119763, 112522, 137593, 126928, 141942, 79347, 84453, 72256, 47271, 326, 91393, 146111, 44021, 550, 40855, 103854, 124330]",1
2491,TRAIN,SUSTAINED_ATTACK,"[59170, 29850, 104928, 64310, 148256, 145349, 131876, 32307, 23775, 38917, 143542, 34867, 98431, 87208, 113445, 59382, 131850, 125387, 89738, 118013]",1
2492,TRAIN,SUSTAINED_ATTACK,"[109652, 42598, 87708, 70962, 79318, 69544, 28648, 39743, 24974, 122833, 17776, 96145, 149572, 39637, 113596, 27051, 116350, 89922, 107896, 123891]",1
2493,TRAIN,SUSTAINED_ATTACK,"[81515, 140562, 110226, 94724, 109497, 75818, 65010, 34415, 118094, 117460, 87147, 34706, 105778, 30305, 128675, 53034, 81667, 10294, 26316, 142094]",1
2494,TRAIN,SUSTAINED_ATTACK,"[114640, 113882, 33096, 33303, 110790, 121924, 2750, 124891, 137097, 40651, 134126, 124791, 91856, 57901, 81407, 84933, 140925, 81997, 48811, 86766]",1
2495,TRAIN,SUSTAINED_ATTACK,"[119912, 138598, 72436, 139682, 0, 102671, 27228, 109697, 108720, 82441, 129906, 106644, 44716, 146228, 134799, 126327, 104204, 140024, 132241, 52909]",1
2496,TRAIN,SUSTAINED_ATTACK,"[50984, 71739, 106858, 143030, 115601, 32419, 75372, 93816, 134337, 143169, 122273, 96960, 9441, 47440, 121250, 51504, 49036, 91721, 34505, 47992]",1
2497,TRAIN,SUSTAINED_ATTACK,"[955, 69522, 38620, 128616, 93269, 31002, 63523, 20125, 38005, 134884, 37857, 53201, 53603, 75024, 52462, 120098, 49601, 38738, 29882, 20704]",1
2498,TRAIN,SUSTAINED_ATTACK,"[90683, 119190, 36228, 35205, 49776, 88603, 49598, 11631, 85532, 25698, 81689, 83367, 25932, 147280, 69315, 16071, 66497, 94816, 34449, 143924]",1
2499,TRAIN,SUSTAINED_ATTACK,"[130318, 1902, 79828, 119930, 19937, 110633, 99254, 5900, 56459, 83097, 59245, 33086, 147856, 83884, 103316, 35312, 91447, 25483, 145044, 7230]",1
2500,TRAIN,ATTACK_RECOVERY,"[124016, 78771, 18060, 120923, 77894, 13326, 14306, 30775, 144901, 96972, 33670, 49640, 63873, 53929, 16350, 24304, 141213, 124600, 85939, 24835]",0
2501,TRAIN,ATTACK_RECOVERY,"[73167, 49094, 39113, 54514, 94911, 44305, 63777, 147621, 35589, 146984, 20464, 47542, 46313, 46808, 65844, 25975, 148647, 114259, 105990, 92615]",0
2502,TRAIN,ATTACK_RECOVERY,"[85522, 79923, 129373, 59740, 19341, 128471, 69953, 61960, 37081, 76878, 142522, 59766, 39417, 65738, 31075, 72246, 13819, 128176, 57262, 132033]",0
2503,TRAIN,ATTACK_RECOVERY,"[120033, 10353, 126012, 133888, 10423, 5846, 45627, 23024, 116459, 63875, 8847, 27026, 8912, 20713, 59921, 101116, 51402, 59452, 90357, 9620]",0
2504,TRAIN,ATTACK_RECOVERY,"[98291, 74634, 65749, 47471, 81615, 13064, 131840, 89777, 52290, 51689, 45721, 120942, 26671, 11212, 86512, 29745, 67731, 48063, 75092, 147166]",0
2505,TRAIN,ATTACK_RECOVERY,"[34391, 115290, 134362, 115169, 66739, 86971, 70363, 97698, 126556, 20147, 43972, 69102, 131814, 13297, 13302, 86536, 121465, 94492, 53977, 81767]",0
2506,TRAIN,ATTACK_RECOVERY,"[44293, 24770, 28147, 100788, 60222, 97757, 82665, 145267, 12247, 39288, 56480, 65757, 104199, 51227, 61888, 74753, 67705, 114782, 3461, 77682]",0
2507,TRAIN,ATTACK_RECOVERY,"[116059, 29592, 83298, 84173, 60709, 73216, 133073, 95708, 103140, 46084, 39050, 141641, 93221, 117032, 58367, 143961, 41365, 146853, 133495, 95370]",0
2508,TRAIN,ATTACK_RECOVERY,"[100123, 105613, 106909, 125941, 71638, 133345, 41382, 63757, 50329, 64242, 108504, 35292, 22528, 68438, 39002, 38987, 23826, 77216, 118579, 65485]",0
2509,TRAIN,ATTACK_RECOVERY,"[129241, 148535, 5183, 148359, 122913, 110380, 67685, 121373, 133876, 131349, 108617, 147066, 125162, 83675, 138325, 77170, 36647, 50689, 9597, 25957]",0
2510,TRAIN,ATTACK_RECOVERY,"[79687, 10741, 39741, 63227, 2363, 143045, 69674, 113841, 96563, 34873, 105411, 125837, 147375, 82465, 34277, 116783, 50211, 49474, 147420, 147397]",0
2511,TRAIN,ATTACK_RECOVERY,"[34459, 87440, 6306, 321, 63059, 127940, 140710, 125500, 8537, 134403, 89304, 141272, 103229, 130550, 75510, 117538, 81267, 43983, 77870, 121915]",0
2512,TRAIN,ATTACK_RECOVERY,"[71846, 137121, 134384, 7135, 146221, 70491, 78051, 99198, 28161, 38303, 132428, 149180, 76162, 87984, 4511, 23423, 3722, 119197, 99147, 6468]",0
2513,TRAIN,ATTACK_RECOVERY,"[36894, 58081, 7037, 41082, 63928, 134190, 110510, 78894, 113204, 13338, 69599, 35432, 111426, 69416, 10410, 40024, 3559, 16412, 139443, 42788]",0
2514,TRAIN,ATTACK_RECOVERY,"[12029, 143536, 118995, 78781, 29401, 101661, 120808, 6567, 76617, 28075, 2337, 129617, 25568, 92983, 23360, 13135, 110905, 113658, 90809, 24637]",0
2515,TRAIN,ATTACK_RECOVERY,"[17191, 44632, 139858, 118476, 115578, 37708, 21834, 149178, 123988, 22683, 42594, 22296, 135562, 26576, 67937, 65881, 10139, 39857, 120590, 105596]",0
2516,TRAIN,ATTACK_RECOVERY,"[66554, 13839, 38183, 109491, 146589, 64322, 94412, 93839, 140580, 82587, 62575, 130634, 7141, 135168, 100431, 13684, 93099, 16975, 31347, 62538]",0
2517,TRAIN,ATTACK_RECOVERY,"[94841, 30050, 49155, 3720, 29826, 107192, 39119, 5600, 47397, 47903, 22723, 15994, 103120, 2777, 98721, 114694, 110882, 50652, 108074, 113743]",0
2518,TRAIN,ATTACK_RECOVERY,"[84470, 40012, 55377, 56718, 98548, 66715, 4292, 84329, 60446, 89201, 20390, 32115, 42400, 97773, 149613, 95503, 15977, 61938, 148736, 64609]",0
2519,TRAIN,ATTACK_RECOVERY,"[130449, 96377, 116690, 109799, 37732, 106521, 132935, 27126, 5781, 93119, 104435, 81049, 112591, 70476, 55181, 38347, 141031, 138149, 7447, 90180]",0
2520,TRAIN,ATTACK_RECOVERY,"[23410, 136330, 144505, 117472, 58772, 109254, 22825, 125216, 149217, 62553, 122521, 26370, 63518, 106958, 43626, 119814, 8931, 91242, 94788, 136352]",0
2521,TRAIN,ATTACK_RECOVERY,"[3312, 93872, 110389, 10342, 41612, 33200, 23954, 140473, 112312, 49625, 57498, 5937, 146213, 116567, 117147, 3280, 82939, 61241, 14305, 109666]",0
2522,TRAIN,ATTACK_RECOVERY,"[127612, 8232, 114735, 125125, 144424, 111549, 148948, 19633, 64438, 84918, 56031, 41577, 51997, 142534, 19431, 14929, 12074, 69663, 70155, 97892]",0
2523,TRAIN,ATTACK_RECOVERY,"[31566, 61532, 26747, 143646, 9092, 110265, 25190, 121045, 83244, 117853, 28138, 36677, 127611, 44126, 92285, 22453, 139148, 148266, 71060, 56484]",0
2524,TRAIN,ATTACK_RECOVERY,"[50539, 84156, 60307, 30035, 125657, 96083, 91322, 118549, 133191, 138449, 132961, 27669, 26514, 134308, 146389, 124120, 39937, 68879, 122506, 94008]",0
2525,TRAIN,ATTACK_RECOVERY,"[51016, 68041, 37102, 63872, 54833, 58644, 35255, 127205, 138136, 15818, 32320, 62918, 124810, 36643, 20882, 82898, 88437, 140708, 102422, 72251]",0
2526,TRAIN,ATTACK_RECOVERY,"[147364, 94475, 81440, 121073, 40967, 124149, 141925, 90314, 114645, 100610, 51541, 120237, 16181, 129605, 115673, 72025, 98000, 80836, 40422, 90486]",0
2527,TRAIN,ATTACK_RECOVERY,"[26743, 144048, 62762, 6466, 13005, 89321, 142511, 83156, 61056, 19411, 107167, 33160, 17061, 110194, 105929, 85325, 6310, 132704, 91034, 77214]",0
2528,TRAIN,ATTACK_RECOVERY,"[6910, 136969, 125587, 122426, 43110, 36975, 93292, 42667, 51042, 2291, 110618, 45554, 5329, 20089, 51969, 137927, 28593, 108502, 78124, 33537]",0
2529,TRAIN,ATTACK_RECOVERY,"[131009, 774, 29003, 130695, 104013, 79454, 136674, 60205, 30389, 69709, 143537, 43821, 49723, 74889, 59756, 30291, 14978, 85506, 13086, 134222]",0
2530,TRAIN,ATTACK_RECOVERY,"[40462, 27261, 20052, 127896, 123055, 80991, 142643, 42642, 7431, 45542, 107418, 53410, 40898, 105014, 79831, 2955, 141319, 33033, 3638, 143094]",0
2531,TRAIN,ATTACK_RECOVERY,"[12350, 51685, 119334, 25294, 145805, 73898, 35245, 48684, 112194, 3063, 108832, 23682, 13440, 138121, 38328, 90440, 62490, 50465, 84623, 30738]",0
2532,TRAIN,ATTACK_RECOVERY,"[114552, 35793, 145139, 135905, 77148, 138944, 29577, 55374, 19119, 65446, 21230, 138231, 129941, 8359, 149113, 41539, 118384, 9866, 102024, 38724]",0
2533,TRAIN,ATTACK_RECOVERY,"[80504, 64723, 99976, 96527, 79579, 141933, 147578, 31041, 34699, 139218, 63208, 109037, 5409, 106018, 54811, 30601, 68097, 99281, 129239, 64538]",0
2534,TRAIN,ATTACK_RECOVERY,"[118693, 32827, 15841, 3304, 70857, 6791, 126010, 15260, 122640, 133998, 38217, 100288, 88214, 25305, 134380, 11444, 93892, 16973, 115436, 113592]",0
2535,TRAIN,ATTACK_RECOVERY,"[99909, 17358, 19228, 83786, 117536, 128737, 9291, 87417, 63478, 97350, 33462, 52035, 72315, 6, 96449, 88653, 22927, 15479, 48214, 110408]",0
2536,TRAIN,ATTACK_RECOVERY,"[135979, 64743, 66238, 62420, 3523, 56528, 48099, 83235, 82734, 100867, 65459, 67371, 112283, 13910, 64013, 7587, 68597, 142810, 61100, 143206]",0
2537,TRAIN,ATTACK_RECOVERY,"[147103, 55613, 24938, 79644, 53098, 67121, 54662, 30475, 9856, 64837, 93867, 80840, 64843, 109019, 67095, 69588, 135538, 103347, 18510, 4218]",0
2538,TRAIN,ATTACK_RECOVERY,"[46649, 8338, 29868, 133723, 35670, 76682, 77605, 130215, 115580, 132664, 114128, 149734, 123558, 115184, 118180, 97648, 55028, 67299, 35607, 101468]",0
2539,TRAIN,ATTACK_RECOVERY,"[126443, 17682, 143847, 108140, 3487, 8726, 104375, 84532, 24719, 106306, 20570, 87001, 92101, 34454, 51945, 62852, 68736, 27231, 93688, 144798]",0
2540,TRAIN,ATTACK_RECOVERY,"[92515, 143403, 1543, 10196, 29421, 9041, 6851, 85824, 80372, 3530, 25590, 13519, 62286, 123835, 115444, 30162, 84509, 47086, 123003, 74168]",0
2541,TRAIN,ATTACK_RECOVERY,"[86797, 68510, 43724, 18619, 55012, 76566, 18703, 52706, 72840, 107267, 45044, 15184, 85908, 91253, 108620, 60757, 20135, 80316, 13171, 66241]",0
2542,TRAIN,ATTACK_RECOVERY,"[47925, 88287, 47678, 67004, 146628, 48036, 25819, 137316, 114045, 100056, 14850, 96517, 21806, 126104, 121800, 59090, 105303, 81104, 97210, 119680]",0
2543,TRAIN,ATTACK_RECOVERY,"[9543, 20679, 78290, 14235, 71378, 142035, 82197, 79814, 24123, 70875, 64891, 108613, 55812, 127830, 149526, 58690, 140109, 131739, 56295, 78775]",0
2544,TRAIN,ATTACK_RECOVERY,"[143293, 74247, 148756, 118619, 34761, 61339, 148031, 21047, 108928, 7148, 13203, 135849, 134887, 142612, 84355, 45117, 76233, 114702, 1349, 84772]",0
2545,TRAIN,ATTACK_RECOVERY,"[146075, 18122, 132548, 147778, 26016, 1547, 28359, 37469, 82918, 104657, 140984, 4929, 54911, 85155, 98103, 104022, 65254, 85218, 132063, 54821]",0
2546,TRAIN,ATTACK_RECOVERY,"[71114, 84676, 109290, 114053, 43326, 123369, 81385, 43738, 20173, 54898, 15997, 132360, 17326, 80202, 126718, 47775, 60700, 55289, 31865, 142734]",0
2547,TRAIN,ATTACK_RECOVERY,"[135001, 4031, 31890, 46838, 82342, 52389, 112338, 98839, 81419, 54775, 89034, 30372, 139007, 19343, 83609, 134443, 57452, 88860, 24237, 94142]",0
2548,TRAIN,ATTACK_RECOVERY,"[6713, 69644, 106110, 134823, 48129, 45847, 131047, 90407, 40142, 140534, 113002, 92772, 65682, 133400, 73323, 30001, 148212, 34551, 142268, 103416]",0
2549,TRAIN,ATTACK_RECOVERY,"[8564, 5550, 139896, 91037, 56099, 131875, 101253, 36655, 27374, 133047, 83896, 48232, 3778, 34418, 3828, 40802, 99322, 135812, 112534, 18026]",0
2550,TRAIN,ATTACK_RECOVERY,"[108672, 119163, 129628, 87419, 68359, 82113, 136496, 95179, 106574, 92048, 81167, 111127, 125906, 35624, 62224, 88048, 15734, 21001, 97884, 95500]",0
2551,TRAIN,ATTACK_RECOVERY,"[73627, 129680, 122110, 133297, 10365, 69378, 56808, 34469, 96727, 84716, 134928, 141163, 2786, 85416, 17980, 143564, 147446, 36849, 38957, 54439]",0
2552,TRAIN,ATTACK_RECOVERY,"[4965, 30881, 142722, 33649, 4810, 105206, 37142, 100938, 27903, 96455, 14950, 71154, 100611, 89558, 59077, 30630, 143969, 81726, 33577, 73960]",0
2553,TRAIN,ATTACK_RECOVERY,"[47368, 94192, 4880, 48011, 132559, 104298, 11069, 97379, 49992, 138769, 45623, 82428, 7698, 103689, 76177, 66910, 10661, 138684, 26379, 1926]",0
2554,TRAIN,ATTACK_RECOVERY,"[91836, 10681, 6387, 60611, 125464, 100772, 100979, 99274, 132474, 19066, 64203, 41637, 51423, 108334, 3127, 140338, 50991, 103690, 44731, 112795]",0
2555,TRAIN,ATTACK_RECOVERY,"[178, 72811, 66139, 9450, 100850, 15698, 109122, 99503, 91275, 133447, 95230, 107736, 131254, 2683, 67448, 138724, 145885, 11725, 103890, 53156]",0
2556,TRAIN,ATTACK_RECOVERY,"[13033, 13036, 78229, 60360, 54622, 135018, 74595, 83137, 89631, 38499, 130633, 120800, 103928, 94055, 57846, 4685, 73453, 22084, 10929, 117515]",0
2557,TRAIN,ATTACK_RECOVERY,"[109488, 42873, 103837, 98433, 43985, 28224, 57218, 26828, 31451, 34647, 7010, 46225, 134785, 107070, 72215, 15456, 6936, 86636, 11537, 61720]",0
2558,TRAIN,ATTACK_RECOVERY,"[86914, 84349, 16294, 32356, 141019, 112679, 67396, 34939, 46198, 139100, 117785, 68443, 7269, 128018, 2062, 8485, 51006, 24505, 2057, 2590]",0
2559,TRAIN,ATTACK_RECOVERY,"[9339, 83077, 137238, 28073, 72765, 19925, 119266, 53758, 139684, 10400, 130875, 90612, 126540, 88683, 88617, 139520, 84063, 37702, 106499, 51664]",0
2560,TRAIN,ATTACK_RECOVERY,"[36461, 30646, 123908, 107614, 42187, 136590, 21547, 110848, 133368, 138411, 39906, 108656, 39335, 133527, 67569, 13920, 16607, 83386, 35996, 32200]",0
2561,TRAIN,ATTACK_RECOVERY,"[9322, 130560, 101875, 47339, 149383, 106959, 96776, 77205, 43836, 67587, 96636, 26757, 83937, 143443, 131646, 24262, 56157, 67925, 12596, 106591]",0
2562,TRAIN,ATTACK_RECOVERY,"[4390, 78856, 125318, 77999, 46092, 25307, 18142, 38279, 18732, 39131, 99851, 82483, 100341, 73125, 147267, 138020, 77647, 7331, 130477, 68841]",0
2563,TRAIN,ATTACK_RECOVERY,"[87758, 30970, 13479, 97893, 41416, 42180, 10201, 118935, 119399, 115661, 49543, 11768, 138046, 100142, 35976, 54860, 147602, 144475, 144716, 61853]",0
2564,TRAIN,ATTACK_RECOVERY,"[149720, 95784, 23145, 68657, 2329, 21962, 3953, 34166, 109204, 97847, 119498, 140225, 115646, 46112, 113505, 49537, 103425, 110783, 149804, 13365]",0
2565,TRAIN,ATTACK_RECOVERY,"[23444, 72794, 118256, 61346, 79709, 36435, 142259, 62524, 88728, 43820, 117455, 120897, 55549, 16756, 92527, 61387, 133162, 106296, 111199, 21452]",0
2566,TRAIN,ATTACK_RECOVERY,"[100146, 145727, 104659, 26441, 88069, 83231, 14253, 21741, 3115, 105657, 33590, 1871, 148817, 7067, 11953, 114146, 149222, 120973, 24291, 92970]",0
2567,TRAIN,ATTACK_RECOVERY,"[88197, 38337, 49778, 107861, 79983, 8213, 5462, 102119, 69610, 109030, 122408, 127204, 127252, 28869, 44735, 19680, 44006, 46697, 48028, 35067]",0
2568,TRAIN,ATTACK_RECOVERY,"[92816, 50949, 96216, 102351, 141352, 101937, 91462, 134525, 131851, 62100, 40425, 40593, 8821, 131290, 17926, 39912, 9206, 138440, 131535, 133022]",0
2569,TRAIN,ATTACK_RECOVERY,"[62793, 111599, 115431, 25221, 131028, 46190, 33239, 19301, 107505, 25219, 146602, 57611, 87761, 19746, 147290, 67581, 53893, 84712, 19367, 60250]",0
2570,TRAIN,ATTACK_RECOVERY,"[72253, 22397, 133623, 12058, 101089, 102688, 51965, 97420, 47703, 122988, 41080, 41506, 11748, 113960, 54547, 73486, 30223, 23980, 48804, 7998]",0
2571,TRAIN,ATTACK_RECOVERY,"[142143, 35505, 54938, 28729, 40002, 53217, 1745, 96879, 47469, 135673, 13563, 56083, 68420, 83863, 119315, 133364, 59937, 140944, 52288, 24443]",0
2572,TRAIN,ATTACK_RECOVERY,"[55215, 118435, 13865, 63760, 23290, 149377, 107548, 144082, 123954, 129812, 21133, 25928, 92820, 106252, 78043, 131268, 91158, 127654, 4056, 653]",0
2573,TRAIN,ATTACK_RECOVERY,"[120940, 20702, 77635, 59320, 86081, 127814, 17572, 68955, 87876, 129328, 32582, 35709, 112203, 141276, 110987, 26185, 124074, 76602, 62941, 123038]",0
2574,TRAIN,ATTACK_RECOVERY,"[131852, 115477, 106216, 142428, 118534, 38842, 26974, 58521, 75526, 91475, 149333, 46153, 131092, 109937, 90632, 44093, 65867, 59262, 66289, 4285]",0
2575,TRAIN,ATTACK_RECOVERY,"[39554, 119650, 84736, 13137, 54880, 108964, 9720, 3745, 44158, 36688, 82531, 72339, 122289, 55531, 104281, 65628, 45045, 107955, 62949, 107968]",0
2576,TRAIN,ATTACK_RECOVERY,"[144958, 66390, 133314, 69409, 120697, 61600, 92264, 16832, 112258, 143908, 29520, 103816, 149026, 7644, 51606, 20130, 62158, 6402, 111355, 56441]",0
2577,TRAIN,ATTACK_RECOVERY,"[46795, 4543, 91714, 53555, 142959, 39704, 101923, 148107, 94216, 96390, 81610, 120804, 93432, 137986, 71856, 129953, 111483, 76052, 13905, 90165]",0
2578,TRAIN,ATTACK_RECOVERY,"[107847, 60448, 116752, 8239, 133898, 144812, 947, 28101, 105346, 138940, 139165, 142617, 82778, 4783, 116630, 79013, 123978, 13816, 20030, 127890]",0
2579,TRAIN,ATTACK_RECOVERY,"[83525, 142591, 145976, 132968, 3110, 6241, 38828, 22105, 19705, 60821, 139800, 16488, 72906, 131350, 18777, 10359, 95814, 33900, 147706, 116633]",0
2580,TRAIN,ATTACK_RECOVERY,"[62276, 114289, 68502, 44549, 89549, 88248, 129435, 95876, 73228, 8546, 126636, 63225, 129982, 46500, 134045, 68159, 93504, 13711, 86736, 1279]",0
2581,TRAIN,ATTACK_RECOVERY,"[28046, 74095, 95758, 2730, 95446, 81764, 53, 123416, 44352, 27843, 48710, 53567, 49875, 85808, 134813, 108678, 5314, 15033, 114964, 132]",0
2582,TRAIN,ATTACK_RECOVERY,"[1224, 31744, 26972, 19383, 85178, 130107, 109397, 38386, 78443, 55535, 103709, 11355, 67697, 98664, 10444, 113377, 59121, 1556, 12309, 79571]",0
2583,TRAIN,ATTACK_RECOVERY,"[75162, 44584, 127405, 2430, 121011, 80209, 101105, 45655, 87122, 5533, 141000, 13725, 26836, 64934, 3870, 138704, 8236, 9056, 29899, 53035]",0
2584,TRAIN,ATTACK_RECOVERY,"[63515, 46922, 81971, 29281, 41262, 76659, 94202, 54139, 34519, 117866, 104075, 101075, 32629, 145216, 107665, 117898, 10766, 114975, 138327, 49437]",0
2585,TRAIN,ATTACK_RECOVERY,"[47619, 34185, 43077, 60571, 90733, 56751, 88323, 85332, 91492, 124907, 49280, 44281, 9508, 82039, 21060, 64967, 21467, 51785, 3578, 136872]",0
2586,TRAIN,ATTACK_RECOVERY,"[103804, 92556, 54236, 90515, 79480, 118776, 141104, 131984, 91779, 111508, 93992, 146372, 65481, 61502, 120194, 110443, 29406, 61481, 126204, 123207]",0
2587,TRAIN,ATTACK_RECOVERY,"[130347, 2464, 116134, 10996, 95418, 86581, 16477, 893, 72890, 110193, 48262, 107512, 91195, 14612, 107865, 136570, 137619, 75319, 51390, 2670]",0
2588,TRAIN,ATTACK_RECOVERY,"[120337, 4906, 124610, 59666, 45594, 127668, 62296, 33005, 47066, 63672, 133861, 129676, 88044, 70426, 95548, 89788, 68, 48059, 31497, 29523]",0
2589,TRAIN,ATTACK_RECOVERY,"[109465, 102365, 140932, 87262, 119509, 66342, 93404, 99915, 136297, 47044, 35288, 96846, 88587, 101256, 25999, 139737, 23361, 42505, 97468, 4404]",0
2590,TRAIN,ATTACK_RECOVERY,"[140817, 75276, 130969, 64526, 5011, 123647, 94740, 21073, 102896, 119479, 136057, 69111, 96533, 48769, 64296, 94140, 124162, 23250, 139002, 126003]",0
2591,TRAIN,ATTACK_RECOVERY,"[17928, 128760, 140625, 144211, 32695, 39673, 14082, 13860, 15595, 88827, 39737, 51176, 57364, 108596, 73536, 137495, 143220, 97894, 102159, 74411]",0
2592,TRAIN,ATTACK_RECOVERY,"[135428, 38114, 137584, 10698, 127102, 65551, 29482, 22395, 32722, 10768, 124666, 9387, 2280, 29052, 130530, 109878, 19319, 18259, 97607, 47723]",0
2593,TRAIN,ATTACK_RECOVERY,"[3733, 47686, 143638, 124292, 142253, 57321, 74968, 119995, 88467, 103748, 1456, 146126, 50806, 123053, 105615, 61393, 141295, 127112, 80468, 71314]",0
2594,TRAIN,ATTACK_RECOVERY,"[24710, 45921, 2917, 22800, 44482, 20763, 36303, 110830, 16747, 41568, 67081, 38140, 136033, 35817, 13840, 125260, 116815, 68819, 83842, 135864]",0
2595,TRAIN,ATTACK_RECOVERY,"[41761, 55893, 67268, 50430, 40957, 21767, 98373, 130468, 5966, 21104, 96482, 89140, 122588, 34566, 85159, 87793, 115387, 97414, 91350, 5692]",0
2596,TRAIN,ATTACK_RECOVERY,"[48387, 29668, 32690, 33280, 19763, 142827, 110026, 99320, 29431, 86246, 136711, 24662, 39997, 101033, 57537, 67288, 14299, 81914, 65421, 48047]",0
2597,TRAIN,ATTACK_RECOVERY,"[146183, 12414, 58657, 140570, 139976, 101017, 80594, 80016, 79020, 4652, 30505, 114690, 5406, 63652, 18316, 107460, 89486, 45637, 113490, 112192]",0
2598,TRAIN,ATTACK_RECOVERY,"[34651, 17544, 41969, 22854, 59125, 111832, 48276, 67122, 86139, 23560, 27239, 35662, 106540, 69823, 53436, 140703, 94353, 14148, 139568, 141085]",0
2599,TRAIN,ATTACK_RECOVERY,"[68310, 84068, 44161, 92892, 20669, 50478, 57470, 60637, 75899, 53348, 58947, 34476, 89494, 26542, 47843, 49696, 59037, 9229, 132340, 19408]",0
2600,TRAIN,ATTACK_RECOVERY,"[122071, 79953, 137030, 56695, 90330, 144674, 105094, 9090, 10282, 103016, 48535, 94337, 127868, 43088, 58909, 69035, 36877, 87492, 95030, 143390]",0
2601,TRAIN,ATTACK_RECOVERY,"[101784, 137464, 41769, 61858, 96973, 28068, 88366, 73237, 98754, 122352, 52379, 80327, 72871, 41320, 6790, 34466, 106093, 22044, 12922, 137416]",0
2602,TRAIN,ATTACK_RECOVERY,"[130625, 135639, 58955, 144321, 108135, 94700, 74379, 6232, 111308, 74589, 3860, 73629, 146710, 56778, 37344, 16482, 45453, 77411, 32343, 123799]",0
2603,TRAIN,ATTACK_RECOVERY,"[3695, 7371, 1844, 12253, 4594, 144212, 11545, 45422, 26991, 103306, 68926, 131258, 62552, 580, 54311, 93715, 110268, 125353, 57975, 80170]",0
2604,TRAIN,ATTACK_RECOVERY,"[139301, 126708, 109492, 23402, 128727, 148728, 25550, 83624, 78346, 12670, 42506, 62449, 95797, 109373, 94149, 103280, 76269, 110152, 29727, 105822]",0
2605,TRAIN,ATTACK_RECOVERY,"[53132, 2193, 46987, 12834, 31777, 104207, 74542, 122829, 31526, 76148, 31522, 86874, 139650, 137874, 138487, 104457, 75344, 138979, 48736, 98337]",0
2606,TRAIN,ATTACK_RECOVERY,"[69369, 106243, 34499, 98573, 138910, 107717, 51264, 119585, 17862, 99702, 119574, 75250, 133235, 12551, 96242, 100073, 144545, 143680, 145641, 146861]",0
2607,TRAIN,ATTACK_RECOVERY,"[127670, 35784, 133841, 38509, 149025, 136563, 65235, 13824, 80626, 114611, 65626, 117235, 96599, 22804, 127351, 123451, 5644, 135288, 148124, 30307]",0
2608,TRAIN,ATTACK_RECOVERY,"[120740, 53051, 55431, 9806, 69536, 53581, 35663, 33504, 57813, 113511, 78357, 10825, 106681, 76349, 94575, 10062, 144108, 137091, 26089, 24296]",0
2609,TRAIN,ATTACK_RECOVERY,"[110764, 23646, 80776, 916, 101759, 61271, 123742, 71270, 125584, 123827, 82501, 128559, 135916, 117061, 15, 143701, 31296, 56085, 118439, 146713]",0
2610,TRAIN,ATTACK_RECOVERY,"[146796, 41194, 27956, 130919, 16735, 124202, 899, 148322, 119732, 88033, 88359, 108212, 50814, 75180, 77678, 10385, 147178, 144506, 22661, 125035]",0
2611,TRAIN,ATTACK_RECOVERY,"[79577, 122089, 42716, 149643, 123809, 39517, 70764, 121500, 71054, 65948, 48106, 100703, 140725, 58129, 108565, 29792, 74750, 24845, 128963, 141662]",0
2612,TRAIN,ATTACK_RECOVERY,"[113580, 134592, 57551, 136608, 143791, 4120, 15124, 143142, 62857, 131148, 81366, 69680, 89483, 53021, 76921, 133401, 23199, 124183, 111463, 111962]",0
2613,TRAIN,ATTACK_RECOVERY,"[47928, 81781, 115424, 57992, 75316, 19576, 1515, 37183, 122013, 73499, 144300, 64220, 73130, 25436, 51337, 45719, 91421, 137457, 77745, 84970]",0
2614,TRAIN,ATTACK_RECOVERY,"[135163, 70822, 87200, 149751, 141834, 63217, 15703, 105586, 111741, 133519, 9314, 96987, 26938, 108252, 16081, 15047, 87862, 136403, 84542, 135510]",0
2615,TRAIN,ATTACK_RECOVERY,"[64694, 67935, 75578, 57612, 42934, 149500, 98722, 15850, 79900, 121818, 131915, 3654, 124398, 10325, 66334, 141370, 110595, 31894, 57439, 116814]",0
2616,TRAIN,ATTACK_RECOVERY,"[46060, 41255, 28194, 52461, 145724, 7239, 83252, 135962, 48952, 46157, 36102, 96739, 35367, 12089, 136231, 83325, 49698, 121498, 47879, 10904]",0
2617,TRAIN,ATTACK_RECOVERY,"[130587, 58936, 145116, 10343, 40300, 148879, 118520, 66944, 29654, 118920, 81018, 118605, 83893, 5935, 15586, 92456, 38017, 147405, 143729, 18266]",0
2618,TRAIN,ATTACK_RECOVERY,"[33201, 19053, 45462, 114474, 91244, 84947, 85646, 45898, 120583, 110973, 48822, 129138, 101100, 59607, 67283, 77242, 50852, 85807, 57288, 47262]",0
2619,TRAIN,ATTACK_RECOVERY,"[91251, 84734, 142649, 6166, 126633, 33298, 64196, 73052, 120599, 45403, 36417, 59867, 2825, 129923, 54814, 82128, 22852, 113150, 74084, 130290]",0
2620,TRAIN,ATTACK_RECOVERY,"[29017, 20068, 90845, 59017, 73053, 53876, 33421, 56187, 58203, 142735, 27927, 108556, 133745, 38487, 126271, 86219, 129972, 146816, 52756, 68412]",0
2621,TRAIN,ATTACK_RECOVERY,"[37165, 21921, 109720, 21431, 143831, 85785, 130804, 53152, 109247, 97031, 124542, 59860, 100843, 118358, 120666, 48312, 40526, 92641, 111081, 142758]",0
2622,TRAIN,ATTACK_RECOVERY,"[117284, 66279, 143137, 142951, 67796, 110767, 149444, 72155, 21499, 86841, 33364, 35703, 146431, 145186, 118187, 71783, 110591, 50121, 29156, 42232]",0
2623,TRAIN,ATTACK_RECOVERY,"[140498, 40999, 130678, 12725, 85705, 126537, 71791, 58900, 147491, 15374, 4771, 38626, 26598, 40195, 101440, 50930, 9553, 132206, 77740, 119314]",0
2624,TRAIN,ATTACK_RECOVERY,"[33238, 107371, 28497, 64703, 148034, 141383, 64135, 13996, 94045, 84270, 84922, 123216, 133429, 38301, 4849, 34167, 1472, 69560, 130614, 114186]",0
2625,TRAIN,ATTACK_RECOVERY,"[34285, 20913, 41541, 81830, 106590, 80710, 54532, 139455, 81037, 45780, 101598, 113037, 50148, 136498, 101001, 119794, 95525, 108897, 29366, 125312]",0
2626,TRAIN,ATTACK_RECOVERY,"[62155, 6885, 59529, 73589, 100324, 95031, 115537, 46521, 90340, 146680, 135057, 119892, 19596, 128132, 96233, 49944, 59602, 110802, 56893, 58109]",0
2627,TRAIN,ATTACK_RECOVERY,"[121448, 16757, 104136, 142727, 110276, 100810, 2514, 35122, 106943, 29606, 48593, 126296, 32658, 141746, 129011, 2738, 99334, 18335, 130758, 142476]",0
2628,TRAIN,ATTACK_RECOVERY,"[137779, 127563, 130057, 98206, 131934, 33895, 28377, 115305, 10066, 55867, 129674, 61782, 426, 98843, 56637, 112022, 45417, 23825, 77150, 104733]",0
2629,TRAIN,ATTACK_RECOVERY,"[12811, 71053, 131246, 112217, 39863, 97810, 84976, 98906, 147379, 46969, 84695, 31689, 102314, 18706, 7890, 132064, 47540, 106895, 42603, 133621]",0
2630,TRAIN,ATTACK_RECOVERY,"[22537, 84206, 104369, 84504, 29881, 29341, 144062, 71360, 128168, 61308, 51492, 96108, 102291, 54575, 94269, 24739, 109792, 145499, 130577, 61212]",0
2631,TRAIN,ATTACK_RECOVERY,"[114870, 77964, 104532, 10211, 15285, 84288, 17538, 120084, 122756, 139296, 63655, 137754, 12854, 72388, 124268, 22000, 108840, 741, 50077, 124029]",0
2632,TRAIN,ATTACK_RECOVERY,"[93976, 42532, 56010, 100209, 25415, 32122, 124208, 65924, 27879, 55846, 57133, 132341, 23604, 26421, 101138, 26776, 64779, 47789, 4659, 24504]",0
2633,TRAIN,ATTACK_RECOVERY,"[114672, 119495, 41928, 57971, 52199, 124619, 35808, 103780, 100141, 97278, 33761, 61311, 113297, 64264, 61760, 94143, 8089, 50626, 125999, 34878]",0
2634,TRAIN,ATTACK_RECOVERY,"[102714, 53268, 64763, 25263, 102180, 95598, 112091, 89886, 88807, 147892, 96366, 68771, 33121, 97907, 6755, 109704, 82292, 85818, 103172, 12042]",0
2635,TRAIN,ATTACK_RECOVERY,"[83790, 20876, 101360, 64920, 72837, 58455, 95103, 41341, 125397, 136316, 68923, 124604, 138798, 102980, 74860, 124360, 118939, 40785, 24681, 6601]",0
2636,TRAIN,ATTACK_RECOVERY,"[64652, 12946, 10149, 9025, 46888, 76288, 58456, 72387, 13907, 93775, 52071, 50591, 145377, 72264, 8296, 97422, 87642, 146332, 49884, 143102]",0
2637,TRAIN,ATTACK_RECOVERY,"[112512, 89017, 71035, 83111, 22993, 146084, 119262, 126551, 148714, 89994, 134745, 17156, 86173, 123962, 55716, 86409, 70757, 80472, 141102, 55108]",0
2638,TRAIN,ATTACK_RECOVERY,"[88528, 75405, 75875, 35492, 135115, 44836, 125524, 54806, 111732, 19129, 135609, 33521, 63555, 27758, 44497, 114553, 50549, 79094, 136714, 49097]",0
2639,TRAIN,ATTACK_RECOVERY,"[58821, 72283, 115948, 95214, 53033, 114109, 13967, 38538, 50952, 12998, 67741, 113218, 106136, 87625, 105730, 137835, 1553, 71358, 99109, 12915]",0
2640,TRAIN,ATTACK_RECOVERY,"[147967, 64180, 99554, 131230, 128279, 27932, 116880, 37435, 136314, 14609, 124941, 76293, 42044, 108570, 121684, 117006, 59810, 138385, 106143, 128663]",0
2641,TRAIN,ATTACK_RECOVERY,"[81409, 122126, 72500, 62528, 107154, 89018, 42114, 102437, 65720, 77618, 8647, 42094, 70680, 134077, 60773, 39659, 132607, 112389, 6864, 109156]",0
2642,TRAIN,ATTACK_RECOVERY,"[27601, 23166, 11384, 42257, 140663, 132249, 50247, 37191, 112651, 2879, 5403, 138393, 144078, 130033, 126579, 101722, 43429, 119312, 51860, 61365]",0
2643,TRAIN,ATTACK_RECOVERY,"[93718, 62495, 19245, 77777, 81092, 128514, 57249, 113485, 100774, 94919, 147879, 139951, 71661, 71545, 8374, 102095, 44976, 26823, 33624, 94653]",0
2644,TRAIN,ATTACK_RECOVERY,"[53031, 18635, 72049, 145628, 51035, 18214, 36131, 53380, 107110, 43385, 132402, 23967, 59873, 136027, 141010, 11315, 39557, 64468, 49664, 47121]",0
2645,TRAIN,ATTACK_RECOVERY,"[111, 127949, 34948, 122356, 64023, 115528, 56256, 26026, 22363, 22392, 14310, 104299, 83989, 64563, 139266, 120832, 61647, 47267, 129907, 33609]",0
2646,TRAIN,ATTACK_RECOVERY,"[19801, 90190, 85054, 61701, 63997, 41311, 111571, 114515, 5946, 44575, 142621, 77798, 103234, 36702, 114590, 75705, 5361, 37526, 63342, 70718]",0
2647,TRAIN,ATTACK_RECOVERY,"[105444, 54277, 43202, 70150, 45597, 28297, 24600, 2249, 53399, 118992, 74820, 89972, 51142, 139377, 128346, 76719, 35405, 84371, 71595, 65809]",0
2648,TRAIN,ATTACK_RECOVERY,"[7497, 97239, 93206, 75703, 93313, 62699, 130003, 21862, 74161, 26394, 127933, 95288, 26572, 47366, 96185, 83155, 110496, 84353, 46533, 1643]",0
2649,TRAIN,ATTACK_RECOVERY,"[32774, 66459, 117883, 75866, 141503, 13152, 75793, 106741, 28792, 41658, 119725, 4603, 102766, 118805, 72877, 139204, 26626, 16662, 12804, 127636]",0
2650,TRAIN,ATTACK_RECOVERY,"[86673, 144276, 65474, 21009, 26365, 13643, 4114, 93951, 11278, 35962, 6002, 122939, 81927, 107570, 20655, 70777, 28472, 69450, 66607, 67915]",0
2651,TRAIN,ATTACK_RECOVERY,"[53435, 64734, 37121, 20581, 129492, 67032, 24278, 13752, 52942, 46563, 134907, 148108, 23945, 138462, 1693, 62196, 11986, 30608, 11922, 19487]",0
2652,TRAIN,ATTACK_RECOVERY,"[115686, 47104, 144926, 129152, 79894, 79225, 110236, 123028, 67877, 104970, 122951, 142323, 29573, 110188, 71574, 95425, 67091, 112688, 56970, 70987]",0
2653,TRAIN,ATTACK_RECOVERY,"[39572, 98485, 14900, 110015, 109985, 35282, 115650, 127934, 1716, 135326, 17070, 44954, 26174, 36257, 10601, 3601, 124853, 82343, 109346, 82275]",0
2654,TRAIN,ATTACK_RECOVERY,"[36675, 83072, 122584, 42554, 120340, 7508, 95478, 64899, 70651, 46828, 49497, 59569, 59981, 65462, 72488, 41473, 21546, 28921, 1406, 133294]",0
2655,TRAIN,ATTACK_RECOVERY,"[42584, 64514, 22028, 43956, 29279, 134585, 80931, 99384, 127163, 99718, 7472, 77546, 29221, 130262, 18447, 27871, 93393, 40036, 29189, 12797]",0
2656,TRAIN,ATTACK_RECOVERY,"[49762, 121116, 8730, 32432, 17774, 125649, 29295, 123830, 23341, 29225, 45209, 127201, 104346, 113055, 40033, 127323, 31966, 17028, 51530, 112377]",0
2657,TRAIN,ATTACK_RECOVERY,"[118466, 84195, 85634, 96676, 46375, 98396, 89143, 149610, 109855, 18996, 23983, 127325, 16298, 90722, 130082, 17645, 86206, 130861, 11412, 96788]",0
2658,TRAIN,ATTACK_RECOVERY,"[18052, 10382, 3311, 76836, 13604, 142652, 7392, 136993, 126258, 25460, 104237, 97449, 131953, 130368, 21823, 10577, 36569, 105922, 76093, 28721]",0
2659,TRAIN,ATTACK_RECOVERY,"[122834, 6843, 6557, 53108, 33110, 109838, 141977, 128136, 77563, 129148, 41401, 116525, 36357, 40143, 82475, 116735, 18154, 137987, 62422, 59398]",0
2660,TRAIN,ATTACK_RECOVERY,"[4452, 27283, 41321, 59411, 18201, 117569, 140676, 113209, 91219, 99057, 116427, 47916, 59019, 14322, 7648, 44839, 817, 10798, 107635, 108209]",0
2661,TRAIN,ATTACK_RECOVERY,"[31226, 106491, 70730, 138900, 94829, 68057, 101031, 139206, 102558, 31681, 38495, 76037, 34824, 41213, 70740, 99232, 76804, 76106, 65040, 48886]",0
2662,TRAIN,ATTACK_RECOVERY,"[59122, 78211, 101258, 137765, 17231, 19894, 125582, 79248, 115048, 92329, 116822, 143813, 145402, 135977, 66970, 44668, 137387, 109395, 8284, 137249]",0
2663,TRAIN,ATTACK_RECOVERY,"[41291, 80392, 140688, 300, 41617, 140155, 37523, 123041, 118524, 25914, 128230, 2483, 19175, 90835, 7226, 48573, 24842, 24209, 77276, 141323]",0
2664,TRAIN,ATTACK_RECOVERY,"[16977, 2212, 65553, 45660, 116562, 6763, 2651, 109145, 110982, 110935, 21425, 13674, 26020, 113773, 118429, 98070, 85263, 70302, 88490, 53240]",0
2665,TRAIN,ATTACK_RECOVERY,"[45859, 43109, 135670, 31299, 16232, 50962, 2888, 12473, 116902, 528, 42416, 77550, 110832, 44445, 138802, 30031, 6975, 17961, 105630, 79196]",0
2666,TRAIN,ATTACK_RECOVERY,"[114623, 64756, 106514, 118151, 30907, 136041, 75147, 8224, 100126, 107542, 103741, 45409, 6207, 20673, 136548, 59355, 21375, 18442, 15025, 124194]",0
2667,TRAIN,ATTACK_RECOVERY,"[34389, 130256, 142664, 76242, 95705, 66299, 105903, 135942, 142007, 121369, 92993, 23754, 94325, 65230, 114923, 48135, 117784, 57937, 92468, 64120]",0
2668,TRAIN,ATTACK_RECOVERY,"[86718, 44854, 72141, 40156, 73570, 120206, 10357, 124827, 80139, 100087, 141873, 30238, 74844, 146534, 141380, 131303, 134262, 126475, 144410, 54560]",0
2669,TRAIN,ATTACK_RECOVERY,"[68660, 81439, 25811, 53996, 57329, 65156, 20424, 8171, 6260, 138599, 45617, 81820, 128830, 104979, 80099, 28613, 76297, 78680, 23154, 30518]",0
2670,TRAIN,ATTACK_RECOVERY,"[83495, 115213, 15675, 144517, 13699, 76254, 120300, 105428, 89697, 29132, 56507, 119493, 71297, 61050, 117618, 84943, 81924, 55781, 141366, 28805]",0
2671,TRAIN,ATTACK_RECOVERY,"[23996, 30770, 49442, 117300, 55459, 143149, 98196, 46845, 68013, 117353, 138695, 57713, 64699, 147371, 49289, 27038, 106547, 131959, 17020, 123377]",0
2672,TRAIN,ATTACK_RECOVERY,"[46602, 107280, 123144, 44608, 8210, 83383, 66215, 45445, 68192, 146249, 119187, 101825, 41776, 63454, 149777, 105381, 60313, 38443, 45057, 60524]",0
2673,TRAIN,ATTACK_RECOVERY,"[78748, 111267, 71702, 104261, 7919, 56464, 90666, 146718, 21315, 132463, 22714, 118438, 90911, 3742, 72271, 49452, 107104, 35438, 96792, 126488]",0
2674,TRAIN,ATTACK_RECOVERY,"[145050, 107360, 33024, 54370, 145106, 94590, 133181, 30435, 62717, 126971, 20460, 5059, 35528, 125774, 98376, 4042, 57622, 58700, 77801, 47323]",0
2675,TRAIN,ATTACK_RECOVERY,"[52627, 105478, 47823, 80827, 27764, 18388, 33859, 35063, 139328, 4869, 7195, 92402, 53323, 69135, 17364, 27157, 24708, 3896, 76507, 58998]",0
2676,TRAIN,ATTACK_RECOVERY,"[52977, 75676, 77166, 21904, 26905, 111347, 118445, 43268, 103230, 121908, 89647, 125211, 73797, 143406, 37697, 119935, 75012, 35026, 28206, 76784]",0
2677,TRAIN,ATTACK_RECOVERY,"[139823, 617, 71877, 92481, 136906, 130827, 76273, 71753, 144986, 29618, 5342, 147343, 137442, 143068, 137243, 73088, 14444, 39015, 138661, 31988]",0
2678,TRAIN,ATTACK_RECOVERY,"[48864, 20418, 127923, 116701, 34612, 21131, 146640, 93268, 116002, 90692, 100769, 103366, 127381, 41345, 53029, 77534, 91858, 138587, 26153, 82152]",0
2679,TRAIN,ATTACK_RECOVERY,"[40204, 102747, 125605, 10871, 76445, 109134, 100201, 110513, 21157, 70183, 111614, 95703, 94057, 121138, 53764, 141782, 19597, 109196, 139743, 57604]",0
2680,TRAIN,ATTACK_RECOVERY,"[123865, 67452, 93882, 13623, 4021, 43058, 116737, 122303, 125673, 71431, 135969, 135296, 33028, 98543, 63365, 89380, 115487, 132816, 97043, 132315]",0
2681,TRAIN,ATTACK_RECOVERY,"[25078, 120496, 94480, 16749, 29324, 148633, 10496, 49685, 85983, 68204, 31869, 36034, 132159, 40708, 134709, 102267, 2289, 48850, 105574, 52656]",0
2682,TRAIN,ATTACK_RECOVERY,"[127208, 53015, 127675, 15344, 98407, 82541, 127026, 29936, 147817, 147308, 22062, 38548, 139123, 35468, 7004, 71673, 25478, 110183, 118681, 106907]",0
2683,TRAIN,ATTACK_RECOVERY,"[135299, 36888, 8639, 20064, 27377, 33830, 74568, 18461, 104571, 104905, 104410, 93972, 7562, 36580, 74330, 46996, 16451, 47957, 135490, 141470]",0
2684,TRAIN,ATTACK_RECOVERY,"[74676, 14264, 13914, 15885, 146646, 56703, 19670, 96571, 35467, 43304, 50698, 22725, 41047, 116915, 135483, 102379, 141274, 58353, 95492, 84391]",0
2685,TRAIN,ATTACK_RECOVERY,"[53704, 94450, 35308, 114433, 111667, 1738, 23895, 101063, 32379, 149769, 148512, 56679, 67162, 41275, 21885, 87321, 129142, 48779, 27558, 107276]",0
2686,TRAIN,ATTACK_RECOVERY,"[137908, 137936, 90133, 131955, 79419, 15943, 38739, 67250, 10856, 133766, 92579, 87049, 123136, 79647, 127307, 135784, 127902, 124782, 62994, 130994]",0
2687,TRAIN,ATTACK_RECOVERY,"[64459, 17485, 34652, 16209, 104025, 72628, 25733, 36086, 111842, 29910, 98632, 147631, 111057, 38721, 77215, 107506, 32386, 149851, 122140, 123239]",0
2688,TRAIN,ATTACK_RECOVERY,"[92263, 62432, 75230, 137342, 85379, 114909, 101292, 83640, 125780, 148290, 63956, 66080, 81113, 106906, 30802, 62223, 67850, 126084, 74452, 79622]",0
2689,TRAIN,ATTACK_RECOVERY,"[64005, 82065, 142692, 49092, 52866, 70788, 47816, 146740, 32647, 46818, 68548, 106349, 89871, 86120, 47768, 133985, 26694, 106226, 36205, 125433]",0
2690,TRAIN,ATTACK_RECOVERY,"[73667, 49402, 15516, 146804, 88463, 30169, 42337, 72997, 11382, 53975, 73078, 110339, 135561, 128959, 5927, 123972, 28916, 138933, 70299, 67619]",0
2691,TRAIN,ATTACK_RECOVERY,"[145923, 140800, 141475, 103250, 137037, 100067, 55376, 14143, 113360, 22248, 66845, 27466, 74417, 142250, 65465, 139857, 71073, 8640, 133615, 17694]",0
2692,TRAIN,ATTACK_RECOVERY,"[30508, 9356, 28624, 132062, 93791, 56909, 26360, 82903, 42975, 41970, 55977, 107868, 99032, 36474, 42881, 85484, 85021, 140617, 90975, 103112]",0
2693,TRAIN,ATTACK_RECOVERY,"[89076, 137448, 84781, 148456, 50488, 50493, 1894, 81228, 71020, 131202, 56469, 131523, 125342, 40129, 82947, 42129, 64064, 141147, 19634, 49741]",0
2694,TRAIN,ATTACK_RECOVERY,"[145894, 73690, 94268, 40309, 61739, 97521, 46374, 20118, 139472, 147996, 73613, 24369, 73356, 127578, 78069, 53804, 5033, 72276, 116505, 9062]",0
2695,TRAIN,ATTACK_RECOVERY,"[15593, 10490, 37206, 14763, 79536, 92275, 17808, 46000, 132393, 37975, 101705, 76141, 59317, 127754, 98481, 102923, 53405, 102790, 73919, 89082]",0
2696,TRAIN,ATTACK_RECOVERY,"[47254, 112452, 16072, 60792, 111477, 90944, 147160, 15845, 83834, 137646, 7560, 105708, 92265, 46687, 30466, 127123, 137063, 682, 58607, 83654]",0
2697,TRAIN,ATTACK_RECOVERY,"[69226, 37567, 119921, 132218, 119292, 100276, 14149, 62616, 90256, 86093, 104442, 57946, 82523, 73080, 30511, 101654, 79192, 134803, 124569, 28526]",0
2698,TRAIN,ATTACK_RECOVERY,"[132616, 57453, 55551, 128239, 63786, 91982, 146500, 81254, 115677, 27636, 5125, 136817, 123146, 14104, 79658, 44377, 104266, 90882, 95521, 25886]",0
2699,TRAIN,ATTACK_RECOVERY,"[8058, 137465, 106156, 115693, 13149, 88235, 80958, 127135, 15520, 28684, 74842, 68948, 146169, 46926, 102248, 134552, 124370, 12621, 92851, 6228]",0
2700,TRAIN,ATTACK_RECOVERY,"[14122, 21623, 10387, 105998, 126436, 26636, 119660, 7513, 18980, 14744, 86434, 61110, 40942, 136716, 85320, 63712, 54526, 86058, 115151, 44740]",0
2701,TRAIN,ATTACK_RECOVERY,"[6446, 115346, 144633, 108002, 45098, 117630, 143512, 143387, 72480, 99853, 87757, 17740, 147126, 118271, 10563, 75930, 43352, 96691, 100501, 110086]",0
2702,TRAIN,ATTACK_RECOVERY,"[45127, 145504, 28357, 13758, 118967, 9868, 131904, 139101, 116515, 114521, 104396, 2426, 86342, 61083, 138461, 14911, 29351, 54530, 95222, 90679]",0
2703,TRAIN,ATTACK_RECOVERY,"[110648, 81935, 45537, 9719, 130815, 76201, 121626, 67267, 129811, 138658, 14236, 112945, 9181, 17029, 102452, 30602, 82338, 23765, 146932, 80985]",0
2704,TRAIN,ATTACK_RECOVERY,"[123345, 66458, 64379, 81340, 72392, 136339, 553, 25890, 139867, 107926, 44583, 122231, 50065, 477, 16470, 138614, 53198, 126571, 147279, 9013]",0
2705,TRAIN,ATTACK_RECOVERY,"[13316, 93148, 81755, 10216, 67223, 103647, 29805, 36916, 112428, 15158, 37841, 45132, 15076, 7718, 41582, 22740, 10336, 22640, 50008, 121303]",0
2706,TRAIN,ATTACK_RECOVERY,"[126772, 45392, 1610, 149245, 67503, 104058, 126524, 93850, 19553, 38330, 73450, 16752, 111124, 52626, 123663, 131783, 103779, 62090, 68004, 116204]",0
2707,TRAIN,ATTACK_RECOVERY,"[80389, 58442, 57149, 14091, 119343, 4435, 99893, 28508, 140998, 38092, 144059, 27373, 98162, 143363, 105090, 101237, 42175, 63415, 119229, 142331]",0
2708,TRAIN,ATTACK_RECOVERY,"[9975, 127711, 41600, 90207, 34926, 81431, 28440, 129772, 22797, 71493, 128808, 141909, 140201, 94960, 87502, 139001, 81735, 35185, 139446, 106280]",0
2709,TRAIN,ATTACK_RECOVERY,"[1977, 55633, 132148, 128564, 27486, 99065, 20710, 48897, 108925, 79443, 38672, 77032, 128785, 49688, 4389, 18435, 54461, 60685, 129636, 43470]",0
2710,TRAIN,ATTACK_RECOVERY,"[67510, 119567, 43471, 111641, 94703, 72633, 76701, 69566, 136043, 64588, 87661, 62673, 88286, 135554, 33588, 13896, 149397, 66187, 133530, 33997]",0
2711,TRAIN,ATTACK_RECOVERY,"[86137, 17781, 9082, 56285, 63947, 81872, 5454, 64475, 28852, 84197, 117104, 20492, 111830, 144327, 35822, 17329, 116079, 30615, 34838, 59343]",0
2712,TRAIN,ATTACK_RECOVERY,"[27810, 83784, 63345, 132497, 112282, 99933, 142126, 135491, 82221, 60682, 125558, 2862, 109834, 45296, 54794, 146651, 84739, 99170, 37298, 29029]",0
2713,TRAIN,ATTACK_RECOVERY,"[129874, 120593, 141657, 86956, 114804, 9999, 12431, 23390, 135452, 95902, 145653, 53446, 47754, 71825, 119906, 2936, 29203, 21875, 30255, 103159]",0
2714,TRAIN,ATTACK_RECOVERY,"[84876, 70607, 64554, 53943, 100686, 60167, 130378, 103023, 124821, 124300, 60992, 99493, 102155, 41866, 71963, 3644, 34202, 1078, 137266, 63964]",0
2715,TRAIN,ATTACK_RECOVERY,"[15547, 18253, 16825, 78140, 111362, 3004, 116989, 118852, 7715, 108280, 56687, 112563, 87526, 29081, 55076, 123047, 127303, 134080, 143374, 115568]",0
2716,TRAIN,ATTACK_RECOVERY,"[126267, 109966, 39847, 124839, 43082, 10944, 112152, 2371, 44522, 110099, 110515, 69882, 102911, 94083, 81560, 75398, 60551, 20179, 117279, 110353]",0
2717,TRAIN,ATTACK_RECOVERY,"[145474, 50517, 103151, 95403, 103756, 61801, 42653, 14176, 133943, 58778, 144507, 26683, 149819, 46593, 118181, 142761, 52836, 52824, 130652, 35054]",0
2718,TRAIN,ATTACK_RECOVERY,"[139609, 13554, 99005, 95219, 134136, 70315, 132382, 43395, 98985, 148966, 93743, 127478, 129959, 59257, 117616, 73912, 11441, 28239, 106876, 121381]",0
2719,TRAIN,ATTACK_RECOVERY,"[43771, 73518, 12610, 11075, 7501, 89850, 81746, 60561, 54596, 52382, 61799, 20045, 43567, 134802, 64395, 148133, 74337, 138024, 67660, 52825]",0
2720,TRAIN,ATTACK_RECOVERY,"[1264, 142023, 117557, 92219, 54879, 100047, 75362, 82991, 96378, 13827, 21776, 11017, 38145, 10356, 124967, 62707, 135533, 20884, 89165, 117509]",0
2721,TRAIN,ATTACK_RECOVERY,"[127601, 134108, 74443, 10158, 85766, 12068, 92377, 119582, 128545, 118080, 24345, 133960, 140780, 24146, 119280, 51540, 22047, 28929, 53894, 84190]",0
2722,TRAIN,ATTACK_RECOVERY,"[40828, 129132, 79332, 145638, 48413, 20996, 42271, 125995, 58530, 48908, 102964, 100963, 72218, 81494, 67863, 97383, 19420, 90926, 12677, 45620]",0
2723,TRAIN,ATTACK_RECOVERY,"[145035, 78863, 24326, 140082, 130955, 38562, 109318, 32471, 102165, 3668, 58253, 104241, 121753, 57158, 60401, 109857, 55432, 2052, 90555, 118804]",0
2724,TRAIN,ATTACK_RECOVERY,"[50959, 85456, 54521, 46111, 36317, 69348, 134775, 72204, 139245, 28742, 92607, 53817, 6967, 52410, 97234, 112594, 32174, 65974, 118982, 96035]",0
2725,TRAIN,ATTACK_RECOVERY,"[117462, 87059, 113124, 90040, 14530, 87288, 127024, 66848, 129965, 146292, 77222, 86885, 142024, 11087, 130640, 100167, 19607, 141552, 109848, 82212]",0
2726,TRAIN,ATTACK_RECOVERY,"[123524, 76772, 120786, 128634, 52242, 145466, 103938, 95283, 58509, 34570, 104784, 59066, 112162, 79660, 62650, 91550, 125338, 54586, 107158, 103440]",0
2727,TRAIN,ATTACK_RECOVERY,"[140023, 4677, 116040, 124087, 113683, 50505, 56565, 68514, 40190, 50128, 41593, 53912, 130395, 40590, 35861, 105017, 18914, 131741, 120214, 12747]",0
2728,TRAIN,ATTACK_RECOVERY,"[1765, 45251, 121615, 117356, 84460, 45473, 84840, 131075, 105384, 2259, 95773, 79066, 64153, 17011, 66645, 141266, 14519, 130908, 63913, 19697]",0
2729,TRAIN,ATTACK_RECOVERY,"[145477, 3208, 135922, 118393, 44148, 119264, 33164, 54266, 24479, 133513, 49030, 59958, 35011, 133133, 145688, 59625, 33357, 92546, 88649, 123394]",0
2730,TRAIN,ATTACK_RECOVERY,"[17141, 64953, 142255, 113277, 124550, 4234, 80667, 339, 81191, 95264, 111341, 72297, 105436, 87324, 77250, 38565, 108782, 67170, 139290, 39533]",0
2731,TRAIN,ATTACK_RECOVERY,"[65650, 148213, 22178, 89989, 47999, 135503, 50386, 126735, 34433, 98511, 1869, 80558, 103241, 12862, 61530, 8513, 103063, 73988, 91920, 118971]",0
2732,TRAIN,ATTACK_RECOVERY,"[13966, 52433, 121425, 64730, 28745, 55865, 57517, 12875, 142900, 109410, 41481, 34125, 147876, 72122, 15889, 39162, 2643, 74389, 177, 124788]",0
2733,TRAIN,ATTACK_RECOVERY,"[111091, 21712, 19079, 128925, 86875, 87375, 51391, 31656, 15488, 116174, 144881, 59827, 33297, 42261, 70311, 81016, 74519, 52600, 141946, 141585]",0
2734,TRAIN,ATTACK_RECOVERY,"[46414, 82356, 74462, 116573, 13428, 62162, 75234, 4189, 54868, 115903, 58477, 79776, 33831, 44649, 56320, 93357, 96263, 122460, 118915, 91084]",0
2735,TRAIN,ATTACK_RECOVERY,"[13089, 103639, 52981, 67194, 94902, 66934, 69770, 84258, 77270, 148238, 54797, 75257, 38986, 82529, 81174, 60473, 64984, 112031, 21500, 75507]",0
2736,TRAIN,ATTACK_RECOVERY,"[109119, 59978, 20762, 10813, 17922, 1065, 119988, 28665, 33120, 76206, 39800, 42408, 48249, 101720, 57619, 68143, 42135, 118156, 67787, 67381]",0
2737,TRAIN,ATTACK_RECOVERY,"[105488, 61583, 38229, 49678, 144532, 50337, 119447, 128843, 25322, 28070, 124548, 16374, 144706, 133037, 6251, 110730, 87014, 84255, 108329, 65097]",0
2738,TRAIN,ATTACK_RECOVERY,"[28306, 28693, 76750, 85534, 64096, 7213, 66463, 36482, 3784, 28675, 85423, 3586, 10676, 133309, 14534, 54198, 50836, 141145, 12907, 141069]",0
2739,TRAIN,ATTACK_RECOVERY,"[34324, 138245, 14547, 296, 131705, 91533, 140916, 76653, 144274, 44750, 56305, 63380, 81492, 88986, 87227, 118059, 18360, 20953, 47478, 96806]",0
2740,TRAIN,ATTACK_RECOVERY,"[30887, 133724, 4766, 3107, 66307, 138427, 81542, 109628, 71131, 24153, 133060, 134969, 108436, 54227, 126302, 121, 112706, 147762, 45521, 27632]",0
2741,TRAIN,ATTACK_RECOVERY,"[22278, 101562, 51651, 93276, 135026, 87211, 88115, 38037, 51973, 91733, 56251, 118710, 118889, 50389, 27035, 97475, 79977, 119205, 97611, 5996]",0
2742,TRAIN,ATTACK_RECOVERY,"[126005, 90856, 66962, 128378, 78754, 123534, 95435, 13474, 125363, 100143, 74952, 21136, 12835, 77041, 103323, 42626, 28694, 20504, 100030, 98946]",0
2743,TRAIN,ATTACK_RECOVERY,"[77430, 43846, 124707, 119629, 113945, 145121, 113638, 56252, 60612, 108218, 54401, 101503, 71105, 123709, 19967, 133970, 54719, 53075, 106915, 33693]",0
2744,TRAIN,ATTACK_RECOVERY,"[49630, 20383, 8329, 99461, 22240, 141115, 2963, 24257, 5168, 59575, 15066, 36532, 11640, 105633, 139662, 50188, 66203, 112976, 75014, 30453]",0
2745,TRAIN,ATTACK_RECOVERY,"[36949, 37612, 50138, 5248, 67992, 119278, 4696, 70402, 145123, 81880, 101074, 88346, 11994, 42941, 110514, 126212, 26666, 100781, 50596, 140188]",0
2746,TRAIN,ATTACK_RECOVERY,"[109724, 104243, 59956, 37234, 20379, 33308, 75107, 20245, 135455, 108963, 511, 110502, 61135, 51130, 90806, 84829, 83997, 77998, 124395, 80620]",0
2747,TRAIN,ATTACK_RECOVERY,"[78137, 73411, 12211, 146470, 20684, 41733, 44192, 139690, 100023, 60976, 142065, 93804, 136602, 27850, 39757, 39248, 7416, 131866, 131993, 52186]",0
2748,TRAIN,ATTACK_RECOVERY,"[62347, 39476, 136174, 113833, 132969, 36260, 43115, 130105, 122595, 37216, 61165, 63617, 136015, 62725, 58555, 84399, 21212, 40416, 99423, 32131]",0
2749,TRAIN,ATTACK_RECOVERY,"[115023, 133671, 123477, 20869, 81920, 137701, 45752, 95510, 82879, 102901, 51682, 114762, 29, 99132, 65740, 26179, 113954, 135109, 61552, 138883]",0
2750,TRAIN,ATTACK_RECOVERY,"[103381, 46185, 147197, 36719, 78184, 92142, 84254, 66616, 81001, 141955, 1203, 114849, 63851, 53064, 109807, 6576, 112607, 62677, 59250, 58683]",0
2751,TRAIN,ATTACK_RECOVERY,"[9809, 109949, 93180, 67602, 39535, 31887, 147006, 113093, 22715, 26132, 41375, 2102, 48422, 136964, 35525, 42235, 38436, 73882, 140569, 91333]",0
2752,TRAIN,ATTACK_RECOVERY,"[37439, 145335, 48494, 46544, 95270, 51429, 112916, 44656, 123781, 91426, 113679, 104641, 106613, 116885, 42748, 6041, 61794, 127873, 134082, 88135]",0
2753,TRAIN,ATTACK_RECOVERY,"[80699, 29893, 95252, 73826, 24334, 94496, 135236, 119096, 86029, 64380, 102080, 127258, 44693, 68789, 46502, 12124, 111608, 75936, 59177, 130778]",0
2754,TRAIN,ATTACK_RECOVERY,"[119518, 34210, 45072, 2020, 96175, 45017, 8476, 99940, 11044, 125715, 68308, 129598, 47248, 97986, 100790, 110914, 71478, 108557, 25214, 117625]",0
2755,TRAIN,ATTACK_RECOVERY,"[54384, 69117, 59751, 142599, 125324, 146037, 2276, 74215, 89747, 40795, 121929, 118037, 45948, 59583, 44785, 60676, 146858, 119946, 142558, 126148]",0
2756,TRAIN,ATTACK_RECOVERY,"[50394, 89410, 304, 106070, 106367, 139492, 21268, 121149, 7598, 59113, 28285, 80988, 9185, 11962, 136863, 109136, 72993, 85477, 50945, 79784]",0
2757,TRAIN,ATTACK_RECOVERY,"[69503, 72609, 4878, 60483, 24069, 57063, 130903, 145610, 18190, 130424, 57085, 139885, 1164, 111159, 80019, 72312, 72349, 42516, 66511, 35394]",0
2758,TRAIN,ATTACK_RECOVERY,"[126741, 141142, 131583, 76938, 24983, 119375, 56291, 118138, 72406, 75665, 126721, 115135, 50102, 93559, 31344, 143636, 129604, 36935, 141831, 108057]",0
2759,TRAIN,ATTACK_RECOVERY,"[60759, 28843, 31852, 95746, 72217, 34493, 120488, 62370, 30728, 97440, 130996, 136678, 96251, 86871, 81169, 38688, 54125, 132335, 144766, 93910]",0
2760,TRAIN,ATTACK_RECOVERY,"[103550, 26935, 128580, 121029, 88660, 129947, 108138, 89188, 128871, 113649, 31280, 57658, 124316, 80032, 86396, 1431, 48145, 143861, 7402, 44984]",0
2761,TRAIN,ATTACK_RECOVERY,"[107067, 103613, 25391, 19288, 61728, 39583, 35453, 87953, 137983, 4656, 74418, 112571, 76522, 120608, 98600, 14387, 82142, 104412, 58760, 45090]",0
2762,TRAIN,ATTACK_RECOVERY,"[71383, 27868, 123783, 138884, 25275, 121037, 87965, 38950, 24939, 17793, 12757, 8784, 87149, 16124, 119034, 138834, 120993, 58206, 18129, 4144]",0
2763,TRAIN,ATTACK_RECOVERY,"[34520, 3893, 66104, 29548, 92420, 113879, 22351, 47718, 141992, 68667, 64035, 52294, 34212, 7058, 146643, 40205, 77161, 81773, 40433, 7327]",0
2764,TRAIN,ATTACK_RECOVERY,"[50209, 144710, 149294, 11892, 122084, 43646, 16493, 123027, 145379, 129299, 127979, 104616, 3764, 78296, 135713, 85739, 135530, 135122, 83129, 37753]",0
2765,TRAIN,ATTACK_RECOVERY,"[10421, 147466, 76301, 95443, 37850, 111223, 118334, 85169, 18966, 74600, 132099, 98456, 79794, 65448, 56114, 76824, 41670, 49836, 63364, 131091]",0
2766,TRAIN,ATTACK_RECOVERY,"[62146, 16627, 116242, 128964, 67844, 129713, 148559, 120109, 92995, 74501, 100551, 38946, 141837, 12129, 71827, 84779, 19505, 136260, 45548, 85039]",0
2767,TRAIN,ATTACK_RECOVERY,"[49498, 29157, 123025, 128350, 2579, 61424, 59762, 5634, 3548, 32760, 116104, 36622, 84792, 22945, 139368, 97640, 86560, 20456, 38643, 113768]",0
2768,TRAIN,ATTACK_RECOVERY,"[82064, 49409, 22788, 135998, 39879, 105917, 44384, 37033, 78181, 24852, 79686, 73959, 6431, 144182, 36372, 108381, 35230, 50307, 109818, 80160]",0
2769,TRAIN,ATTACK_RECOVERY,"[125773, 4055, 127764, 140730, 98033, 106265, 135107, 124723, 106120, 103872, 24104, 35457, 9068, 109671, 98239, 42836, 103666, 997, 13066, 104358]",0
2770,TRAIN,ATTACK_RECOVERY,"[75834, 16333, 138564, 132552, 68476, 99033, 57772, 4364, 56132, 121110, 109581, 106800, 38794, 71340, 9643, 52948, 47412, 106609, 21575, 29568]",0
2771,TRAIN,ATTACK_RECOVERY,"[84054, 94561, 32413, 126157, 101642, 105742, 20638, 99016, 46161, 95408, 40255, 74493, 127785, 15690, 41250, 97302, 89239, 141173, 3791, 3453]",0
2772,TRAIN,ATTACK_RECOVERY,"[147134, 106066, 60199, 45913, 88619, 109960, 14739, 146681, 80723, 74571, 106688, 37734, 68701, 40658, 19518, 55963, 102637, 8490, 5265, 42708]",0
2773,TRAIN,ATTACK_RECOVERY,"[27089, 120819, 106393, 8764, 28989, 105511, 103660, 23196, 58992, 40316, 112266, 26245, 58739, 138226, 103075, 130338, 59097, 9633, 46506, 57479]",0
2774,TRAIN,ATTACK_RECOVERY,"[146270, 142505, 35138, 27784, 44835, 45939, 129910, 131376, 144236, 117695, 5319, 95371, 134680, 119513, 59038, 30538, 118673, 106840, 62889, 4092]",0
2775,TRAIN,ATTACK_RECOVERY,"[63887, 14495, 28812, 34093, 25425, 59234, 86942, 39446, 121922, 118512, 62235, 142680, 104118, 77494, 125559, 147676, 60568, 107912, 93807, 13314]",0
2776,TRAIN,ATTACK_RECOVERY,"[147814, 122986, 6340, 79152, 15084, 52918, 16439, 140196, 119954, 98832, 69114, 101849, 95131, 94278, 99624, 140350, 139244, 15515, 122606, 97123]",0
2777,TRAIN,ATTACK_RECOVERY,"[69304, 42946, 131173, 3047, 59532, 101426, 88618, 79837, 36799, 92489, 110118, 51912, 46510, 3550, 119927, 59755, 84616, 92019, 60324, 142117]",0
2778,TRAIN,ATTACK_RECOVERY,"[111610, 18109, 104233, 136524, 79032, 19989, 136915, 18795, 5078, 110400, 129158, 24008, 86445, 126874, 85884, 126575, 141994, 134617, 69150, 127870]",0
2779,TRAIN,ATTACK_RECOVERY,"[64, 18395, 106288, 11645, 126566, 56540, 29113, 86647, 46127, 92234, 104780, 20017, 92027, 139235, 49546, 81740, 86171, 55961, 139859, 59337]",0
2780,TRAIN,ATTACK_RECOVERY,"[110611, 133301, 40102, 56399, 7681, 94540, 87156, 53429, 2654, 121321, 16457, 99644, 37562, 91769, 139512, 118752, 146465, 69141, 100650, 128189]",0
2781,TRAIN,ATTACK_RECOVERY,"[68215, 134800, 120963, 109386, 92817, 88363, 142139, 95931, 80415, 108935, 106134, 18375, 42166, 116038, 77919, 75859, 57403, 27225, 2386, 55461]",0
2782,TRAIN,ATTACK_RECOVERY,"[61941, 105907, 137308, 128874, 29209, 3031, 46543, 22306, 59180, 4636, 145323, 127280, 105700, 119539, 4123, 89735, 62435, 135047, 49616, 60468]",0
2783,TRAIN,ATTACK_RECOVERY,"[122835, 132031, 2375, 149730, 16260, 118831, 149159, 67930, 32992, 4048, 121543, 9233, 73324, 130627, 143913, 110206, 103924, 31635, 123801, 29093]",0
2784,TRAIN,ATTACK_RECOVERY,"[118474, 101861, 92953, 44197, 14166, 35289, 28882, 106098, 107502, 65498, 59326, 52969, 43963, 32735, 24258, 133175, 32382, 115929, 29329, 71940]",0
2785,TRAIN,ATTACK_RECOVERY,"[28290, 104444, 4887, 87985, 66635, 71561, 25451, 119404, 135147, 138456, 145539, 10447, 22809, 105857, 32572, 72717, 73232, 75356, 110580, 144144]",0
2786,TRAIN,ATTACK_RECOVERY,"[90258, 114915, 102133, 105332, 88604, 132888, 14651, 11160, 38084, 32941, 75993, 27946, 95685, 122346, 86959, 79306, 107579, 141364, 77515, 3660]",0
2787,TRAIN,ATTACK_RECOVERY,"[80568, 105214, 10457, 7511, 52360, 22896, 92675, 100605, 65696, 89617, 85362, 143105, 19401, 149841, 44646, 142801, 126116, 79547, 119110, 115735]",0
2788,TRAIN,ATTACK_RECOVERY,"[110257, 126603, 32939, 61948, 135256, 85853, 87835, 76060, 28271, 109295, 46681, 124643, 134296, 28877, 7283, 105510, 102623, 54204, 63397, 68585]",0
2789,TRAIN,ATTACK_RECOVERY,"[46016, 44051, 99871, 3073, 141304, 61484, 134673, 123723, 83942, 42199, 98148, 46, 20298, 24989, 65520, 8245, 98914, 120121, 23539, 139874]",0
2790,TRAIN,ATTACK_RECOVERY,"[133436, 92821, 74959, 149401, 108474, 47470, 45971, 2639, 55666, 17501, 35277, 137449, 101169, 82984, 81641, 20157, 135464, 25117, 82151, 149358]",0
2791,TRAIN,ATTACK_RECOVERY,"[53005, 75882, 117143, 135054, 79982, 102229, 4481, 62468, 93413, 64137, 52816, 25501, 143519, 32190, 78824, 54789, 27708, 28566, 8218, 43475]",0
2792,TRAIN,ATTACK_RECOVERY,"[23726, 105597, 120651, 135806, 43204, 47435, 136319, 75086, 120162, 45934, 120751, 103958, 46699, 58515, 82590, 1674, 139730, 105142, 22462, 13565]",0
2793,TRAIN,ATTACK_RECOVERY,"[119514, 77324, 93222, 113352, 123836, 99791, 116957, 31008, 70162, 30346, 4029, 61994, 141812, 91308, 123621, 79455, 27410, 138115, 74098, 95490]",0
2794,TRAIN,ATTACK_RECOVERY,"[89312, 121495, 5116, 115546, 96545, 52400, 27523, 67078, 136712, 99330, 393, 49096, 81889, 131856, 58660, 119182, 46872, 102243, 143086, 111895]",0
2795,TRAIN,ATTACK_RECOVERY,"[70477, 16183, 31709, 113717, 142375, 86882, 8678, 80444, 15543, 38741, 53569, 32718, 127547, 55612, 94781, 53207, 96852, 82842, 143321, 143144]",0
2796,TRAIN,ATTACK_RECOVERY,"[97333, 21939, 48040, 71750, 134863, 73114, 71019, 80413, 2788, 94154, 132854, 22501, 82268, 105707, 97024, 10021, 83868, 2150, 41998, 6697]",0
2797,TRAIN,ATTACK_RECOVERY,"[77258, 13710, 142432, 20433, 121034, 7581, 140383, 84523, 135861, 49960, 120632, 50126, 107838, 76833, 6771, 31799, 41567, 96696, 24612, 62846]",0
2798,TRAIN,ATTACK_RECOVERY,"[124537, 80678, 44138, 52899, 74097, 126469, 128366, 77568, 55472, 87691, 113281, 110598, 120348, 144231, 40074, 5201, 53340, 45538, 94972, 131331]",0
2799,TRAIN,ATTACK_RECOVERY,"[72248, 73135, 103619, 80883, 40337, 906, 7242, 33128, 92176, 56504, 149335, 114440, 79602, 53352, 19878, 66527, 37365, 85890, 95925, 85584]",0
2800,TRAIN,ATTACK_RECOVERY,"[43463, 88079, 131617, 13292, 143571, 137564, 6855, 114488, 92055, 13090, 89602, 82850, 135196, 41043, 30242, 149700, 121745, 37317, 69650, 105155]",0
2801,TRAIN,ATTACK_RECOVERY,"[19463, 125624, 2919, 38025, 29946, 131127, 149689, 12278, 44076, 10979, 94461, 2085, 143437, 128012, 24310, 12286, 80534, 13010, 67912, 5664]",0
2802,TRAIN,ATTACK_RECOVERY,"[7826, 121554, 65212, 55327, 82360, 6323, 119048, 56450, 90097, 75904, 99887, 34645, 33992, 71085, 44083, 139781, 105181, 35199, 117962, 109783]",0
2803,TRAIN,ATTACK_RECOVERY,"[6519, 134915, 81220, 111393, 117493, 1937, 30156, 113947, 6560, 7510, 117257, 120115, 100471, 22336, 103828, 93394, 144676, 87654, 89275, 138074]",0
2804,TRAIN,ATTACK_RECOVERY,"[49214, 82829, 7458, 68944, 76328, 51886, 99946, 40430, 116605, 123658, 11011, 109575, 131844, 141, 56351, 3855, 100784, 76309, 95137, 123386]",0
2805,TRAIN,ATTACK_RECOVERY,"[103088, 17405, 112429, 102929, 23420, 79857, 91562, 8004, 83350, 142745, 3455, 20966, 69596, 8287, 23842, 130593, 56356, 120668, 39311, 75402]",0
2806,TRAIN,ATTACK_RECOVERY,"[26170, 5773, 127207, 42856, 60440, 30535, 41342, 90992, 84061, 71355, 91010, 107347, 121125, 47755, 125996, 109238, 68059, 138344, 79501, 77621]",0
2807,TRAIN,ATTACK_RECOVERY,"[73650, 38377, 118932, 104490, 28699, 50912, 30133, 10402, 43119, 88068, 77096, 65186, 136317, 91404, 39680, 98803, 79638, 7842, 127428, 105106]",0
2808,TRAIN,ATTACK_RECOVERY,"[107215, 93278, 143802, 64754, 109217, 134502, 50989, 68872, 66921, 73002, 105641, 74574, 130724, 71079, 132269, 43876, 105171, 135148, 56016, 137291]",0
2809,TRAIN,ATTACK_RECOVERY,"[3529, 21813, 90755, 15177, 10568, 22851, 32332, 77961, 93227, 12043, 121238, 148884, 124481, 130764, 7277, 130428, 103400, 76861, 38422, 58162]",0
2810,TRAIN,ATTACK_RECOVERY,"[122879, 97671, 149774, 72563, 91517, 865, 101492, 109022, 126096, 137654, 110915, 82791, 84315, 130760, 80914, 13768, 83101, 11207, 116913, 90497]",0
2811,TRAIN,ATTACK_RECOVERY,"[38220, 39552, 133253, 17175, 107495, 136766, 102855, 90724, 48021, 49599, 50479, 40249, 119330, 51734, 59757, 55522, 75363, 59941, 139535, 136804]",0
2812,TRAIN,ATTACK_RECOVERY,"[30579, 79759, 32757, 5542, 10465, 9892, 67039, 41413, 67878, 12633, 95275, 50741, 71936, 108870, 82554, 140199, 10025, 5519, 140783, 21010]",0
2813,TRAIN,ATTACK_RECOVERY,"[10862, 138652, 123495, 72490, 23768, 143539, 76932, 113129, 53070, 111082, 54031, 135957, 74636, 18308, 94926, 65007, 124831, 11597, 32531, 139059]",0
2814,TRAIN,ATTACK_RECOVERY,"[86923, 88221, 10473, 94560, 50532, 112306, 114221, 18087, 127121, 73339, 128263, 20794, 130001, 143489, 143602, 105953, 46448, 88344, 64532, 61091]",0
2815,TRAIN,ATTACK_RECOVERY,"[139522, 53679, 143116, 125900, 141787, 119811, 32362, 51488, 124359, 35418, 62951, 40056, 21663, 105419, 133324, 69053, 113839, 97708, 114451, 67350]",0
2816,TRAIN,ATTACK_RECOVERY,"[144870, 85481, 39677, 68210, 69245, 36144, 66339, 53963, 16715, 82018, 125422, 30722, 17190, 96349, 44327, 50849, 42464, 33698, 38002, 125918]",0
2817,TRAIN,ATTACK_RECOVERY,"[97705, 60153, 144024, 54267, 52927, 51690, 21031, 71159, 139454, 9334, 67356, 136578, 16860, 148303, 68745, 47139, 128507, 122105, 24941, 45168]",0
2818,TRAIN,ATTACK_RECOVERY,"[13955, 62119, 67045, 91989, 147574, 25029, 80474, 127491, 122488, 58567, 110527, 146299, 115198, 145391, 103321, 83808, 15439, 74947, 134790, 105145]",0
2819,TRAIN,ATTACK_RECOVERY,"[94956, 101788, 107800, 64662, 23603, 54771, 141781, 104883, 92686, 43290, 103905, 89614, 145126, 113044, 41039, 4197, 45625, 15179, 70353, 67638]",0
2820,TRAIN,ATTACK_RECOVERY,"[91429, 119151, 30006, 26701, 132975, 23029, 66630, 54474, 16614, 25160, 9101, 133805, 45243, 105325, 144672, 35706, 51859, 127714, 32095, 143104]",0
2821,TRAIN,ATTACK_RECOVERY,"[23473, 148581, 41689, 145248, 57513, 139729, 55493, 110738, 53731, 89894, 119285, 114052, 58797, 141306, 75952, 122872, 79676, 3787, 73729, 63479]",0
2822,TRAIN,ATTACK_RECOVERY,"[117750, 47124, 77573, 68796, 91049, 40586, 80611, 65577, 70765, 42311, 90228, 64354, 124713, 108774, 45747, 11628, 101365, 133144, 50294, 67962]",0
2823,TRAIN,ATTACK_RECOVERY,"[41807, 105888, 63393, 80960, 51896, 51331, 3932, 71606, 223, 107208, 16908, 23252, 92718, 102129, 121776, 46318, 12100, 146001, 15708, 96146]",0
2824,TRAIN,ATTACK_RECOVERY,"[34333, 9246, 27469, 60785, 18896, 28213, 74088, 55053, 89515, 89184, 84503, 111470, 115859, 15558, 87485, 132534, 141257, 100964, 76898, 85588]",0
2825,TRAIN,ATTACK_RECOVERY,"[17728, 58106, 70904, 81705, 117671, 149693, 141848, 9195, 5330, 30896, 125608, 130394, 71857, 61345, 38107, 130150, 138303, 13903, 59012, 89209]",0
2826,TRAIN,ATTACK_RECOVERY,"[75801, 125424, 73086, 5638, 91425, 47943, 8905, 17739, 71130, 114202, 134652, 101079, 144702, 49933, 37824, 102564, 37051, 24885, 120546, 45478]",0
2827,TRAIN,ATTACK_RECOVERY,"[2999, 107858, 60848, 13542, 217, 94070, 18815, 85649, 32057, 69529, 38596, 126661, 147211, 76406, 2872, 81240, 72712, 112416, 89171, 70362]",0
2828,TRAIN,ATTACK_RECOVERY,"[133114, 129191, 58757, 29635, 88892, 68542, 37985, 130233, 129489, 149426, 116263, 145042, 36714, 51324, 38418, 146108, 67345, 81134, 22735, 46720]",0
2829,TRAIN,ATTACK_RECOVERY,"[97124, 145888, 138, 120233, 79009, 94670, 12987, 13954, 115373, 125357, 1956, 91438, 44802, 22378, 147806, 139389, 87369, 145296, 8496, 35555]",0
2830,TRAIN,ATTACK_RECOVERY,"[121433, 142297, 51804, 73720, 40826, 76919, 89423, 52919, 127945, 105387, 137289, 101329, 43209, 7604, 10668, 100590, 53463, 96005, 81939, 26126]",0
2831,TRAIN,ATTACK_RECOVERY,"[100171, 47740, 72489, 146586, 98387, 738, 4401, 49174, 111133, 30989, 30573, 88200, 148723, 60935, 61076, 40258, 43271, 36252, 6497, 103853]",0
2832,TRAIN,ATTACK_RECOVERY,"[82457, 149462, 70026, 2877, 33639, 103503, 105127, 86433, 149477, 120977, 90452, 63164, 83714, 141394, 39325, 126042, 58968, 9428, 89837, 3070]",0
2833,TRAIN,ATTACK_RECOVERY,"[137413, 139916, 118784, 2028, 130420, 17878, 26404, 49321, 31871, 28673, 23224, 61196, 38683, 127285, 29289, 16937, 31271, 19191, 105356, 38177]",0
2834,TRAIN,ATTACK_RECOVERY,"[124299, 107553, 119370, 80210, 49130, 124736, 42928, 107500, 61043, 88078, 119766, 30324, 136860, 21220, 32777, 141957, 137956, 92904, 80818, 18712]",0
2835,TRAIN,ATTACK_RECOVERY,"[64528, 7225, 112726, 118493, 68093, 75719, 39590, 66136, 105131, 33990, 23220, 104881, 94782, 146430, 100378, 73716, 19312, 61901, 91050, 18781]",0
2836,TRAIN,ATTACK_RECOVERY,"[54062, 41853, 68806, 94783, 87399, 33283, 28063, 74030, 9218, 79284, 34768, 42327, 7124, 130480, 54396, 19887, 71483, 106456, 43774, 101281]",0
2837,TRAIN,ATTACK_RECOVERY,"[14155, 73262, 116090, 92257, 106836, 93265, 111453, 90381, 126192, 9747, 41720, 4882, 91389, 76142, 33294, 144006, 82459, 86540, 30884, 13124]",0
2838,TRAIN,ATTACK_RECOVERY,"[8352, 95723, 119103, 81075, 57340, 49149, 24772, 437, 70381, 46590, 131901, 88674, 115018, 91277, 47137, 81616, 48220, 87163, 16819, 113865]",0
2839,TRAIN,ATTACK_RECOVERY,"[20946, 21653, 99200, 131061, 10864, 121830, 44085, 99489, 146296, 74939, 76723, 71087, 137411, 128757, 118413, 64205, 25416, 60441, 94689, 86671]",0
2840,TRAIN,ATTACK_RECOVERY,"[129833, 66716, 120628, 17285, 39678, 4011, 27875, 121865, 26198, 40488, 65216, 37446, 8461, 52403, 102569, 18082, 136572, 76538, 27561, 120876]",0
2841,TRAIN,ATTACK_RECOVERY,"[103707, 98203, 45255, 13927, 114926, 146081, 60766, 111167, 91961, 83162, 26858, 74808, 27609, 145407, 134877, 66838, 123805, 38357, 139524, 85520]",0
2842,TRAIN,ATTACK_RECOVERY,"[43594, 1343, 99290, 5297, 70654, 38022, 38898, 73054, 118601, 6051, 35566, 34288, 15450, 52099, 43668, 123991, 49629, 113372, 49897, 23322]",0
2843,TRAIN,ATTACK_RECOVERY,"[62646, 88240, 131837, 115031, 83017, 89005, 98345, 140241, 118974, 102570, 120096, 92115, 50994, 34204, 73588, 143815, 2650, 76132, 21600, 69992]",0
2844,TRAIN,ATTACK_RECOVERY,"[3449, 36106, 38664, 98533, 84452, 5963, 60277, 41741, 134752, 31116, 108338, 56698, 115716, 46775, 30215, 141563, 136101, 115398, 4840, 133889]",0
2845,TRAIN,ATTACK_RECOVERY,"[19397, 44356, 46070, 46877, 104300, 100386, 106186, 40207, 76687, 137366, 122576, 31459, 29322, 44851, 93392, 110892, 87570, 88591, 118209, 28215]",0
2846,TRAIN,ATTACK_RECOVERY,"[90980, 123194, 98228, 69567, 96009, 46831, 103287, 106924, 22614, 139664, 132372, 132013, 77475, 117368, 48365, 16464, 131439, 51783, 141564, 46559]",0
2847,TRAIN,ATTACK_RECOVERY,"[122920, 57039, 9203, 61511, 54997, 71900, 142424, 124269, 20935, 59695, 71870, 89847, 37475, 99740, 41886, 60552, 137061, 108926, 90533, 46792]",0
2848,TRAIN,ATTACK_RECOVERY,"[72059, 58953, 791, 19724, 145542, 199, 144361, 29304, 37343, 18243, 102716, 78531, 132257, 99684, 84891, 57743, 89964, 40218, 107155, 14619]",0
2849,TRAIN,ATTACK_RECOVERY,"[14535, 72923, 114145, 77176, 114703, 143368, 88361, 121304, 68663, 142053, 117497, 89238, 48331, 63810, 31530, 48204, 55641, 46688, 32384, 62019]",0
2850,TRAIN,ATTACK_RECOVERY,"[125662, 126899, 14477, 61731, 38536, 117838, 66019, 118311, 18260, 125799, 57920, 18853, 143231, 7920, 31140, 30277, 91881, 27595, 125492, 68769]",0
2851,TRAIN,ATTACK_RECOVERY,"[141546, 134492, 144181, 11685, 2470, 128662, 118657, 6520, 141663, 63607, 145864, 33726, 93630, 107636, 72075, 109014, 117403, 100936, 64970, 20405]",0
2852,TRAIN,ATTACK_RECOVERY,"[90790, 132006, 145210, 113994, 84828, 16217, 90839, 128196, 21651, 119299, 44355, 80845, 73113, 81568, 143948, 104287, 104587, 8812, 93772, 16472]",0
2853,TRAIN,ATTACK_RECOVERY,"[37604, 146262, 131825, 71322, 127483, 19180, 71104, 99337, 51939, 131823, 52279, 37302, 134033, 43544, 128926, 148481, 59179, 41254, 93619, 105499]",0
2854,TRAIN,ATTACK_RECOVERY,"[55818, 149363, 69490, 61437, 30196, 36170, 6741, 12384, 121360, 149114, 29541, 4813, 142226, 76633, 21701, 127500, 93021, 131340, 35098, 93044]",0
2855,TRAIN,ATTACK_RECOVERY,"[32289, 7779, 5131, 73737, 80363, 99180, 105908, 35116, 79151, 51468, 127219, 141698, 64426, 96833, 119747, 15494, 48926, 80670, 103249, 97595]",0
2856,TRAIN,ATTACK_RECOVERY,"[115249, 149845, 129663, 63999, 114286, 57773, 58716, 82139, 96615, 75672, 14278, 48396, 8259, 7268, 91329, 134179, 105547, 74075, 8503, 84033]",0
2857,TRAIN,ATTACK_RECOVERY,"[6983, 130505, 29897, 85727, 38329, 33171, 103935, 38911, 126087, 118749, 103445, 132863, 144992, 28265, 64595, 88927, 15269, 94646, 30110, 55704]",0
2858,TRAIN,ATTACK_RECOVERY,"[62689, 69902, 146248, 46316, 149682, 147793, 117249, 127001, 124003, 134048, 33368, 101713, 111602, 8700, 25619, 2952, 55778, 32693, 4793, 75330]",0
2859,TRAIN,ATTACK_RECOVERY,"[22964, 38835, 47826, 119730, 72434, 32296, 104911, 38152, 60006, 96956, 15425, 63215, 32435, 37268, 47221, 124463, 122047, 13376, 33966, 108799]",0
2860,TRAIN,ATTACK_RECOVERY,"[132632, 67924, 122780, 81936, 96113, 28596, 111304, 4046, 121547, 125057, 57176, 136615, 115403, 68920, 122482, 39571, 13797, 98119, 120439, 26320]",0
2861,TRAIN,ATTACK_RECOVERY,"[131056, 59217, 128604, 44615, 117864, 116607, 74954, 41651, 48180, 50743, 140903, 1874, 43608, 8275, 25685, 72648, 34492, 50598, 111080, 89392]",0
2862,TRAIN,ATTACK_RECOVERY,"[117510, 100218, 76935, 14557, 133996, 149464, 102281, 122447, 117919, 95142, 19963, 1367, 76078, 148460, 146085, 144343, 126960, 106236, 109830, 113838]",0
2863,TRAIN,ATTACK_RECOVERY,"[138659, 92212, 8111, 9835, 49872, 142167, 18614, 82663, 91575, 99117, 88190, 21493, 39650, 91668, 802, 14072, 69028, 116614, 125680, 29532]",0
2864,TRAIN,ATTACK_RECOVERY,"[57379, 117093, 10427, 7689, 73005, 11547, 46851, 15509, 118211, 133674, 42498, 43231, 64591, 34208, 141339, 80632, 98800, 119111, 47492, 24565]",0
2865,TRAIN,ATTACK_RECOVERY,"[125359, 13828, 95293, 93365, 89433, 69568, 90990, 42420, 63154, 27648, 62637, 119859, 61854, 107715, 103682, 90574, 34478, 123735, 129250, 106253]",0
2866,TRAIN,ATTACK_RECOVERY,"[14790, 112072, 69495, 90217, 49681, 46672, 13038, 47175, 75138, 65444, 24077, 141448, 98051, 100708, 5810, 94077, 136469, 10889, 57272, 44357]",0
2867,TRAIN,ATTACK_RECOVERY,"[2374, 132296, 121254, 40513, 20322, 39803, 147667, 36084, 62039, 84291, 144060, 75997, 3466, 90836, 17131, 103715, 34972, 40351, 41163, 105416]",0
2868,TRAIN,ATTACK_RECOVERY,"[41107, 136942, 117, 38304, 58768, 75054, 1615, 70507, 77886, 30580, 53353, 49106, 125803, 121481, 102669, 90174, 121206, 103937, 149550, 99487]",0
2869,TRAIN,ATTACK_RECOVERY,"[74596, 114350, 65090, 28814, 63304, 70414, 60294, 30377, 135646, 87015, 72747, 125533, 129816, 16599, 104734, 105557, 16580, 142610, 131576, 84132]",0
2870,TRAIN,ATTACK_RECOVERY,"[74394, 90443, 103142, 116955, 35574, 149742, 71446, 135537, 23071, 39944, 54010, 81157, 80884, 146817, 109413, 110146, 134463, 72192, 4109, 9718]",0
2871,TRAIN,ATTACK_RECOVERY,"[124306, 40022, 135744, 64002, 12007, 124205, 133855, 145949, 105999, 142203, 43398, 17753, 34613, 14805, 89270, 21899, 139373, 47562, 61469, 128595]",0
2872,TRAIN,ATTACK_RECOVERY,"[69782, 121609, 128832, 24085, 35980, 84395, 90253, 126978, 16620, 51250, 40261, 82890, 124715, 117468, 94622, 3614, 73827, 125525, 98559, 142749]",0
2873,TRAIN,ATTACK_RECOVERY,"[26241, 20397, 3597, 72201, 69550, 7043, 54081, 114642, 148090, 42664, 91707, 111928, 6949, 3307, 64061, 15152, 141785, 68109, 17293, 108738]",0
2874,TRAIN,ATTACK_RECOVERY,"[49845, 74474, 111122, 55067, 115590, 71289, 85530, 7169, 46979, 119686, 20474, 30065, 86947, 26567, 49435, 67537, 106738, 76310, 91695, 139125]",0
2875,TRAIN,ATTACK_RECOVERY,"[120937, 92447, 61522, 42641, 28326, 60315, 93859, 107637, 39727, 69851, 84888, 87954, 49823, 38471, 10508, 14140, 41009, 136921, 107401, 135573]",0
2876,TRAIN,ATTACK_RECOVERY,"[54699, 68027, 80128, 103141, 56781, 44567, 109513, 101162, 82600, 113415, 93926, 88833, 1945, 147505, 10220, 40981, 13573, 46197, 147828, 126981]",0
2877,TRAIN,ATTACK_RECOVERY,"[105549, 41406, 79586, 97616, 123187, 75071, 123551, 75645, 85859, 142213, 112400, 111433, 42558, 40152, 85152, 134114, 92512, 76215, 64149, 94359]",0
2878,TRAIN,ATTACK_RECOVERY,"[97978, 101584, 118668, 123105, 19768, 12506, 47596, 76232, 72134, 58469, 87387, 17520, 82608, 76707, 18351, 91085, 42141, 56890, 35718, 11690]",0
2879,TRAIN,ATTACK_RECOVERY,"[64244, 24183, 24098, 75043, 91351, 86300, 49535, 12657, 10992, 41963, 30818, 5469, 127430, 120612, 25301, 102194, 14615, 35608, 35787, 142674]",0
2880,TRAIN,ATTACK_RECOVERY,"[65801, 50256, 12602, 71563, 20431, 94959, 86964, 114822, 129116, 115816, 55954, 76168, 94615, 141975, 140191, 10541, 94574, 137766, 71648, 49027]",0
2881,TRAIN,ATTACK_RECOVERY,"[105259, 112936, 149380, 92307, 56929, 35186, 43915, 139961, 139905, 14584, 52574, 138425, 137095, 31258, 95111, 50080, 94505, 63565, 7456, 64972]",0
2882,TRAIN,ATTACK_RECOVERY,"[65209, 64074, 129494, 41485, 6993, 3156, 77141, 107697, 28833, 86761, 59977, 16095, 146805, 103515, 119304, 127132, 72704, 26880, 135755, 15068]",0
2883,TRAIN,ATTACK_RECOVERY,"[138872, 77967, 69426, 116478, 2251, 54228, 52324, 86394, 30221, 78984, 4613, 13815, 77602, 123772, 139921, 113346, 9020, 29601, 94067, 100582]",0
2884,TRAIN,ATTACK_RECOVERY,"[79058, 98999, 7308, 135304, 83882, 34240, 141890, 133634, 132993, 90655, 88278, 50871, 140125, 91744, 66732, 145001, 61868, 27647, 7258, 35844]",0
2885,TRAIN,ATTACK_RECOVERY,"[21156, 7265, 21114, 137043, 126936, 44865, 131201, 146777, 133285, 43372, 119134, 71696, 81395, 117059, 48509, 26759, 15970, 140421, 36683, 102835]",0
2886,TRAIN,ATTACK_RECOVERY,"[112510, 62740, 9951, 18119, 3166, 134116, 12208, 20193, 105117, 61873, 50100, 6324, 52595, 18217, 27893, 141835, 52603, 58016, 148117, 88280]",0
2887,TRAIN,ATTACK_RECOVERY,"[42331, 84596, 113432, 48506, 50240, 124731, 9584, 56065, 80761, 67257, 36073, 109752, 131882, 124121, 147576, 49245, 67403, 110386, 73773, 113958]",0
2888,TRAIN,ATTACK_RECOVERY,"[33333, 110552, 21081, 122896, 53571, 147719, 97524, 38985, 67559, 149496, 88516, 127377, 77485, 140507, 143531, 71464, 46246, 74988, 34250, 17337]",0
2889,TRAIN,ATTACK_RECOVERY,"[34563, 107792, 19753, 77749, 34736, 1798, 121997, 62010, 148425, 122177, 49969, 36960, 137751, 112913, 110637, 60194, 75726, 34020, 92771, 19614]",0
2890,TRAIN,ATTACK_RECOVERY,"[62065, 83442, 110245, 27818, 73205, 60953, 10426, 138192, 67544, 95300, 87824, 53116, 15528, 9677, 20320, 148370, 16136, 3664, 127664, 106837]",0
2891,TRAIN,ATTACK_RECOVERY,"[41476, 90918, 7286, 92967, 141095, 46088, 96602, 127661, 60118, 100475, 72209, 149193, 33143, 30444, 81565, 137285, 106410, 72353, 69272, 54462]",0
2892,TRAIN,ATTACK_RECOVERY,"[47839, 144967, 111441, 86715, 39904, 89339, 90235, 126814, 147040, 90471, 106268, 89564, 111877, 23602, 59459, 121527, 65661, 69003, 90317, 117034]",0
2893,TRAIN,ATTACK_RECOVERY,"[27422, 89945, 148365, 108341, 108149, 141246, 4436, 73844, 114241, 53172, 27068, 100396, 111257, 147143, 137113, 64114, 75989, 42364, 68489, 75065]",0
2894,TRAIN,ATTACK_RECOVERY,"[104021, 98224, 46010, 129202, 19069, 109630, 127917, 28190, 53403, 26971, 31995, 121514, 127058, 33647, 77724, 68263, 134282, 8590, 75122, 6659]",0
2895,TRAIN,ATTACK_RECOVERY,"[101884, 91828, 108499, 14101, 86553, 146445, 78470, 122742, 120368, 13790, 88036, 71262, 56130, 16912, 132899, 9122, 135177, 88468, 63176, 22319]",0
2896,TRAIN,ATTACK_RECOVERY,"[12988, 133775, 16254, 45266, 66006, 33273, 66557, 91536, 46992, 79218, 102584, 72807, 146018, 76622, 131935, 95794, 115751, 81363, 101018, 82040]",0
2897,TRAIN,ATTACK_RECOVERY,"[76226, 23804, 45499, 31911, 106315, 100162, 13393, 34940, 101490, 72219, 7387, 66606, 30908, 92358, 7769, 112174, 92616, 90135, 56614, 4963]",0
2898,TRAIN,ATTACK_RECOVERY,"[119248, 102416, 77059, 43242, 66332, 88005, 6829, 34866, 89310, 21244, 1174, 42512, 127471, 138848, 2741, 100895, 83932, 87974, 745, 53553]",0
2899,TRAIN,ATTACK_RECOVERY,"[84171, 48507, 63975, 57446, 40839, 14417, 9624, 16107, 109578, 73069, 69122, 11889, 143966, 43609, 10501, 104274, 14765, 29419, 54986, 69994]",0
2900,TRAIN,ATTACK_RECOVERY,"[96281, 108355, 44764, 96508, 135734, 120104, 100993, 96307, 48852, 120950, 58183, 104997, 4817, 47136, 44714, 116770, 126320, 59604, 41331, 72314]",0
2901,TRAIN,ATTACK_RECOVERY,"[108643, 80442, 102053, 69954, 18644, 127660, 116173, 4506, 19818, 47356, 103981, 46705, 141856, 126277, 22174, 18340, 1123, 119245, 46159, 56624]",0
2902,TRAIN,ATTACK_RECOVERY,"[75218, 110900, 138450, 135272, 18171, 14108, 84271, 4565, 118583, 82826, 29393, 88376, 114225, 61979, 123291, 116133, 139803, 5987, 90892, 8336]",0
2903,TRAIN,ATTACK_RECOVERY,"[133818, 17305, 82652, 29355, 42530, 58593, 136632, 65725, 82020, 126338, 128922, 48534, 33019, 145125, 134642, 42282, 117935, 89317, 19179, 3361]",0
2904,TRAIN,ATTACK_RECOVERY,"[134192, 145851, 116963, 112556, 97244, 77924, 213, 90765, 146380, 66142, 126894, 130147, 77906, 87805, 138332, 141416, 26994, 54634, 16416, 19102]",0
2905,TRAIN,ATTACK_RECOVERY,"[72729, 126926, 43343, 105233, 132821, 6034, 98104, 108682, 78588, 113513, 42482, 1882, 19035, 106041, 70368, 61042, 80030, 40939, 34371, 18236]",0
2906,TRAIN,ATTACK_RECOVERY,"[42268, 63549, 134997, 108603, 49898, 121060, 70056, 30440, 96664, 140824, 94875, 15038, 135899, 9573, 4582, 80637, 93982, 111551, 121350, 17227]",0
2907,TRAIN,ATTACK_RECOVERY,"[138790, 92504, 58119, 126929, 122968, 20703, 39301, 105059, 104248, 64788, 57935, 2327, 63618, 1487, 30357, 57250, 12935, 55920, 70834, 115928]",0
2908,TRAIN,ATTACK_RECOVERY,"[117843, 113995, 29072, 27624, 145807, 24027, 109034, 75605, 49200, 62851, 132407, 98049, 92978, 93085, 47171, 119588, 115587, 3645, 37050, 13737]",0
2909,TRAIN,ATTACK_RECOVERY,"[108583, 116289, 29509, 124287, 92452, 128329, 70813, 128626, 93701, 11985, 124684, 59915, 11521, 68171, 109714, 20619, 128631, 59894, 80077, 83936]",0
2910,TRAIN,ATTACK_RECOVERY,"[32612, 127046, 71274, 18822, 10912, 31131, 48453, 109650, 83837, 130072, 145330, 88840, 140281, 112778, 14942, 55387, 11783, 117103, 57616, 96530]",0
2911,TRAIN,ATTACK_RECOVERY,"[125243, 206, 17690, 85508, 102653, 19269, 84052, 141586, 31052, 113286, 75812, 43107, 22167, 101235, 67726, 141160, 87054, 29476, 90986, 24895]",0
2912,TRAIN,ATTACK_RECOVERY,"[80011, 41467, 131105, 50123, 125922, 114842, 143789, 91823, 7339, 117585, 35786, 25750, 30334, 29567, 46509, 48785, 72032, 130191, 133964, 98140]",0
2913,TRAIN,ATTACK_RECOVERY,"[95357, 9301, 56810, 36900, 39832, 112846, 22839, 138855, 127330, 48800, 97592, 81512, 100584, 89050, 53210, 49255, 118894, 78788, 11754, 107182]",0
2914,TRAIN,ATTACK_RECOVERY,"[116412, 115543, 118604, 119990, 124937, 90233, 92039, 89106, 95845, 134612, 34874, 118836, 111232, 68213, 47428, 23153, 123052, 77539, 92610, 149177]",0
2915,TRAIN,ATTACK_RECOVERY,"[63390, 134693, 135773, 112545, 123066, 65019, 138531, 100351, 135511, 119598, 73699, 80695, 100800, 4383, 68556, 94961, 22596, 100885, 57650, 130635]",0
2916,TRAIN,ATTACK_RECOVERY,"[43038, 7710, 17208, 68619, 109087, 39829, 30667, 104368, 148404, 39530, 93380, 3053, 30186, 56342, 19829, 9361, 119356, 81116, 60897, 64261]",0
2917,TRAIN,ATTACK_RECOVERY,"[88285, 86845, 6658, 22398, 128022, 68607, 2840, 43905, 99536, 20282, 24642, 96593, 117916, 49462, 104467, 42866, 140351, 39900, 34217, 40004]",0
2918,TRAIN,ATTACK_RECOVERY,"[17987, 97880, 7535, 18429, 22843, 128520, 14916, 90054, 21394, 126916, 24766, 94121, 81847, 100928, 48659, 124051, 18127, 62758, 33854, 65416]",0
2919,TRAIN,ATTACK_RECOVERY,"[46255, 28488, 79170, 138330, 90546, 103542, 46059, 64412, 61011, 7398, 137144, 56519, 91092, 36411, 69058, 201, 42564, 17481, 86490, 102285]",0
2920,TRAIN,ATTACK_RECOVERY,"[56958, 41006, 99907, 103314, 107442, 762, 68522, 90828, 135339, 63720, 11654, 11923, 91931, 28489, 113383, 143039, 127269, 134961, 83368, 40572]",0
2921,TRAIN,ATTACK_RECOVERY,"[16523, 36473, 149083, 64297, 39393, 129308, 7985, 25670, 68615, 148774, 80879, 147843, 32378, 9267, 23567, 22886, 88176, 19173, 141589, 99125]",0
2922,TRAIN,ATTACK_RECOVERY,"[62012, 28159, 59104, 84528, 125786, 20188, 86492, 21646, 106614, 5052, 138384, 146208, 96271, 36196, 97768, 92316, 41925, 55120, 78242, 101660]",0
2923,TRAIN,ATTACK_RECOVERY,"[70452, 144381, 125917, 127383, 83074, 79582, 106422, 17002, 46156, 91456, 15714, 119621, 139297, 96794, 111246, 16716, 21604, 79381, 145752, 134356]",0
2924,TRAIN,ATTACK_RECOVERY,"[65559, 135793, 129844, 124101, 21782, 92484, 3573, 139280, 104823, 6981, 110336, 13076, 95951, 102025, 88295, 21610, 101743, 53798, 47689, 97655]",0
2925,TRAIN,ATTACK_RECOVERY,"[13689, 52221, 133119, 26253, 86650, 15907, 85637, 64798, 82436, 97675, 14811, 7003, 98129, 46071, 65457, 95305, 80048, 40066, 87620, 17439]",0
2926,TRAIN,ATTACK_RECOVERY,"[30183, 55548, 8294, 122965, 70545, 82895, 77316, 12660, 79940, 86097, 53709, 110052, 8095, 107471, 13462, 63267, 104421, 138830, 149603, 47043]",0
2927,TRAIN,ATTACK_RECOVERY,"[24179, 100166, 22688, 37071, 107319, 84756, 136172, 134053, 18371, 70210, 56558, 30495, 44878, 17984, 40943, 46391, 86564, 110055, 122598, 121876]",0
2928,TRAIN,ATTACK_RECOVERY,"[61361, 126767, 31984, 69721, 69109, 96938, 87172, 43012, 44667, 87590, 37815, 80939, 139038, 34818, 79956, 14374, 103033, 84980, 133896, 106450]",0
2929,TRAIN,ATTACK_RECOVERY,"[105951, 76447, 83758, 115702, 48030, 129619, 37933, 26716, 98607, 122628, 49100, 42874, 114478, 20837, 2733, 44977, 63222, 27147, 27447, 11894]",0
2930,TRAIN,ATTACK_RECOVERY,"[37917, 146486, 1110, 9575, 113521, 48805, 713, 99251, 97779, 43415, 12027, 30809, 49079, 5031, 86936, 84057, 146072, 136744, 84367, 134880]",0
2931,TRAIN,ATTACK_RECOVERY,"[147923, 47242, 47757, 30019, 51649, 115083, 88289, 14796, 71174, 62579, 147769, 123666, 109557, 118299, 32668, 148411, 12974, 109387, 140242, 44833]",0
2932,TRAIN,ATTACK_RECOVERY,"[44316, 55578, 123478, 59770, 146585, 5926, 61184, 122136, 74528, 135837, 131509, 57141, 51788, 54692, 76621, 118035, 137229, 85175, 31136, 107942]",0
2933,TRAIN,ATTACK_RECOVERY,"[100830, 79334, 94377, 140551, 84154, 3089, 147027, 59794, 695, 93901, 62924, 32217, 58935, 17423, 111208, 81277, 143751, 31756, 3620, 104177]",0
2934,TRAIN,ATTACK_RECOVERY,"[60394, 67797, 97601, 9598, 37902, 31624, 74556, 144691, 130385, 48474, 130182, 97462, 139648, 98194, 7350, 78431, 82330, 84397, 12423, 121168]",0
2935,TRAIN,ATTACK_RECOVERY,"[92600, 143753, 42178, 8277, 85518, 143741, 27255, 90860, 73631, 61983, 15428, 99788, 116142, 31448, 142972, 26419, 61142, 145664, 507, 78328]",0
2936,TRAIN,ATTACK_RECOVERY,"[115884, 91597, 144377, 11566, 57202, 24716, 109000, 137415, 120997, 63117, 139722, 82954, 84785, 52080, 91797, 149403, 114408, 3017, 95887, 38466]",0
2937,TRAIN,ATTACK_RECOVERY,"[42615, 108204, 88680, 57475, 105312, 126052, 56122, 128419, 104161, 27120, 5045, 17875, 99845, 144894, 107134, 67210, 2146, 73736, 90245, 75655]",0
2938,TRAIN,ATTACK_RECOVERY,"[98713, 101322, 21105, 903, 18084, 28550, 60305, 25147, 130617, 59822, 26999, 55990, 77531, 131416, 36614, 54348, 55349, 126630, 62445, 62357]",0
2939,TRAIN,ATTACK_RECOVERY,"[83143, 92124, 110462, 115318, 52712, 112662, 138529, 30309, 149541, 92305, 44867, 87763, 129197, 46215, 115409, 136019, 34629, 138653, 111003, 92070]",0
2940,TRAIN,ATTACK_RECOVERY,"[80500, 26595, 112864, 24659, 138471, 19163, 106162, 94577, 49589, 145942, 148402, 50572, 55180, 142456, 79327, 132215, 2924, 75500, 59667, 40503]",0
2941,TRAIN,ATTACK_RECOVERY,"[80617, 102432, 87495, 148351, 34734, 108920, 98464, 98342, 51103, 46162, 105779, 66971, 120566, 104652, 97133, 41400, 59940, 82325, 109274, 149069]",0
2942,TRAIN,ATTACK_RECOVERY,"[475, 45437, 7795, 114103, 21397, 109104, 14308, 109478, 26849, 82718, 65906, 122848, 63313, 122246, 49909, 100040, 81007, 101236, 120249, 59888]",0
2943,TRAIN,ATTACK_RECOVERY,"[148027, 37119, 75971, 139422, 117045, 144776, 68897, 131595, 98213, 102860, 4312, 86260, 130207, 16692, 18303, 72731, 39846, 26925, 115370, 87904]",0
2944,TRAIN,ATTACK_RECOVERY,"[21845, 19587, 71708, 89509, 119183, 49458, 133808, 14933, 48631, 3775, 104525, 1503, 67996, 113693, 142579, 90096, 27618, 44086, 100929, 125501]",0
2945,TRAIN,ATTACK_RECOVERY,"[79834, 82496, 107255, 63219, 114588, 108384, 62488, 140067, 114980, 118443, 90085, 99742, 17947, 117943, 28080, 20451, 84799, 35710, 28086, 51017]",0
2946,TRAIN,ATTACK_RECOVERY,"[4974, 23296, 56652, 34214, 62390, 93448, 124796, 21029, 107188, 127245, 34345, 43142, 129436, 75479, 136103, 44041, 138788, 142161, 86872, 83831]",0
2947,TRAIN,ATTACK_RECOVERY,"[85589, 89586, 55989, 147689, 68341, 109262, 110198, 14271, 38546, 101462, 60915, 33971, 146942, 91397, 73431, 51335, 107808, 53505, 32417, 9683]",0
2948,TRAIN,ATTACK_RECOVERY,"[64847, 108681, 112869, 109224, 85813, 125839, 15323, 23327, 146601, 49082, 145434, 40779, 143967, 10071, 69026, 16103, 108725, 35602, 75680, 77932]",0
2949,TRAIN,ATTACK_RECOVERY,"[103019, 104813, 81380, 132858, 147288, 47776, 53023, 88062, 81400, 120763, 35362, 38609, 94457, 96314, 36928, 1631, 126654, 51479, 27030, 81066]",0
2950,TRAIN,ATTACK_RECOVERY,"[123700, 13735, 33841, 89242, 80002, 54897, 16985, 32634, 55769, 88951, 40079, 72730, 81211, 47403, 9063, 36465, 120336, 5606, 8021, 99386]",0
2951,TRAIN,ATTACK_RECOVERY,"[111258, 17693, 33322, 139448, 6973, 28375, 84664, 59676, 71997, 6424, 11820, 121655, 69004, 54452, 97821, 39310, 69613, 16146, 100306, 75690]",0
2952,TRAIN,ATTACK_RECOVERY,"[56538, 21952, 122129, 149392, 26240, 129971, 147752, 15015, 138943, 87390, 110791, 6420, 83680, 134971, 24745, 1298, 132637, 13728, 92060, 10879]",0
2953,TRAIN,ATTACK_RECOVERY,"[39559, 91375, 120416, 101053, 135801, 100354, 133215, 88842, 1073, 24742, 143134, 23899, 112595, 113026, 8448, 104613, 114708, 144305, 128671, 145002]",0
2954,TRAIN,ATTACK_RECOVERY,"[118144, 41423, 68810, 16653, 7323, 107066, 47822, 30234, 49930, 34928, 86609, 95806, 64942, 14582, 103221, 113629, 94840, 115026, 8467, 126611]",0
2955,TRAIN,ATTACK_RECOVERY,"[144538, 43562, 128955, 54313, 133824, 123503, 67306, 39169, 46631, 115515, 142479, 59047, 81938, 9784, 129100, 129472, 3266, 7631, 90461, 101333]",0
2956,TRAIN,ATTACK_RECOVERY,"[62172, 147939, 38602, 50303, 87878, 93740, 142248, 64724, 12595, 46489, 122570, 134647, 57916, 14812, 134266, 149191, 1157, 123711, 137563, 48815]",0
2957,TRAIN,ATTACK_RECOVERY,"[77770, 108427, 79902, 31252, 128266, 7917, 14905, 55991, 106459, 105073, 15928, 130094, 30071, 74961, 96843, 125557, 123895, 135102, 8057, 143000]",0
2958,TRAIN,ATTACK_RECOVERY,"[79285, 102369, 129198, 119950, 22361, 40997, 148337, 66983, 3205, 22325, 34832, 111611, 111436, 136627, 112859, 75869, 146474, 101402, 7603, 45589]",0
2959,TRAIN,ATTACK_RECOVERY,"[14069, 26628, 123893, 74235, 46861, 70988, 53573, 59331, 90427, 104927, 41708, 68259, 54928, 120010, 37137, 107698, 142176, 49017, 52398, 102170]",0
2960,TRAIN,ATTACK_RECOVERY,"[117519, 117602, 59545, 134387, 2159, 65423, 4851, 145860, 30005, 120226, 128818, 126498, 31999, 49116, 28861, 3869, 122211, 96125, 146256, 53625]",0
2961,TRAIN,ATTACK_RECOVERY,"[19247, 50341, 85335, 121886, 19494, 57674, 127944, 119728, 8071, 139105, 43465, 20930, 132748, 20831, 66321, 141627, 114018, 148672, 123152, 125851]",0
2962,TRAIN,ATTACK_RECOVERY,"[1247, 280, 15965, 6600, 27604, 24308, 94036, 63015, 17941, 39797, 54782, 25183, 53938, 106667, 93888, 90745, 103516, 107485, 100919, 84128]",0
2963,TRAIN,ATTACK_RECOVERY,"[139688, 8305, 111265, 61686, 142968, 144763, 93860, 82715, 41806, 7413, 68827, 129677, 103987, 13498, 22233, 148229, 99267, 86446, 90521, 21996]",0
2964,TRAIN,ATTACK_RECOVERY,"[81684, 69438, 113843, 90805, 77002, 70928, 46158, 19295, 28049, 105661, 60160, 87525, 141789, 56891, 79187, 131680, 68816, 61275, 120171, 53635]",0
2965,TRAIN,ATTACK_RECOVERY,"[25031, 5484, 116423, 73397, 29908, 7428, 102974, 17553, 53474, 138205, 12845, 92756, 98305, 18276, 121685, 43999, 127173, 77545, 61040, 31328]",0
2966,TRAIN,ATTACK_RECOVERY,"[29115, 34916, 137184, 53835, 122453, 131688, 112328, 68847, 121849, 113704, 82070, 148136, 119710, 58325, 24478, 50094, 86486, 48923, 38343, 44905]",0
2967,TRAIN,ATTACK_RECOVERY,"[124402, 99795, 104937, 70195, 2077, 108761, 135401, 59832, 130226, 97087, 123572, 65447, 94103, 138339, 49753, 79086, 66422, 133029, 37491, 126563]",0
2968,TRAIN,ATTACK_RECOVERY,"[67706, 23591, 4276, 100554, 72748, 17045, 109551, 91892, 11109, 53863, 4910, 101386, 135963, 80494, 92945, 91280, 59620, 30605, 30674, 24959]",0
2969,TRAIN,ATTACK_RECOVERY,"[90708, 27779, 56225, 137038, 1685, 126136, 88699, 119080, 128401, 87020, 97921, 67454, 3023, 59745, 131387, 20104, 123190, 92834, 109094, 109789]",0
2970,TRAIN,ATTACK_RECOVERY,"[32709, 103054, 78790, 129095, 40492, 117333, 9259, 95779, 82108, 138961, 136589, 54552, 110187, 73314, 92132, 57291, 91113, 51793, 75498, 68553]",0
2971,TRAIN,ATTACK_RECOVERY,"[106553, 30822, 147710, 113227, 35859, 67823, 126660, 132936, 6427, 3121, 138639, 47140, 61910, 127918, 122449, 87628, 133448, 14207, 134840, 22563]",0
2972,TRAIN,ATTACK_RECOVERY,"[79133, 135620, 108952, 263, 86071, 79675, 100736, 72194, 11330, 128478, 24355, 95060, 130201, 7220, 82741, 38175, 34235, 28083, 53394, 103488]",0
2973,TRAIN,ATTACK_RECOVERY,"[34746, 25105, 107791, 68881, 11695, 144349, 43733, 112343, 109850, 113154, 71016, 105480, 18948, 23973, 60435, 75808, 132327, 26473, 56923, 103458]",0
2974,TRAIN,ATTACK_RECOVERY,"[79954, 45289, 31983, 3398, 149814, 139111, 76942, 12026, 35893, 92364, 112707, 97202, 112581, 66768, 138733, 3772, 125751, 97183, 123730, 33389]",0
2975,TRAIN,ATTACK_RECOVERY,"[77983, 20105, 102475, 67115, 131102, 117004, 51155, 43139, 3486, 129406, 4100, 93277, 53916, 121390, 86020, 40479, 27859, 109093, 144502, 64408]",0
2976,TRAIN,ATTACK_RECOVERY,"[141521, 65160, 115662, 136596, 48435, 118203, 34664, 93108, 11602, 59451, 479, 56058, 50007, 17055, 92440, 71995, 74243, 29887, 56432, 121096]",0
2977,TRAIN,ATTACK_RECOVERY,"[60480, 67444, 126315, 39492, 81308, 111909, 140734, 36245, 106416, 64959, 129689, 67446, 27202, 114581, 30600, 53794, 138124, 19270, 26408, 46962]",0
2978,TRAIN,ATTACK_RECOVERY,"[79930, 38949, 61874, 115133, 110529, 147628, 55223, 113943, 12599, 40147, 71550, 81526, 99863, 66211, 48910, 44908, 118509, 124388, 87384, 93140]",0
2979,TRAIN,ATTACK_RECOVERY,"[28281, 42073, 68891, 39555, 101261, 62523, 143982, 43384, 91303, 130438, 67861, 104072, 100870, 109592, 76818, 28960, 47989, 16074, 25229, 86281]",0
2980,TRAIN,ATTACK_RECOVERY,"[12842, 5969, 59335, 106452, 106336, 5476, 106504, 11729, 54243, 47101, 11792, 113450, 27933, 21012, 96025, 56705, 20865, 102682, 132342, 35267]",0
2981,TRAIN,ATTACK_RECOVERY,"[44432, 50650, 131082, 2296, 33887, 64100, 91534, 41225, 14232, 60066, 8264, 48669, 31187, 145461, 36927, 142733, 97209, 42197, 73446, 145544]",0
2982,TRAIN,ATTACK_RECOVERY,"[49172, 56301, 35771, 134152, 10540, 38122, 80025, 37685, 136507, 70431, 21700, 4831, 114121, 7078, 124247, 22418, 63793, 33344, 86987, 138820]",0
2983,TRAIN,ATTACK_RECOVERY,"[133704, 106430, 36923, 67593, 75594, 41097, 43211, 63120, 63027, 22551, 99066, 101663, 133812, 66063, 54737, 76298, 36994, 22643, 61332, 124301]",0
2984,TRAIN,ATTACK_RECOVERY,"[88441, 63251, 7935, 145257, 135889, 53676, 135576, 94835, 127278, 109452, 74159, 42368, 100941, 121696, 696, 117211, 97370, 118942, 5473, 4699]",0
2985,TRAIN,ATTACK_RECOVERY,"[114993, 74364, 65853, 85461, 149174, 141926, 78215, 135907, 22027, 51971, 134265, 20450, 126137, 81200, 119907, 42099, 44952, 109445, 40039, 142814]",0
2986,TRAIN,ATTACK_RECOVERY,"[48408, 143774, 87429, 39177, 107436, 142361, 132030, 81763, 107122, 28287, 55519, 42986, 80571, 107675, 15945, 62257, 47850, 116911, 91978, 129744]",0
2987,TRAIN,ATTACK_RECOVERY,"[41242, 143349, 51674, 97745, 88724, 60143, 31863, 80621, 23037, 61322, 100388, 90051, 68384, 105433, 21350, 56850, 76117, 26688, 108278, 89189]",0
2988,TRAIN,ATTACK_RECOVERY,"[140423, 17363, 103706, 6077, 103104, 77314, 107321, 142838, 29768, 97226, 147212, 141985, 57733, 22716, 107332, 13548, 142893, 44322, 94648, 16564]",0
2989,TRAIN,ATTACK_RECOVERY,"[22147, 64435, 119563, 137645, 8707, 139367, 83881, 121466, 19242, 79486, 141617, 56535, 10256, 87256, 119444, 92460, 26062, 9435, 28027, 5936]",0
2990,TRAIN,ATTACK_RECOVERY,"[118152, 90753, 70868, 141238, 76505, 137438, 36377, 111954, 23474, 134534, 126591, 28344, 76414, 5835, 148383, 73625, 113145, 109342, 96754, 96693]",0
2991,TRAIN,ATTACK_RECOVERY,"[15630, 32055, 77658, 89782, 75953, 68441, 88272, 28437, 109532, 125874, 54255, 143777, 104615, 93557, 26288, 14423, 17779, 30769, 3153, 12005]",0
2992,TRAIN,ATTACK_RECOVERY,"[103117, 140889, 12557, 49903, 2554, 81655, 20057, 39447, 23142, 1782, 144623, 79120, 33996, 143726, 73514, 92869, 104886, 92166, 23169, 67361]",0
2993,TRAIN,ATTACK_RECOVERY,"[38340, 99604, 136626, 143041, 136274, 5977, 103462, 109647, 82833, 122213, 55191, 109317, 43831, 71074, 107349, 27625, 143659, 116924, 46663, 19054]",0
2994,TRAIN,ATTACK_RECOVERY,"[137045, 124511, 96225, 53971, 22850, 97561, 6986, 17871, 127990, 61277, 52061, 78121, 57054, 103313, 144679, 124035, 122688, 28406, 101519, 142441]",0
2995,TRAIN,ATTACK_RECOVERY,"[46444, 70958, 74172, 35007, 44677, 115780, 42432, 24449, 15204, 62971, 55830, 35129, 139365, 126254, 126088, 44258, 122695, 94195, 57307, 80976]",0
2996,TRAIN,ATTACK_RECOVERY,"[2895, 104887, 120584, 88305, 86334, 129507, 102746, 69878, 59875, 5387, 15925, 122158, 77349, 98966, 34594, 16544, 44362, 34175, 33580, 148933]",0
2997,TRAIN,ATTACK_RECOVERY,"[62791, 111259, 87737, 32162, 82536, 112696, 147362, 119050, 86400, 65970, 86682, 139771, 77070, 41859, 99243, 76863, 13006, 94776, 7963, 83453]",0
2998,TRAIN,ATTACK_RECOVERY,"[88845, 95387, 85729, 108449, 19164, 48517, 105125, 4190, 115567, 57876, 14513, 10510, 63185, 25351, 54368, 12877, 57382, 112204, 46321, 113066]",0
2999,TRAIN,ATTACK_RECOVERY,"[27388, 8775, 25904, 82370, 129692, 93628, 27179, 122384, 83563, 64397, 146223, 66753, 56581, 90859, 52070, 79627, 42599, 27403, 26449, 135250]",0
3000,VALIDATION,NORMAL,"[6171, 12614, 1274, 7622, 4586, 13343, 6708, 5331, 25940, 30995, 7564, 2524, 14953, 17721, 5597, 17275, 20502, 8658, 17790, 5368]",0
3001,VALIDATION,NORMAL,"[7904, 19704, 1602, 26473, 16867, 20844, 6733, 9325, 9134, 10499, 15767, 8603, 11713, 20325, 12485, 515, 14544, 20883, 15827, 12233]",0
3002,VALIDATION,NORMAL,"[6993, 24938, 3099, 9270, 4126, 11784, 5130, 22805, 31845, 4662, 26958, 28457, 5330, 5161, 10702, 4598, 31715, 9112, 10522, 16247]",0
3003,VALIDATION,NORMAL,"[6457, 16369, 19603, 28715, 22033, 12865, 25300, 8666, 3523, 25444, 10734, 11174, 9587, 31709, 20165, 19674, 1987, 25506, 3066, 28306]",0
3004,VALIDATION,NORMAL,"[8242, 20261, 20359, 20964, 6225, 22086, 28430, 10938, 17897, 11384, 13120, 15676, 8205, 9878, 28976, 16918, 5349, 22902, 7828, 11455]",0
3005,VALIDATION,NORMAL,"[11201, 710, 10763, 479, 4178, 27814, 97, 25927, 20012, 564, 25589, 20066, 18066, 26056, 26650, 11136, 13662, 31545, 5152, 10863]",0
3006,VALIDATION,NORMAL,"[31653, 5925, 3327, 21548, 27138, 3333, 21893, 25978, 5951, 20397, 8669, 28444, 24751, 2986, 10071, 14785, 27705, 12781, 3464, 609]",0
3007,VALIDATION,NORMAL,"[1787, 2246, 17211, 5429, 26092, 25537, 27192, 16621, 5740, 2663, 6010, 5872, 7623, 23226, 24657, 7005, 17215, 26281, 6337, 31378]",0
3008,VALIDATION,NORMAL,"[31662, 7060, 14501, 23987, 26654, 18617, 17374, 9468, 22644, 31230, 30475, 17836, 16254, 440, 24066, 13843, 173, 26549, 550, 2535]",0
3009,VALIDATION,NORMAL,"[16820, 4729, 28410, 16916, 30271, 18810, 31441, 9247, 25607, 24568, 4259, 10317, 27470, 5607, 18261, 19816, 21775, 31635, 7759, 16058]",0
3010,VALIDATION,NORMAL,"[21695, 26327, 19492, 26940, 13773, 26698, 26674, 7377, 25544, 22432, 22438, 30555, 28830, 24469, 6530, 17969, 21616, 13276, 28216, 6040]",0
3011,VALIDATION,NORMAL,"[12022, 6940, 12337, 7021, 6192, 14851, 14932, 9027, 19652, 23468, 3524, 26775, 21641, 11612, 11376, 795, 30009, 20612, 31272, 25934]",0
3012,VALIDATION,NORMAL,"[22331, 25188, 16837, 11326, 12498, 11098, 2480, 14958, 13666, 24514, 21977, 18935, 10217, 30345, 31612, 16280, 7814, 12063, 9674, 32068]",0
3013,VALIDATION,NORMAL,"[28083, 14554, 14168, 10692, 23811, 4665, 22538, 17920, 20138, 11578, 3454, 16628, 12638, 18968, 21792, 4212, 14180, 8104, 26093, 11362]",0
3014,VALIDATION,NORMAL,"[15610, 27838, 14596, 26219, 13032, 6131, 16225, 9429, 31838, 7432, 6797, 6222, 8976, 27795, 7214, 18808, 20002, 1269, 20851, 9439]",0
3015,VALIDATION,NORMAL,"[14050, 1679, 10296, 22964, 10260, 10922, 20234, 435, 30584, 13324, 16767, 12892, 26468, 8617, 28282, 24537, 19828, 3623, 7158, 1076]",0
3016,VALIDATION,NORMAL,"[7099, 18768, 21670, 1228, 21356, 22312, 15465, 5126, 4320, 13924, 4272, 28482, 21837, 15992, 3394, 21030, 20834, 382, 22155, 21823]",0
3017,VALIDATION,NORMAL,"[11752, 22675, 25131, 25514, 20290, 10875, 7192, 12706, 30329, 9155, 8685, 9304, 10826, 8870, 11817, 8820, 568, 27173, 3732, 31807]",0
3018,VALIDATION,NORMAL,"[6211, 30816, 18547, 20327, 28016, 27298, 4745, 19004, 27129, 26793, 20838, 31099, 16263, 14747, 15027, 5162, 12899, 4998, 31529, 12601]",0
3019,VALIDATION,NORMAL,"[11070, 9079, 6357, 18555, 2959, 21791, 7409, 4661, 10766, 32034, 8163, 22308, 11183, 2853, 3730, 20007, 30534, 7251, 9480, 24418]",0
3020,VALIDATION,NORMAL,"[23378, 10238, 22896, 2198, 23436, 21698, 13884, 20227, 17466, 13231, 7421, 19734, 28810, 21469, 1489, 9707, 31644, 14603, 26837, 25714]",0
3021,VALIDATION,NORMAL,"[12031, 1697, 11262, 4124, 20989, 9493, 27018, 4073, 20388, 27856, 16250, 4534, 6908, 27916, 28877, 23056, 17628, 19098, 12164, 18398]",0
3022,VALIDATION,NORMAL,"[5121, 19210, 12190, 31357, 18030, 17479, 10250, 23134, 6926, 22075, 18943, 3942, 4703, 11942, 24038, 21169, 21577, 23846, 13010, 26574]",0
3023,VALIDATION,NORMAL,"[18502, 740, 2296, 15611, 20052, 18135, 1758, 14640, 19696, 24890, 28333, 20551, 21862, 19636, 24411, 11549, 23725, 14722, 4539, 24198]",0
3024,VALIDATION,NORMAL,"[16340, 31859, 12230, 17934, 10394, 29218, 11851, 3823, 2025, 15764, 3533, 29853, 8396, 12624, 16090, 27212, 2058, 10179, 32050, 6348]",0
3025,VALIDATION,NORMAL,"[11039, 27752, 17057, 26098, 26246, 24420, 30950, 18431, 28234, 28340, 11677, 21858, 11374, 11849, 8781, 20438, 26454, 17945, 3701, 22450]",0
3026,VALIDATION,NORMAL,"[12597, 22736, 13841, 25024, 7040, 1932, 14073, 14661, 19658, 29704, 28202, 22024, 18144, 12291, 15058, 20378, 18654, 21871, 23648, 23800]",0
3027,VALIDATION,NORMAL,"[18834, 16992, 25504, 6364, 4495, 31447, 14329, 12243, 30210, 8179, 23279, 16363, 18907, 4057, 8252, 31016, 12082, 2529, 1868, 3249]",0
3028,VALIDATION,NORMAL,"[15231, 2015, 13769, 20485, 21725, 850, 30799, 32115, 22242, 13149, 9938, 9934, 4372, 30114, 27603, 29965, 14527, 1120, 12960, 24845]",0
3029,VALIDATION,NORMAL,"[7108, 32097, 16462, 26838, 8717, 31579, 13490, 25985, 31324, 15919, 7150, 23097, 10597, 21286, 8675, 20001, 22028, 13052, 14990, 28094]",0
3030,VALIDATION,NORMAL,"[21314, 20939, 12975, 11019, 13151, 22627, 22995, 29268, 24404, 5809, 15247, 28200, 27332, 9932, 16805, 25127, 15920, 12008, 29035, 3322]",0
3031,VALIDATION,NORMAL,"[10118, 31629, 29126, 19657, 24959, 20899, 20667, 21931, 22188, 27819, 21640, 20994, 2264, 9976, 7801, 10986, 24346, 6903, 24771, 15068]",0
3032,VALIDATION,NORMAL,"[10233, 27550, 19032, 7105, 22466, 99, 26905, 9609, 1877, 346, 4480, 17175, 4185, 6692, 4238, 10544, 21442, 15780, 1616, 25970]",0
3033,VALIDATION,NORMAL,"[19186, 26295, 29666, 12911, 3200, 13061, 19132, 10862, 23830, 28220, 22088, 9603, 17331, 7739, 19474, 25602, 13065, 21678, 7981, 22852]",0
3034,VALIDATION,NORMAL,"[14864, 28579, 11353, 23737, 18934, 11545, 31851, 10778, 3997, 8130, 11126, 28458, 12302, 7719, 16609, 5602, 30487, 569, 17872, 17958]",0
3035,VALIDATION,NORMAL,"[6998, 22676, 28994, 21301, 4773, 12589, 507, 15621, 5377, 13928, 13288, 7956, 12099, 3402, 24730, 23401, 21454, 17437, 5185, 9649]",0
3036,VALIDATION,NORMAL,"[20568, 28263, 31519, 3801, 3981, 19341, 24601, 27014, 30942, 199, 24247, 9912, 14989, 19975, 6347, 30647, 28233, 9232, 3773, 27813]",0
3037,VALIDATION,NORMAL,"[13008, 16827, 23888, 6413, 24587, 12066, 4231, 10437, 4034, 14600, 7941, 24390, 28934, 25645, 10241, 8429, 11065, 13668, 6912, 20390]",0
3038,VALIDATION,NORMAL,"[27101, 8122, 18626, 3913, 18712, 12163, 13292, 24060, 10065, 21674, 16544, 5226, 21882, 20070, 6962, 17911, 29314, 5256, 10939, 27594]",0
3039,VALIDATION,NORMAL,"[12000, 19034, 3261, 29841, 10292, 25983, 7284, 8283, 1435, 975, 1671, 9849, 29387, 22047, 12455, 23510, 3953, 2426, 24142, 5647]",0
3040,VALIDATION,NORMAL,"[11962, 29342, 17061, 2944, 19191, 20313, 171, 8376, 13417, 17634, 26204, 26669, 11273, 29953, 8509, 2513, 14287, 30291, 4070, 15419]",0
3041,VALIDATION,NORMAL,"[23893, 21430, 8406, 25875, 23852, 29013, 31132, 10798, 8782, 30683, 17788, 8143, 1099, 6701, 4672, 13903, 13389, 10721, 14111, 16558]",0
3042,VALIDATION,NORMAL,"[9136, 21886, 11712, 6147, 1483, 20828, 25517, 27309, 28050, 14270, 6244, 9848, 16905, 16646, 31963, 30099, 16270, 9405, 23646, 831]",0
3043,VALIDATION,NORMAL,"[20720, 23739, 16666, 30766, 24275, 3561, 29251, 20080, 7024, 31375, 11088, 31475, 17228, 25010, 29102, 11497, 7254, 206, 25052, 1424]",0
3044,VALIDATION,NORMAL,"[2291, 5496, 24305, 29989, 13745, 24488, 22764, 8755, 31060, 9243, 20307, 10518, 18615, 23098, 4526, 4570, 17082, 2425, 9443, 9972]",0
3045,VALIDATION,NORMAL,"[19139, 17264, 28080, 16068, 17778, 30662, 10432, 9615, 9220, 6573, 26623, 8939, 6112, 28452, 8185, 3069, 14790, 27703, 1231, 2024]",0
3046,VALIDATION,NORMAL,"[16197, 22074, 19685, 21551, 8200, 26836, 9458, 30700, 11825, 25953, 10566, 19278, 11104, 28652, 1876, 16563, 26786, 19140, 31254, 20478]",0
3047,VALIDATION,NORMAL,"[20798, 25717, 30175, 18961, 18205, 20345, 2972, 24588, 11568, 30658, 22317, 8688, 29447, 20735, 4053, 3856, 2339, 19981, 30841, 21008]",0
3048,VALIDATION,NORMAL,"[623, 11248, 12139, 14925, 12536, 25553, 27757, 25153, 2958, 31572, 26398, 1387, 30274, 5756, 7170, 7429, 12435, 21209, 4265, 6930]",0
3049,VALIDATION,NORMAL,"[3654, 29591, 1605, 27380, 3979, 23491, 26457, 22153, 10784, 13207, 26679, 20837, 24869, 4323, 27564, 2748, 12590, 17512, 25336, 27031]",0
3050,VALIDATION,NORMAL,"[24483, 14339, 25057, 19199, 16208, 13498, 6942, 8329, 29851, 657, 15976, 1772, 3576, 7642, 20127, 23089, 23283, 30327, 7266, 30080]",0
3051,VALIDATION,NORMAL,"[22746, 14883, 20164, 31171, 3415, 7704, 28070, 10214, 10019, 19763, 22875, 4543, 19148, 212, 17785, 30392, 6484, 2707, 17772, 4345]",0
3052,VALIDATION,NORMAL,"[31237, 6767, 779, 2093, 7858, 23354, 15860, 155, 16754, 3591, 17799, 4965, 26043, 18385, 15274, 11632, 2797, 14364, 23949, 26867]",0
3053,VALIDATION,NORMAL,"[30807, 8995, 1990, 10632, 19711, 23091, 19640, 20830, 26418, 20864, 29216, 4698, 18996, 23652, 12178, 19459, 24828, 6529, 19690, 25321]",0
3054,VALIDATION,NORMAL,"[6935, 5222, 28679, 12447, 32071, 7308, 17823, 10961, 3780, 7595, 14503, 1769, 13839, 21210, 29670, 16764, 23137, 23559, 3815, 15248]",0
3055,VALIDATION,NORMAL,"[2255, 7825, 25686, 295, 14422, 11196, 28363, 8933, 6074, 15486, 8458, 17188, 12158, 12343, 29116, 20581, 16274, 13235, 10693, 2341]",0
3056,VALIDATION,NORMAL,"[13453, 9651, 1762, 12452, 10614, 20476, 30419, 20506, 5753, 7921, 19662, 17576, 4725, 28914, 18792, 18504, 14893, 24975, 12769, 26339]",0
3057,VALIDATION,NORMAL,"[27789, 25479, 31518, 11117, 18495, 26869, 5576, 12762, 28783, 26328, 28760, 30656, 28598, 17070, 5143, 27473, 11231, 10209, 14872, 8012]",0
3058,VALIDATION,NORMAL,"[4995, 24502, 32016, 18846, 21854, 30499, 26388, 14621, 1230, 4847, 13020, 23615, 2779, 17955, 26742, 20032, 13129, 14849, 11269, 24416]",0
3059,VALIDATION,NORMAL,"[15393, 30215, 18178, 29202, 2824, 22497, 25388, 3717, 23653, 20971, 15753, 25051, 26410, 6406, 28798, 12327, 21269, 5615, 27213, 11229]",0
3060,VALIDATION,NORMAL,"[13605, 3810, 23943, 9534, 24527, 15464, 21732, 26796, 6416, 21853, 17950, 28064, 27560, 27536, 7871, 4036, 5467, 22091, 24374, 10107]",0
3061,VALIDATION,NORMAL,"[24873, 17359, 23613, 4712, 13045, 23425, 18962, 26495, 3482, 516, 22125, 695, 13321, 18059, 16502, 7681, 21912, 28101, 1665, 22156]",0
3062,VALIDATION,NORMAL,"[11043, 2639, 13102, 24347, 6661, 17959, 24543, 23733, 12935, 8605, 28672, 22692, 22763, 25718, 25124, 22547, 20171, 6958, 22874, 22544]",0
3063,VALIDATION,NORMAL,"[28078, 1052, 30876, 24668, 35, 10959, 22634, 16494, 15994, 12932, 2307, 5677, 3645, 31120, 16679, 28487, 8375, 20848, 31063, 3922]",0
3064,VALIDATION,NORMAL,"[29195, 671, 20021, 1681, 25523, 25286, 13264, 13963, 27485, 23326, 29866, 26557, 24948, 25775, 18770, 25294, 22137, 18423, 20115, 24988]",0
3065,VALIDATION,NORMAL,"[11209, 29052, 24929, 2462, 5118, 28011, 6031, 7611, 1133, 9352, 1302, 17293, 19993, 15883, 21700, 5643, 21889, 20959, 16833, 24733]",0
3066,VALIDATION,NORMAL,"[19344, 25150, 20664, 17537, 23782, 958, 22087, 19615, 3993, 22299, 24874, 997, 4341, 27113, 20250, 17869, 27966, 26275, 24283, 5184]",0
3067,VALIDATION,NORMAL,"[26298, 8586, 2604, 13584, 31439, 24357, 22261, 13088, 4896, 16273, 10750, 27973, 16034, 12696, 21963, 31980, 26101, 9874, 10735, 12346]",0
3068,VALIDATION,NORMAL,"[22587, 30835, 27412, 21309, 31091, 17670, 11199, 7059, 22067, 31105, 31019, 25534, 6813, 13400, 21911, 11522, 4550, 24742, 1290, 20376]",0
3069,VALIDATION,NORMAL,"[26395, 25422, 24344, 3456, 5438, 4625, 31927, 18774, 8192, 8607, 10096, 1264, 6056, 9720, 22189, 30694, 29701, 17963, 16972, 28446]",0
3070,VALIDATION,NORMAL,"[29232, 26951, 29021, 8520, 23971, 18736, 24627, 20543, 10059, 29077, 7034, 31842, 874, 31469, 16647, 14087, 21840, 18769, 1452, 19436]",0
3071,VALIDATION,NORMAL,"[31096, 23451, 4366, 20214, 23263, 16501, 18804, 26977, 30701, 16125, 15884, 23020, 9892, 21850, 8634, 23816, 12673, 16797, 25069, 19668]",0
3072,VALIDATION,NORMAL,"[9267, 28391, 11627, 16507, 6094, 24309, 3761, 11948, 16904, 15352, 4047, 23123, 20554, 11421, 25099, 30297, 29376, 4880, 26531, 4985]",0
3073,VALIDATION,NORMAL,"[6384, 28283, 8038, 13906, 8370, 4208, 8450, 25200, 26430, 3830, 27862, 14882, 9221, 17726, 2049, 19157, 2355, 28686, 27392, 13058]",0
3074,VALIDATION,NORMAL,"[17473, 31583, 17184, 20061, 13508, 1948, 7221, 12784, 15335, 16934, 27179, 20471, 21909, 9636, 10704, 23321, 25122, 15576, 2032, 3742]",0
3075,VALIDATION,NORMAL,"[14084, 19134, 10320, 16265, 7428, 16410, 21486, 19447, 22207, 4481, 32017, 24804, 26622, 18740, 26620, 15198, 6063, 28873, 30302, 12198]",0
3076,VALIDATION,NORMAL,"[25525, 8925, 6294, 14988, 9663, 17446, 14840, 17640, 25569, 7522, 31313, 6073, 13262, 20933, 10040, 23968, 5199, 6443, 5787, 5470]",0
3077,VALIDATION,NORMAL,"[14968, 3755, 19588, 11746, 20464, 13402, 28774, 31240, 22553, 7446, 28853, 27988, 30898, 31486, 7516, 2839, 23136, 14206, 22352, 30650]",0
3078,VALIDATION,NORMAL,"[13349, 12757, 9768, 1675, 30263, 4701, 25276, 6444, 565, 4700, 19502, 25040, 3712, 4404, 8314, 21326, 24385, 4063, 1574, 2743]",0
3079,VALIDATION,NORMAL,"[29546, 7109, 26292, 14955, 14019, 7272, 14355, 11715, 12924, 15122, 20289, 5530, 6611, 20418, 13302, 25664, 21333, 27295, 20415, 17487]",0
3080,VALIDATION,NORMAL,"[6140, 29826, 23362, 20973, 125, 22859, 10042, 29597, 6115, 8519, 18540, 13392, 22946, 20857, 5699, 5565, 15270, 30259, 32044, 29983]",0
3081,VALIDATION,NORMAL,"[14477, 24370, 31482, 14000, 9882, 20769, 19061, 20157, 12094, 15131, 8672, 3967, 17507, 17978, 6286, 8897, 29760, 27939, 4437, 2109]",0
3082,VALIDATION,NORMAL,"[2348, 28675, 15588, 17645, 30373, 21055, 26034, 21855, 24205, 21491, 25972, 24484, 23058, 30245, 23975, 21810, 30615, 2445, 14757, 10304]",0
3083,VALIDATION,NORMAL,"[13700, 9818, 16360, 20373, 20310, 12475, 14175, 6510, 17196, 28885, 8692, 2669, 21176, 29922, 22543, 23519, 9031, 4793, 10483, 19421]",0
3084,VALIDATION,NORMAL,"[18263, 28779, 12970, 24604, 16428, 28427, 5774, 24269, 5386, 6499, 5261, 12636, 1694, 6707, 15935, 25933, 26391, 4220, 13748, 20062]",0
3085,VALIDATION,NORMAL,"[29803, 2017, 4414, 22682, 10006, 10703, 29338, 19351, 7125, 3881, 31631, 26976, 9256, 7933, 20212, 29059, 3669, 31066, 22485, 31978]",0
3086,VALIDATION,NORMAL,"[17711, 13630, 10358, 1883, 16078, 19841, 30527, 32057, 1728, 1833, 11570, 27290, 14017, 9041, 16019, 18759, 18582, 29398, 4204, 15948]",0
3087,VALIDATION,NORMAL,"[30856, 4374, 8855, 19944, 15881, 19160, 7321, 7182, 7322, 29027, 17369, 20938, 18046, 30566, 5702, 1013, 9020, 15051, 14312, 28020]",0
3088,VALIDATION,NORMAL,"[15184, 11526, 18388, 27918, 16711, 20579, 11382, 21949, 21667, 17715, 5027, 2969, 14063, 3023, 28286, 3945, 13889, 11555, 11903, 22962]",0
3089,VALIDATION,NORMAL,"[12927, 2283, 10525, 17957, 11779, 14298, 26408, 32003, 6198, 5897, 5769, 9516, 3970, 7526, 29775, 20442, 26200, 13612, 26857, 2730]",0
3090,VALIDATION,NORMAL,"[2428, 6842, 8575, 15105, 28602, 23427, 21985, 10336, 15727, 5259, 3744, 7987, 4250, 13900, 5297, 13186, 7602, 16854, 14579, 6321]",0
3091,VALIDATION,NORMAL,"[1565, 8444, 29657, 314, 17723, 7280, 26121, 13192, 11646, 26731, 3655, 29561, 24493, 19663, 21118, 24674, 5669, 3765, 14759, 11662]",0
3092,VALIDATION,NORMAL,"[11552, 23155, 28049, 18776, 8862, 10183, 29104, 82, 29581, 10008, 15639, 21258, 28786, 19738, 31500, 25418, 17675, 711, 19637, 32012]",0
3093,VALIDATION,NORMAL,"[11729, 5234, 13190, 14173, 21353, 3492, 19898, 236, 6766, 9681, 27933, 7634, 15695, 1526, 15172, 19843, 1896, 18729, 5115, 23611]",0
3094,VALIDATION,NORMAL,"[21803, 844, 6909, 16460, 25595, 22323, 31297, 21895, 22831, 12242, 17003, 6889, 27761, 18500, 23537, 23005, 11892, 1789, 21826, 21295]",0
3095,VALIDATION,NORMAL,"[751, 848, 27258, 2732, 19364, 28703, 5609, 10786, 19149, 31166, 2997, 5552, 10387, 14573, 15631, 12891, 23365, 17177, 21867, 11916]",0
3096,VALIDATION,NORMAL,"[12197, 28074, 5117, 1539, 24785, 1796, 28713, 10034, 26858, 5977, 19830, 25279, 8484, 18596, 27161, 7184, 24697, 25945, 31325, 13943]",0
3097,VALIDATION,NORMAL,"[5026, 76, 27539, 29241, 26904, 27330, 2483, 6696, 2076, 14491, 1743, 20298, 11599, 32069, 20452, 31021, 31599, 2641, 25021, 5220]",0
3098,VALIDATION,NORMAL,"[21007, 13191, 14944, 14187, 1561, 1614, 31411, 8259, 15855, 17395, 2712, 18440, 29428, 26159, 8673, 6026, 23679, 15672, 5662, 17793]",0
3099,VALIDATION,NORMAL,"[29446, 18319, 1663, 31917, 1992, 27545, 6177, 6862, 6, 15036, 27097, 20044, 14703, 25877, 7812, 15648, 11094, 16301, 19990, 4553]",0
3100,VALIDATION,NORMAL,"[11323, 14231, 30585, 17643, 24547, 7973, 19053, 13671, 14325, 17480, 22757, 5425, 22371, 15345, 22754, 19718, 10322, 24980, 8602, 16560]",0
3101,VALIDATION,NORMAL,"[5177, 17860, 2561, 12861, 14472, 22036, 25395, 13138, 30745, 3595, 20662, 12620, 7496, 19449, 21533, 24590, 6260, 12728, 15219, 11139]",0
3102,VALIDATION,NORMAL,"[22524, 1822, 4027, 26390, 26538, 25705, 600, 18930, 14865, 14885, 21022, 4660, 23163, 29286, 15290, 11523, 7686, 17484, 15471, 13095]",0
3103,VALIDATION,NORMAL,"[172, 31532, 8309, 31535, 25837, 2939, 16866, 1840, 8371, 19138, 5613, 31431, 9417, 16635, 14881, 52, 19568, 8100, 22431, 1617]",0
3104,VALIDATION,NORMAL,"[686, 30484, 13619, 10375, 12563, 4609, 28707, 12897, 20374, 2112, 24130, 1871, 20381, 19602, 23592, 16555, 3756, 12889, 7347, 2287]",0
3105,VALIDATION,NORMAL,"[3071, 19970, 25889, 15382, 25601, 225, 31722, 12525, 27123, 5989, 5214, 31793, 28303, 26258, 8356, 4420, 4979, 20641, 21516, 16546]",0
3106,VALIDATION,NORMAL,"[7638, 29279, 12456, 12532, 27030, 27204, 14228, 1131, 13547, 22822, 27285, 17102, 24830, 5689, 28512, 24059, 31866, 27049, 776, 4086]",0
3107,VALIDATION,NORMAL,"[23662, 17198, 921, 9529, 12225, 12305, 3194, 30468, 13188, 24713, 16255, 6577, 4636, 22955, 3263, 20549, 9517, 11648, 2932, 14404]",0
3108,VALIDATION,NORMAL,"[14053, 338, 895, 7318, 29127, 12308, 32028, 14824, 11786, 11221, 14679, 6479, 785, 28532, 7823, 30366, 26492, 14626, 12141, 31181]",0
3109,VALIDATION,NORMAL,"[169, 31512, 13287, 9868, 23377, 6655, 2961, 443, 2261, 16862, 13721, 28387, 26239, 8336, 12920, 22211, 27687, 4908, 12495, 22727]",0
3110,VALIDATION,NORMAL,"[4283, 2385, 8595, 3495, 12553, 27139, 8908, 8555, 25789, 1793, 24836, 17684, 12053, 28723, 20901, 14282, 13657, 24188, 31684, 14281]",0
3111,VALIDATION,NORMAL,"[26684, 25581, 31006, 31232, 28278, 31642, 5237, 14127, 1140, 21718, 30870, 13805, 10425, 27155, 24777, 17515, 9375, 17033, 27369, 12195]",0
3112,VALIDATION,NORMAL,"[13318, 3457, 24073, 18312, 27710, 8224, 16548, 29491, 11258, 20842, 2229, 14200, 17192, 31056, 4752, 26990, 12075, 922, 4270, 13983]",0
3113,VALIDATION,NORMAL,"[453, 13921, 23146, 16593, 24081, 10516, 15260, 3484, 16289, 1106, 8835, 17817, 21307, 25407, 30526, 26002, 23863, 14933, 15357, 24754]",0
3114,VALIDATION,NORMAL,"[5348, 7521, 1715, 5765, 24201, 10616, 17713, 3256, 7410, 29273, 19760, 1950, 27509, 16693, 14777, 22618, 14437, 17034, 7967, 14539]",0
3115,VALIDATION,NORMAL,"[25141, 2945, 18958, 10094, 21424, 8737, 1799, 27921, 28539, 19257, 21477, 22751, 10531, 30975, 22389, 17227, 655, 619, 18738, 30697]",0
3116,VALIDATION,NORMAL,"[29530, 20621, 7094, 2507, 31164, 4878, 25939, 26380, 12591, 14290, 2973, 28949, 30642, 13642, 27964, 9666, 3947, 27400, 6061, 6997]",0
3117,VALIDATION,NORMAL,"[8488, 11624, 27455, 6048, 11135, 12588, 20833, 20038, 2187, 21928, 9120, 392, 4380, 17072, 26365, 14340, 18041, 30032, 12384, 27224]",0
3118,VALIDATION,NORMAL,"[5456, 5649, 2433, 191, 7123, 14685, 27667, 14384, 9413, 20033, 11704, 26576, 23182, 20624, 19476, 18305, 22347, 6966, 7070, 11837]",0
3119,VALIDATION,NORMAL,"[24517, 27622, 28961, 7746, 26779, 10141, 18381, 233, 13028, 21777, 29064, 6585, 5894, 10212, 21806, 4489, 26329, 4911, 3656, 14500]",0
3120,VALIDATION,NORMAL,"[15065, 4338, 3739, 4566, 27821, 29219, 3301, 4314, 5082, 18972, 22328, 5014, 16931, 31203, 30897, 26829, 17754, 27091, 22116, 23480]",0
3121,VALIDATION,NORMAL,"[13035, 13450, 3189, 10580, 16291, 23205, 1979, 16140, 27778, 22461, 14075, 7694, 31718, 18906, 21509, 14121, 8412, 1126, 9902, 30560]",0
3122,VALIDATION,NORMAL,"[21604, 1931, 5982, 4468, 1610, 648, 3675, 18077, 20891, 9117, 28940, 12406, 25359, 27214, 6607, 9789, 16789, 31557, 26558, 3738]",0
3123,VALIDATION,NORMAL,"[10395, 20009, 66, 29761, 1500, 15071, 9452, 26291, 12574, 10913, 31543, 20601, 20597, 23665, 23823, 15821, 29122, 980, 26995, 26267]",0
3124,VALIDATION,NORMAL,"[19539, 16947, 16715, 2267, 24802, 30821, 14258, 12635, 14653, 16958, 17194, 18348, 16370, 12662, 93, 30818, 22552, 26903, 20367, 12973]",0
3125,VALIDATION,NORMAL,"[10182, 1273, 18627, 11808, 8529, 17661, 1245, 18473, 18812, 743, 31489, 20242, 26389, 21179, 26754, 28510, 23957, 25851, 11947, 3989]",0
3126,VALIDATION,NORMAL,"[17307, 736, 502, 1720, 6865, 11566, 28529, 4427, 26141, 31664, 11001, 26970, 25521, 23067, 28787, 13334, 22877, 26307, 6987, 17291]",0
3127,VALIDATION,NORMAL,"[28126, 12701, 10639, 23995, 18377, 7785, 8420, 28328, 10138, 1174, 31462, 12478, 2984, 20342, 4785, 22890, 9857, 388, 4575, 22240]",0
3128,VALIDATION,NORMAL,"[23449, 7763, 28701, 4486, 13663, 8069, 7466, 1397, 29939, 18067, 28959, 27842, 2789, 28055, 23740, 30755, 2221, 18084, 23530, 11492]",0
3129,VALIDATION,NORMAL,"[25982, 14161, 29960, 26983, 17428, 15432, 8457, 31909, 27914, 11240, 8217, 11591, 17114, 25169, 23404, 22648, 15502, 13524, 30464, 22200]",0
3130,VALIDATION,NORMAL,"[1464, 21313, 4318, 27100, 8363, 15350, 27377, 21265, 9081, 2782, 15155, 22803, 15427, 19521, 22944, 774, 19597, 22521, 15365, 9156]",0
3131,VALIDATION,NORMAL,"[17377, 13364, 29023, 25865, 14523, 6224, 26029, 3348, 19021, 25675, 29804, 18845, 27909, 2358, 5319, 31556, 18475, 9513, 18692, 20981]",0
3132,VALIDATION,NORMAL,"[26309, 21804, 14650, 20717, 8790, 2290, 18953, 30018, 12283, 29406, 11173, 6788, 11975, 25832, 14432, 19251, 20497, 7083, 28635, 17953]",0
3133,VALIDATION,NORMAL,"[25487, 660, 12987, 13070, 11802, 11271, 8483, 30328, 13328, 255, 9032, 162, 24445, 32001, 18773, 26123, 29339, 27872, 14663, 2607]",0
3134,VALIDATION,NORMAL,"[25727, 3, 4910, 6302, 8700, 20369, 16304, 24792, 9567, 19526, 5924, 29945, 27430, 14831, 7011, 7020, 6277, 6285, 25987, 3360]",0
3135,VALIDATION,NORMAL,"[21197, 27830, 19239, 29275, 10142, 19883, 5335, 5383, 7764, 14458, 10243, 2843, 23902, 13397, 19006, 19298, 12239, 2575, 13106, 3771]",0
3136,VALIDATION,NORMAL,"[9298, 2616, 15670, 22159, 8264, 19219, 12577, 26326, 19682, 28503, 10655, 22503, 31496, 2315, 20651, 8841, 31839, 19553, 13286, 15743]",0
3137,VALIDATION,NORMAL,"[17363, 25193, 30378, 12664, 22335, 20083, 25030, 21274, 30363, 23690, 13680, 7703, 27440, 26725, 4730, 6437, 16840, 554, 28051, 23111]",0
3138,VALIDATION,NORMAL,"[5751, 16456, 27461, 18022, 6558, 30185, 13540, 17673, 8895, 12182, 18420, 4931, 31190, 2852, 8983, 15426, 9362, 21771, 14154, 24019]",0
3139,VALIDATION,NORMAL,"[21908, 14896, 18226, 5853, 14108, 9105, 6851, 31502, 19183, 31249, 7424, 3430, 17710, 25072, 2753, 3532, 24528, 29207, 11971, 2117]",0
3140,VALIDATION,NORMAL,"[30894, 19093, 6809, 5707, 10268, 14767, 22355, 27922, 2334, 20733, 28245, 8004, 11968, 9370, 17575, 25068, 25984, 25105, 24485, 23958]",0
3141,VALIDATION,NORMAL,"[12002, 26120, 22993, 1210, 9743, 17485, 14673, 9930, 25790, 23769, 2281, 12137, 1322, 11272, 10800, 7309, 20510, 15179, 9425, 12117]",0
3142,VALIDATION,NORMAL,"[10563, 61, 27441, 18395, 19578, 15872, 1644, 1430, 17585, 482, 7137, 18739, 18720, 1817, 9721, 28193, 26190, 19334, 9974, 14470]",0
3143,VALIDATION,NORMAL,"[4898, 29333, 14376, 19468, 10546, 540, 25402, 6570, 14074, 5431, 20142, 8886, 14859, 11158, 10571, 5448, 24124, 886, 16111, 26116]",0
3144,VALIDATION,NORMAL,"[28518, 22030, 26947, 20872, 29667, 9846, 15957, 30684, 21249, 14547, 26834, 9274, 1287, 18090, 309, 16564, 10629, 15704, 13098, 7994]",0
3145,VALIDATION,NORMAL,"[12693, 9769, 16846, 8061, 16052, 1041, 10812, 21214, 12609, 25312, 663, 21848, 14630, 19200, 13478, 17248, 23680, 9825, 21907, 6045]",0
3146,VALIDATION,NORMAL,"[30145, 30199, 5534, 9125, 5988, 28601, 6108, 28677, 10670, 2384, 18929, 761, 10953, 26270, 18530, 22263, 5939, 21883, 6834, 15870]",0
3147,VALIDATION,NORMAL,"[17773, 591, 29332, 16403, 12641, 14289, 21705, 13669, 23284, 10512, 24302, 23169, 30243, 1566, 15667, 4111, 6210, 7392, 25481, 22537]",0
3148,VALIDATION,NORMAL,"[28466, 11502, 2771, 628, 14967, 10822, 3852, 21986, 20330, 17517, 24662, 18658, 13577, 15885, 7709, 18999, 2874, 12923, 19773, 6726]",0
3149,VALIDATION,NORMAL,"[12371, 22534, 13336, 2107, 19513, 9449, 12378, 21460, 2593, 18963, 6582, 13582, 151, 290, 27942, 24840, 13766, 20267, 4935, 28173]",0
3150,VALIDATION,NORMAL,"[13673, 19450, 8390, 10131, 28589, 2460, 12831, 11449, 27873, 12199, 74, 5969, 24799, 25002, 12712, 20108, 25082, 3626, 2656, 11037]",0
3151,VALIDATION,NORMAL,"[7802, 12382, 26956, 1859, 7023, 3812, 9162, 1080, 27905, 12004, 5631, 30718, 8645, 29172, 13366, 450, 21070, 253, 19861, 28722]",0
3152,VALIDATION,NORMAL,"[24554, 17388, 742, 9605, 26560, 7358, 12358, 30593, 17001, 26023, 26489, 5825, 30234, 12621, 10134, 19808, 24617, 9379, 10402, 3011]",0
3153,VALIDATION,NORMAL,"[16436, 18053, 23899, 13410, 3292, 13319, 8623, 10626, 11918, 23999, 10498, 17591, 9813, 30226, 1572, 26166, 19033, 27727, 28610, 2421]",0
3154,VALIDATION,NORMAL,"[15317, 30003, 7348, 5630, 20619, 3952, 13933, 17050, 25044, 1579, 22971, 2974, 13118, 12615, 5666, 21332, 21162, 20141, 8301, 5146]",0
3155,VALIDATION,NORMAL,"[28341, 30048, 26882, 14034, 21711, 9563, 12913, 26568, 30793, 5433, 3489, 2243, 29722, 14058, 7001, 27972, 9775, 2938, 22882, 26493]",0
3156,VALIDATION,NORMAL,"[20528, 20911, 16506, 25683, 8949, 16851, 16326, 4343, 8803, 383, 10112, 31930, 18394, 23380, 9660, 29178, 4474, 32029, 6167, 29113]",0
3157,VALIDATION,NORMAL,"[20593, 24033, 4361, 27181, 11329, 19049, 3648, 27493, 3418, 21310, 18229, 26485, 19844, 30955, 7699, 7016, 29867, 16604, 15477, 25354]",0
3158,VALIDATION,NORMAL,"[6383, 10139, 24234, 16993, 23868, 5110, 20011, 1839, 12690, 26122, 6714, 31037, 15340, 21900, 11652, 24977, 3075, 27845, 11896, 16897]",0
3159,VALIDATION,NORMAL,"[15439, 25809, 6102, 13610, 31133, 29906, 8905, 10774, 8416, 22610, 7144, 31795, 5852, 18579, 4591, 9959, 2006, 7726, 4032, 17155]",0
3160,VALIDATION,NORMAL,"[30172, 31541, 11133, 20109, 6052, 258, 27322, 2671, 19023, 21574, 2222, 15896, 5054, 3899, 19684, 21988, 2925, 18054, 31700, 28479]",0
3161,VALIDATION,NORMAL,"[14296, 11678, 999, 29764, 10549, 584, 11293, 4736, 29209, 14412, 13221, 14837, 8128, 20969, 15244, 16570, 20776, 16310, 1158, 1733]",0
3162,VALIDATION,NORMAL,"[26732, 14628, 26769, 18157, 14582, 13069, 10335, 28100, 21026, 8358, 5042, 31788, 6252, 8894, 6711, 8189, 31353, 23027, 28996, 22488]",0
3163,VALIDATION,NORMAL,"[17342, 12171, 24328, 4946, 19339, 5367, 2510, 1648, 31625, 8164, 12860, 27764, 31665, 30790, 18023, 22585, 4295, 5272, 803, 3426]",0
3164,VALIDATION,NORMAL,"[919, 19217, 808, 8594, 17093, 22838, 10194, 3580, 6847, 20894, 10281, 24037, 14891, 15407, 1103, 6921, 2204, 19777, 13501, 19501]",0
3165,VALIDATION,NORMAL,"[8368, 7279, 12645, 6344, 30970, 2890, 11335, 9531, 32000, 25376, 2172, 715, 28373, 20974, 2726, 2354, 14725, 21320, 28414, 22952]",0
3166,VALIDATION,NORMAL,"[2666, 25349, 13702, 28570, 1185, 23955, 7481, 2685, 27325, 11735, 31287, 17819, 22493, 31581, 29763, 24126, 17086, 12288, 27929, 11253]",0
3167,VALIDATION,NORMAL,"[13725, 12271, 17236, 4299, 30940, 25298, 18894, 17841, 1953, 18927, 11923, 3991, 10548, 8680, 15794, 8662, 12021, 15451, 11288, 4160]",0
3168,VALIDATION,NORMAL,"[10646, 48, 20407, 7055, 5952, 17985, 6276, 6919, 20996, 25431, 20790, 14205, 30664, 18337, 17383, 17618, 2598, 9556, 26707, 19349]",0
3169,VALIDATION,NORMAL,"[30787, 26922, 30176, 9561, 19586, 18050, 21845, 10088, 8097, 10045, 3119, 18426, 26563, 28475, 23181, 27051, 30062, 294, 7574, 2323]",0
3170,VALIDATION,NORMAL,"[12678, 22820, 30681, 9547, 12981, 21756, 31695, 9002, 9965, 18839, 19466, 30416, 275, 322, 4335, 8230, 24207, 20710, 13614, 29351]",0
3171,VALIDATION,NORMAL,"[17409, 22611, 10159, 30734, 7224, 521, 14402, 16249, 19764, 4423, 9186, 31189, 9371, 5258, 17613, 19488, 28042, 22434, 27631, 22575]",0
3172,VALIDATION,NORMAL,"[28198, 11011, 14499, 29885, 11886, 2670, 12145, 7732, 31934, 31178, 21590, 27925, 15985, 29780, 16759, 19550, 21223, 22305, 30139, 1702]",0
3173,VALIDATION,NORMAL,"[18916, 4125, 1155, 18807, 25780, 7698, 13907, 25555, 5556, 4921, 27546, 9520, 10099, 23791, 4868, 30775, 28801, 11973, 8014, 32031]",0
3174,VALIDATION,NORMAL,"[23022, 11609, 2303, 667, 15117, 20473, 12851, 17546, 11481, 25333, 25612, 15257, 2871, 25000, 17187, 22246, 27216, 27120, 10589, 755]",0
3175,VALIDATION,NORMAL,"[22870, 7076, 29074, 5824, 6450, 8421, 4266, 24876, 15412, 4422, 29092, 4456, 692, 30501, 27626, 3141, 20869, 27775, 9276, 20071]",0
3176,VALIDATION,NORMAL,"[8428, 9313, 11684, 2568, 13382, 20084, 8231, 13204, 202, 24231, 14110, 28519, 24320, 12598, 27073, 14229, 5260, 23529, 25630, 16513]",0
3177,VALIDATION,NORMAL,"[20596, 27669, 26844, 9579, 31867, 21237, 13018, 495, 27738, 31794, 7507, 30982, 18779, 16920, 20526, 29936, 2857, 5792, 7201, 3296]",0
3178,VALIDATION,NORMAL,"[2212, 20450, 17989, 18700, 27314, 11771, 31227, 5224, 23379, 7966, 3120, 16962, 28831, 23954, 28489, 5575, 18321, 31811, 15291, 21708]",0
3179,VALIDATION,NORMAL,"[994, 15415, 2350, 26048, 22228, 25192, 29784, 20462, 11263, 17270, 27744, 876, 4980, 24529, 13824, 30308, 12043, 14027, 15281, 3700]",0
3180,VALIDATION,NORMAL,"[17165, 11123, 27884, 24118, 16965, 11397, 8082, 9736, 31505, 7487, 9435, 5966, 28224, 21828, 24258, 16133, 14862, 22364, 21121, 11988]",0
3181,VALIDATION,NORMAL,"[29358, 23186, 22584, 13672, 20795, 25956, 6591, 22612, 16969, 16658, 15057, 11138, 18946, 5104, 6101, 24545, 13650, 10791, 22408, 14093]",0
3182,VALIDATION,NORMAL,"[31891, 26511, 17241, 26216, 21273, 23394, 30850, 18383, 5795, 11574, 25049, 28113, 8054, 16979, 9551, 19714, 3883, 10979, 24088, 22128]",0
3183,VALIDATION,NORMAL,"[11660, 5708, 14375, 1961, 20906, 12918, 3126, 6532, 24726, 29360, 23413, 29624, 21703, 24525, 19971, 3550, 15946, 28856, 15151, 26345]",0
3184,VALIDATION,NORMAL,"[26751, 6693, 23818, 6000, 29538, 2487, 10895, 20698, 24993, 30122, 29083, 7411, 14031, 9392, 13256, 29046, 18168, 16676, 21623, 21373]",0
3185,VALIDATION,NORMAL,"[5694, 1071, 28545, 22109, 9575, 29071, 16359, 15152, 20820, 26377, 4954, 25168, 5833, 10284, 9445, 2491, 310, 9885, 18369, 21032]",0
3186,VALIDATION,NORMAL,"[17282, 8985, 13760, 21878, 5270, 27882, 27654, 11762, 17993, 1887, 14444, 26736, 1436, 22878, 27041, 8811, 16491, 29676, 54, 823]",0
3187,VALIDATION,NORMAL,"[21512, 12675, 30471, 29847, 23898, 31888, 9670, 16695, 11600, 10590, 22504, 2306, 8601, 5961, 2995, 13062, 10357, 26667, 23980, 7117]",0
3188,VALIDATION,NORMAL,"[28139, 2920, 2527, 8467, 22589, 3696, 20168, 18306, 9109, 25357, 2373, 27207, 22576, 29222, 29283, 30284, 15642, 11984, 8250, 529]",0
3189,VALIDATION,NORMAL,"[1917, 18295, 1481, 14765, 13600, 18765, 3938, 10265, 31432, 5283, 7861, 2791, 28365, 27749, 12990, 21089, 14, 22846, 30875, 19214]",0
3190,VALIDATION,NORMAL,"[13119, 12482, 8381, 20634, 30077, 20803, 17049, 12320, 18751, 23393, 7910, 21521, 1731, 24056, 10584, 5412, 29531, 17285, 12356, 27287]",0
3191,VALIDATION,NORMAL,"[17656, 22201, 14996, 25494, 18425, 30216, 12502, 1301, 6359, 6449, 2069, 9238, 25843, 26257, 26506, 21063, 26892, 10497, 28256, 22186]",0
3192,VALIDATION,NORMAL,"[17900, 9963, 27027, 15630, 13820, 28943, 14169, 28279, 1419, 21702, 1841, 8953, 8148, 14976, 2275, 13283, 14820, 7637, 27607, 13059]",0
3193,VALIDATION,NORMAL,"[20403, 13143, 6831, 8587, 13641, 11064, 17140, 22640, 4310, 9550, 24061, 9235, 6253, 19530, 15995, 26465, 22510, 4451, 3149, 27632]",0
3194,VALIDATION,NORMAL,"[10193, 19406, 4824, 18227, 14420, 460, 17311, 25326, 30877, 21857, 6848, 598, 6262, 30324, 9614, 2731, 23907, 25248, 31209, 22694]",0
3195,VALIDATION,NORMAL,"[18403, 13518, 3653, 25753, 18429, 2382, 5400, 13675, 14311, 23105, 6777, 15586, 968, 14758, 24878, 14238, 29609, 67, 15806, 49]",0
3196,VALIDATION,NORMAL,"[22998, 31169, 30911, 23858, 19536, 10624, 9693, 3429, 21043, 7576, 20487, 25180, 27829, 9057, 27678, 16974, 22473, 9441, 20752, 8409]",0
3197,VALIDATION,NORMAL,"[3445, 1205, 31655, 7121, 28630, 14279, 27008, 18511, 3064, 30357, 31405, 12616, 13979, 7607, 2596, 26571, 21203, 12065, 7533, 25087]",0
3198,VALIDATION,NORMAL,"[21099, 23514, 27955, 9364, 20352, 9036, 26573, 932, 23731, 7689, 1847, 31648, 17083, 24834, 2876, 13004, 4993, 20616, 18998, 31393]",0
3199,VALIDATION,NORMAL,"[3822, 21876, 9507, 29801, 31693, 8255, 26340, 13117, 3146, 18513, 27584, 13573, 3728, 20192, 11386, 1744, 10852, 3657, 20913, 13124]",0
3200,VALIDATION,ATTACK_ONSET,"[27732, 30639, 8154, 21602, 12374, 11601, 28353, 7742, 25097, 2170, 18026, 1919, 11452, 13935, 22214, 15993, 14409, 14426, 20954, 16520]",1
3201,VALIDATION,ATTACK_ONSET,"[17151, 27685, 21563, 11466, 3639, 13879, 23071, 27465, 8046, 826, 238, 4749, 31150, 31689, 13053, 25275, 18082, 14787, 10593, 11241]",1
3202,VALIDATION,ATTACK_ONSET,"[5757, 16262, 3226, 1585, 7654, 29882, 7452, 16379, 8080, 30171, 18607, 25247, 10404, 6161, 22884, 28551, 25975, 3125, 26599, 8287]",1
3203,VALIDATION,ATTACK_ONSET,"[17368, 8206, 24957, 15213, 12951, 10110, 14002, 28330, 22779, 4807, 5807, 18936, 9578, 28491, 11228, 10150, 12303, 6562, 8369, 22512]",1
3204,VALIDATION,ATTACK_ONSET,"[13116, 18994, 10836, 26310, 5725, 7705, 23198, 5913, 27062, 15617, 16375, 27747, 15968, 7262, 24136, 21881, 8320, 16796, 15505, 10245]",1
3205,VALIDATION,ATTACK_ONSET,"[24281, 22520, 6209, 12411, 10232, 31901, 19064, 6632, 12457, 32023, 22015, 7405, 23114, 30196, 23015, 20482, 5044, 26068, 6471, 12086]",1
3206,VALIDATION,ATTACK_ONSET,"[15096, 23834, 25077, 2404, 25075, 15571, 31346, 13330, 3025, 11321, 13184, 9897, 27335, 20704, 10161, 23026, 13542, 28419, 28643, 25592]",1
3207,VALIDATION,ATTACK_ONSET,"[30810, 9303, 27487, 2115, 16812, 1952, 26803, 5422, 22951, 148, 26077, 28983, 31955, 5718, 28619, 18862, 6588, 243, 19467, 29940]",1
3208,VALIDATION,ATTACK_ONSET,"[2136, 30101, 14272, 11442, 10443, 10101, 22622, 5420, 12834, 16898, 24043, 7052, 5239, 422, 10283, 31398, 22269, 9946, 16064, 30949]",1
3209,VALIDATION,ATTACK_ONSET,"[26124, 25529, 16849, 18496, 26030, 2786, 27638, 7419, 15970, 17951, 2553, 26181, 7557, 14577, 14247, 4168, 22851, 25207, 31499, 18279]",1
3210,VALIDATION,ATTACK_ONSET,"[3910, 21662, 5338, 13878, 7722, 2770, 19395, 7216, 5628, 19244, 11956, 3283, 29307, 25766, 31552, 4050, 28349, 21679, 31800, 19287]",1
3211,VALIDATION,ATTACK_ONSET,"[17332, 6169, 11052, 4207, 16489, 5879, 13430, 30107, 17141, 9315, 28160, 23465, 25825, 1077, 5389, 28626, 16743, 19106, 15142, 13960]",1
3212,VALIDATION,ATTACK_ONSET,"[21276, 26649, 21132, 754, 4391, 30497, 29674, 27612, 7863, 26876, 29616, 22639, 24659, 12369, 17463, 15405, 19907, 31260, 2364, 30113]",1
3213,VALIDATION,ATTACK_ONSET,"[3860, 6005, 884, 19909, 13753, 30674, 27725, 25011, 28036, 13263, 5790, 18409, 13866, 10311, 22017, 11706, 29618, 3414, 29682, 1834]",1
3214,VALIDATION,ATTACK_ONSET,"[22689, 20204, 25959, 9686, 15913, 1612, 20617, 8615, 17326, 16482, 13344, 6579, 23471, 26735, 16734, 10354, 27281, 8102, 951, 21519]",1
3215,VALIDATION,ATTACK_ONSET,"[6071, 23068, 25277, 15963, 2379, 13992, 2691, 4488, 19899, 9776, 12487, 29718, 17562, 22100, 12793, 11787, 13863, 3409, 16624, 2453]",1
3216,VALIDATION,ATTACK_ONSET,"[21459, 24870, 23704, 613, 31429, 30349, 1865, 30616, 8875, 3367, 3172, 10427, 2121, 28653, 16172, 5934, 8769, 8373, 30931, 16990]",1
3217,VALIDATION,ATTACK_ONSET,"[28164, 10449, 16977, 6928, 6008, 11834, 18764, 27604, 14874, 24206, 31073, 21738, 10753, 8984, 15277, 7621, 3449, 22753, 27920, 17013]",1
3218,VALIDATION,ATTACK_ONSET,"[14241, 15760, 27012, 4459, 5103, 15060, 13411, 19234, 15933, 22199, 8574, 415, 16406, 391, 13034, 22219, 28108, 6501, 15384, 13497]",1
3219,VALIDATION,ATTACK_ONSET,"[14734, 4012, 27037, 6267, 29199, 31660, 21340, 2884, 15634, 16978, 26242, 24805, 24709, 147, 11722, 11703, 7345, 16753, 17975, 12328]",1
3220,VALIDATION,ATTACK_ONSET,"[1466, 5193, 6991, 25458, 3662, 5355, 23171, 19503, 7454, 18138, 9770, 21317, 26052, 7006, 1380, 21175, 8203, 1259, 9995, 29326]",1
3221,VALIDATION,ATTACK_ONSET,"[32063, 13869, 17699, 14244, 26384, 12982, 7103, 2156, 5068, 28622, 24955, 5123, 2026, 25533, 21172, 5876, 14403, 3778, 3161, 15116]",1
3222,VALIDATION,ATTACK_ONSET,"[9228, 23, 26126, 5114, 8256, 13085, 13150, 17100, 29489, 23275, 16509, 19794, 7136, 17581, 18742, 28112, 10124, 3499, 6625, 10606]",1
3223,VALIDATION,ATTACK_ONSET,"[25093, 4981, 8667, 11, 28565, 28453, 8325, 7418, 27230, 14880, 6999, 3932, 3003, 18919, 12520, 12154, 11092, 10272, 21152, 19707]",1
3224,VALIDATION,ATTACK_ONSET,"[29687, 21781, 16757, 5867, 7977, 28312, 20399, 24268, 31338, 6750, 390, 17317, 20195, 15083, 27434, 24336, 19434, 25610, 11604, 19038]",1
3225,VALIDATION,ATTACK_ONSET,"[7501, 17806, 28655, 5039, 6463, 29566, 21592, 14969, 5275, 15052, 3986, 25576, 6508, 8780, 2498, 18842, 18647, 29706, 26813, 19611]",1
3226,VALIDATION,ATTACK_ONSET,"[23133, 14745, 30948, 27690, 7534, 984, 22268, 14857, 29911, 9110, 19206, 28501, 12385, 19136, 11822, 3720, 29255, 20356, 29740, 7736]",1
3227,VALIDATION,ATTACK_ONSET,"[30773, 16901, 16089, 10965, 4280, 13514, 20257, 4385, 2927, 13175, 29350, 20008, 18239, 31093, 18660, 6088, 829, 19233, 18326, 31367]",1
3228,VALIDATION,ATTACK_ONSET,"[15160, 20344, 27733, 13141, 27505, 13934, 15373, 21642, 4548, 13526, 9759, 21296, 21537, 24968, 13966, 14045, 17606, 8426, 30337, 5793]",1
3229,VALIDATION,ATTACK_ONSET,"[14597, 24288, 16425, 25419, 30798, 6856, 2740, 2751, 2651, 8507, 3227, 8277, 11009, 16420, 6132, 15493, 17010, 22747, 13373, 12729]",1
3230,VALIDATION,ATTACK_ONSET,"[2810, 855, 25673, 20821, 29887, 2309, 30084, 16023, 6230, 30924, 10966, 16236, 14320, 24927, 19742, 20281, 4133, 29923, 21782, 20377]",1
3231,VALIDATION,ATTACK_ONSET,"[19642, 30421, 11451, 25636, 27533, 19560, 7142, 27932, 23694, 18207, 23240, 12500, 25640, 29800, 26686, 8174, 6644, 2979, 12802, 12967]",1
3232,VALIDATION,ATTACK_ONSET,"[3556, 1761, 12200, 8456, 463, 14678, 15940, 6665, 22738, 11499, 3763, 25919, 9675, 18266, 17225, 11218, 6290, 30432, 24516, 31345]",1
3233,VALIDATION,ATTACK_ONSET,"[19524, 27352, 4776, 2200, 11960, 6234, 27106, 15547, 2895, 25035, 6455, 28999, 22064, 19382, 1083, 918, 3114, 30671, 29271, 16887]",1
3234,VALIDATION,ATTACK_ONSET,"[16986, 29849, 8975, 19463, 15707, 17143, 6674, 23092, 15183, 9300, 22292, 14586, 12744, 8470, 843, 24773, 29049, 9904, 5665, 31100]",1
3235,VALIDATION,ATTACK_ONSET,"[31407, 11917, 9581, 16982, 20518, 8642, 1312, 19510, 10861, 22459, 18213, 29958, 10771, 14986, 1776, 29905, 12449, 2533, 12817, 25050]",1
3236,VALIDATION,ATTACK_ONSET,"[8070, 6250, 11143, 10737, 8198, 18456, 8891, 18028, 1554, 30509, 12070, 25171, 8610, 11925, 9093, 2079, 973, 2820, 18006, 23663]",1
3237,VALIDATION,ATTACK_ONSET,"[22356, 18556, 2135, 21925, 5823, 25754, 10574, 17031, 12954, 29060, 27801, 3784, 1165, 30093, 18620, 31412, 30581, 10679, 5697, 12196]",1
3238,VALIDATION,ATTACK_ONSET,"[31302, 31534, 28918, 26128, 22792, 26899, 3905, 29437, 1633, 2219, 31307, 7545, 22475, 29173, 9709, 10370, 22465, 29534, 14190, 17758]",1
3239,VALIDATION,ATTACK_ONSET,"[9018, 29108, 31288, 30836, 26843, 13054, 12247, 31720, 17084, 19531, 27015, 16828, 30455, 28398, 9337, 26979, 26376, 17267, 11534, 17568]",1
3240,VALIDATION,ATTACK_ONSET,"[31789, 4863, 2056, 13270, 29061, 8723, 6089, 16347, 2539, 26396, 13622, 17279, 19885, 8805, 21976, 21596, 8748, 1283, 21956, 17783]",1
3241,VALIDATION,ATTACK_ONSET,"[9180, 14962, 8478, 16484, 19069, 19670, 2757, 2424, 27567, 8346, 25760, 23549, 18339, 21079, 12143, 14077, 31685, 21189, 4855, 22112]",1
3242,VALIDATION,ATTACK_ONSET,"[6769, 30565, 28244, 20454, 20126, 19398, 26821, 21731, 5770, 16729, 11319, 1066, 11709, 29708, 3865, 5745, 30477, 28058, 17664, 21]",1
3243,VALIDATION,ATTACK_ONSET,"[25088, 18614, 5289, 6789, 15560, 3821, 29200, 21159, 22735, 27057, 6095, 29182, 23966, 25503, 26232, 16686, 5192, 5624, 3059, 2626]",1
3244,VALIDATION,ATTACK_ONSET,"[13327, 3937, 2590, 19857, 28102, 6342, 17631, 16760, 27901, 11000, 18715, 15643, 6353, 28832, 23495, 4062, 2178, 11276, 24997, 22780]",1
3245,VALIDATION,ATTACK_ONSET,"[17392, 16650, 21322, 18640, 21697, 25130, 9613, 21920, 806, 45, 20398, 24614, 4675, 8581, 9916, 15075, 25613, 8771, 31121, 26798]",1
3246,VALIDATION,ATTACK_ONSET,"[7891, 12458, 7180, 1399, 26209, 26220, 20853, 18320, 19212, 20868, 27940, 2106, 2765, 14979, 25380, 5772, 20600, 13981, 26914, 15240]",1
3247,VALIDATION,ATTACK_ONSET,"[1986, 31233, 4765, 29347, 29432, 9797, 22688, 9074, 24589, 6514, 26579, 2887, 17284, 21916, 29589, 18944, 24358, 16919, 23695, 19231]",1
3248,VALIDATION,ATTACK_ONSET,"[146, 1598, 22659, 30904, 23820, 20815, 25205, 4407, 31177, 11611, 26479, 11383, 18366, 2201, 31877, 18550, 16229, 26333, 5373, 27103]",1
3249,VALIDATION,ATTACK_ONSET,"[31946, 25994, 24450, 4881, 17238, 15235, 25617, 8180, 24054, 28800, 11393, 1439, 3974, 31792, 28678, 31606, 2340, 21187, 31487, 9347]",1
3250,VALIDATION,ATTACK_ONSET,"[28208, 17425, 17419, 10468, 28975, 17895, 9530, 26853, 23640, 29418, 30997, 10289, 22599, 7866, 9229, 24620, 9222, 30371, 4969, 716]",1
3251,VALIDATION,ATTACK_ONSET,"[20653, 16139, 27250, 27894, 14939, 20322, 29549, 16329, 7788, 6914, 20114, 16710, 9733, 729, 15491, 26752, 14897, 27913, 2549, 7827]",1
3252,VALIDATION,ATTACK_ONSET,"[12266, 26559, 29100, 12843, 11953, 29416, 25392, 24421, 30890, 24151, 9997, 16046, 20809, 24461, 20069, 7459, 28181, 25365, 18231, 30298]",1
3253,VALIDATION,ATTACK_ONSET,"[13858, 1521, 22266, 22133, 18262, 15536, 25669, 5267, 21892, 25066, 19180, 23577, 20521, 27753, 2954, 18254, 580, 23512, 24532, 29769]",1
3254,VALIDATION,ATTACK_ONSET,"[19745, 1809, 14525, 14240, 10880, 22663, 7536, 31598, 1384, 6521, 28758, 16253, 16607, 22571, 24053, 1223, 175, 14506, 14043, 1469]",1
3255,VALIDATION,ATTACK_ONSET,"[22439, 4890, 23457, 19772, 18081, 21897, 27153, 3837, 30141, 5318, 9559, 4029, 10018, 32099, 11182, 6955, 7133, 5536, 15438, 25381]",1
3256,VALIDATION,ATTACK_ONSET,"[25038, 1800, 12917, 25712, 30723, 30804, 16536, 7408, 30532, 3282, 3490, 25047, 9806, 25446, 30660, 27084, 7079, 12179, 31549, 14834]",1
3257,VALIDATION,ATTACK_ONSET,"[8832, 25643, 19486, 3083, 26162, 27105, 8677, 16595, 25382, 11792, 4601, 31547, 4184, 17376, 27702, 8962, 7556, 13999, 7588, 31733]",1
3258,VALIDATION,ATTACK_ONSET,"[27659, 15964, 24867, 8836, 345, 7616, 27124, 960, 27717, 599, 12761, 30304, 16541, 10769, 16843, 499, 16350, 8015, 26331, 31433]",1
3259,VALIDATION,ATTACK_ONSET,"[15236, 20224, 7235, 3919, 21109, 25511, 3775, 21037, 14255, 6427, 6894, 17894, 29697, 28015, 25095, 13844, 30990, 431, 24622, 18685]",1
3260,VALIDATION,ATTACK_ONSET,"[11280, 1443, 12938, 12463, 28424, 24734, 13644, 4277, 21401, 19370, 8048, 3787, 11553, 21391, 28150, 18278, 16057, 30105, 21142, 1395]",1
3261,VALIDATION,ATTACK_ONSET,"[18171, 622, 27643, 28900, 11152, 25847, 16519, 23017, 29472, 16481, 15055, 504, 31160, 27435, 9606, 19846, 14266, 3370, 29884, 20644]",1
3262,VALIDATION,ATTACK_ONSET,"[8693, 28911, 16773, 19119, 30154, 23535, 7879, 21572, 20295, 22578, 23928, 30437, 28792, 4973, 25315, 5884, 30486, 29451, 2864, 19041]",1
3263,VALIDATION,ATTACK_ONSET,"[22626, 28393, 30138, 5434, 12347, 23127, 5686, 19131, 30554, 23059, 19485, 5419, 30614, 7132, 32007, 17803, 3680, 31766, 4525, 2680]",1
3264,VALIDATION,ATTACK_ONSET,"[2636, 5011, 18872, 17128, 7143, 5995, 31154, 12116, 22650, 7303, 6965, 25170, 28097, 23340, 16493, 14748, 20801, 7508, 24141, 17738]",1
3265,VALIDATION,ATTACK_ONSET,"[10278, 28659, 24453, 4759, 15954, 26187, 2971, 15379, 13239, 23383, 11768, 17431, 20513, 9569, 12473, 21550, 5099, 15866, 27206, 266]",1
3266,VALIDATION,ATTACK_ONSET,"[10700, 20432, 7003, 17845, 28730, 30117, 7363, 28443, 22177, 9572, 2370, 3090, 6969, 29927, 10446, 8584, 23813, 88, 24489, 13268]",1
3267,VALIDATION,ATTACK_ONSET,"[2183, 21248, 16075, 12367, 13790, 3723, 4656, 23889, 6869, 2645, 115, 23258, 31854, 20118, 22526, 27886, 15918, 4647, 25037, 5223]",1
3268,VALIDATION,ATTACK_ONSET,"[24339, 14446, 1368, 28860, 29998, 589, 20754, 13728, 4100, 6951, 22900, 32005, 10285, 22674, 18129, 10061, 13813, 20216, 7387, 19477]",1
3269,VALIDATION,ATTACK_ONSET,"[23593, 15674, 21927, 25635, 12399, 31960, 23274, 29879, 31743, 22930, 22283, 15485, 30952, 2856, 21390, 19378, 23686, 14078, 13437, 28560]",1
3270,VALIDATION,ATTACK_ONSET,"[51, 17727, 548, 30142, 13112, 29091, 18931, 22744, 20081, 420, 6923, 1779, 20791, 25931, 4659, 4134, 20847, 1276, 20331, 12390]",1
3271,VALIDATION,ATTACK_ONSET,"[13066, 12952, 14898, 10044, 3020, 29248, 25535, 7361, 19141, 1763, 18242, 19800, 25755, 10003, 23884, 12354, 13421, 23835, 5727, 30987]",1
3272,VALIDATION,ATTACK_ONSET,"[8146, 15771, 23440, 5076, 19559, 27893, 15344, 20034, 9249, 27274, 5768, 9416, 4051, 7450, 2041, 27313, 14095, 12370, 3214, 19376]",1
3273,VALIDATION,ATTACK_ONSET,"[19229, 30179, 14219, 7281, 21165, 25250, 16143, 17829, 10947, 23641, 24593, 6362, 29696, 13852, 29439, 22549, 10708, 27009, 904, 3487]",1
3274,VALIDATION,ATTACK_ONSET,"[30502, 28991, 4120, 8053, 9889, 23060, 31057, 7147, 17970, 14730, 24561, 3634, 9092, 12410, 1889, 9739, 14752, 18435, 6474, 17616]",1
3275,VALIDATION,ATTACK_ONSET,"[30439, 13607, 3726, 12980, 28665, 26262, 1268, 14625, 19776, 6549, 17420, 22601, 22984, 7135, 26561, 30053, 22270, 28852, 14761, 6246]",1
3276,VALIDATION,ATTACK_ONSET,"[137, 7883, 24028, 7794, 18510, 582, 15583, 18174, 31088, 26763, 7189, 20041, 30806, 8271, 11479, 16150, 17170, 389, 687, 30147]",1
3277,VALIDATION,ATTACK_ONSET,"[3828, 26603, 14459, 30531, 11936, 7422, 16341, 372, 29012, 23838, 5844, 19155, 21913, 25688, 9967, 9296, 11640, 30267, 8802, 19771]",1
3278,VALIDATION,ATTACK_ONSET,"[5517, 11919, 182, 18778, 31163, 10576, 11906, 20343, 29378, 26362, 13132, 11409, 3264, 11809, 9735, 17442, 9138, 29509, 2552, 25199]",1
3279,VALIDATION,ATTACK_ONSET,"[2664, 20794, 11885, 2888, 787, 20819, 23887, 31465, 9453, 26641, 18281, 6754, 19987, 23075, 18004, 22679, 16285, 2594, 19829, 579]",1
3280,VALIDATION,ATTACK_ONSET,"[21618, 27401, 19851, 23941, 17381, 29680, 16878, 28735, 32033, 8323, 17679, 9383, 6825, 18249, 3246, 30356, 20588, 8276, 21495, 29786]",1
3281,VALIDATION,ATTACK_ONSET,"[27602, 6341, 18950, 31501, 29505, 304, 23792, 585, 27651, 14994, 1213, 11682, 13941, 3222, 20862, 22701, 17863, 20170, 17336, 31094]",1
3282,VALIDATION,ATTACK_ONSET,"[29827, 693, 22329, 1299, 1056, 20265, 20759, 28538, 19326, 8454, 5067, 14159, 13352, 16193, 12153, 27039, 25489, 330, 2376, 12341]",1
3283,VALIDATION,ATTACK_ONSET,"[10249, 11462, 25375, 5397, 29355, 15807, 10675, 5561, 9961, 29693, 23131, 14529, 12595, 25840, 15447, 19166, 7082, 19479, 10398, 24373]",1
3284,VALIDATION,ATTACK_ONSET,"[24803, 19932, 19814, 18974, 31384, 23343, 20213, 16192, 27462, 13486, 15437, 20818, 25583, 22797, 16158, 25281, 9099, 27875, 23603, 104]",1
3285,VALIDATION,ATTACK_ONSET,"[26551, 27475, 27976, 18758, 16277, 8613, 2721, 23261, 28527, 20808, 3506, 16791, 5736, 16004, 22557, 30597, 19506, 27382, 23637, 2611]",1
3286,VALIDATION,ATTACK_ONSET,"[4800, 25796, 4694, 26582, 27975, 18574, 8547, 8149, 21523, 22996, 3358, 28942, 11206, 29029, 10266, 12828, 5376, 30380, 26953, 11317]",1
3287,VALIDATION,ATTACK_ONSET,"[17026, 25833, 21436, 28897, 24690, 19307, 13266, 31822, 3880, 18581, 17403, 31827, 24486, 31757, 4592, 30725, 27119, 1958, 5563, 21348]",1
3288,VALIDATION,ATTACK_ONSET,"[19508, 12800, 28843, 28968, 4106, 16202, 15850, 13326, 23622, 25396, 31609, 2047, 18013, 24660, 31993, 30030, 4614, 31964, 14204, 13079]",1
3289,VALIDATION,ATTACK_ONSET,"[22381, 21399, 8492, 28628, 25460, 21701, 23061, 14338, 4671, 13594, 16722, 31805, 16976, 9788, 10696, 10892, 673, 25162, 21184, 22002]",1
3290,VALIDATION,ATTACK_ONSET,"[31086, 23948, 25687, 27990, 25682, 17174, 9828, 22905, 2654, 14256, 18621, 17071, 12119, 23785, 411, 7246, 4768, 9617, 22818, 13549]",1
3291,VALIDATION,ATTACK_ONSET,"[9703, 24289, 14651, 12445, 10135, 6249, 18606, 6791, 29486, 26696, 12192, 8290, 1708, 24233, 15322, 16001, 17045, 25465, 13234, 10935]",1
3292,VALIDATION,ATTACK_ONSET,"[2906, 12659, 24496, 30420, 10906, 3597, 23265, 30467, 11769, 15800, 28812, 4790, 3501, 14701, 16418, 7766, 22947, 9999, 29685, 15666]",1
3293,VALIDATION,ATTACK_ONSET,"[7870, 16294, 9024, 18410, 25429, 31185, 14462, 26063, 31048, 21932, 2414, 19337, 26652, 12835, 13914, 5629, 28724, 13314, 5722, 7678]",1
3294,VALIDATION,ATTACK_ONSET,"[3312, 23323, 18177, 14182, 16498, 14606, 23367, 26709, 5796, 10298, 29193, 27855, 8960, 25060, 16288, 11105, 3873, 23305, 15782, 13804]",1
3295,VALIDATION,ATTACK_ONSET,"[12876, 24342, 30905, 7310, 26681, 27666, 28613, 2807, 8884, 25216, 18414, 8333, 5730, 3504, 2304, 19939, 8124, 28374, 27499, 13652]",1
3296,VALIDATION,ATTACK_ONSET,"[6906, 10108, 2777, 30049, 19681, 3135, 19080, 17658, 14694, 28530, 29878, 30914, 16377, 12496, 278, 3572, 26476, 3805, 10898, 18489]",1
3297,VALIDATION,ATTACK_ONSET,"[13855, 22107, 27797, 3000, 27824, 1337, 28450, 12027, 4084, 18516, 12734, 26360, 30294, 20292, 1116, 5477, 24086, 31989, 11072, 28556]",1
3298,VALIDATION,ATTACK_ONSET,"[9203, 683, 10649, 4509, 24837, 8545, 9574, 26140, 19460, 23906, 23631, 1546, 25355, 27716, 10403, 28018, 4704, 24524, 24886, 21669]",1
3299,VALIDATION,ATTACK_ONSET,"[16763, 3539, 22861, 31855, 3599, 8928, 16638, 7335, 26487, 17830, 29366, 24354, 28639, 9292, 14576, 13706, 1664, 13291, 28564, 13637]",1
3300,VALIDATION,SUSTAINED_ATTACK,"[22058, 836, 14617, 31117, 31630, 26659, 3877, 6533, 355, 25206, 1021, 2408, 25842, 5428, 9058, 15459, 28394, 20324, 18017, 7293]",1
3301,VALIDATION,SUSTAINED_ATTACK,"[31895, 14552, 22647, 21654, 20846, 3470, 12775, 15729, 25026, 30900, 15466, 26266, 13351, 16015, 28552, 4876, 3130, 25539, 21926, 26160]",1
3302,VALIDATION,SUSTAINED_ATTACK,"[4202, 3196, 14997, 31976, 16106, 18884, 86, 21999, 23756, 6151, 23390, 5401, 10407, 18259, 2173, 3552, 21354, 2132, 22994, 11120]",1
3303,VALIDATION,SUSTAINED_ATTACK,"[10551, 21028, 5492, 21750, 5804, 8709, 7368, 1818, 8086, 9201, 17277, 30336, 4572, 13563, 2305, 25070, 120, 23788, 17058, 28185]",1
3304,VALIDATION,SUSTAINED_ATTACK,"[26500, 30592, 24415, 24998, 4128, 19847, 27890, 18755, 25185, 7277, 23492, 27236, 6630, 8738, 11377, 29191, 5307, 13557, 948, 5928]",1
3305,VALIDATION,SUSTAINED_ATTACK,"[20303, 4065, 20780, 6307, 24423, 14795, 2185, 1928, 1030, 22422, 2449, 22710, 30413, 16553, 470, 4988, 7233, 12903, 588, 7862]",1
3306,VALIDATION,SUSTAINED_ATTACK,"[26720, 21545, 13948, 31337, 17692, 14666, 19623, 7959, 352, 31184, 24144, 25398, 21279, 24513, 22667, 1811, 22988, 22948, 5938, 20741]",1
3307,VALIDATION,SUSTAINED_ATTACK,"[3849, 10263, 23967, 23724, 30539, 9590, 32113, 28143, 25706, 210, 13217, 8892, 18852, 28063, 13876, 5174, 1017, 6135, 27790, 24331]",1
3308,VALIDATION,SUSTAINED_ATTACK,"[24544, 17158, 20107, 9760, 30613, 691, 3921, 22140, 26787, 22607, 1499, 16003, 1536, 11249, 25732, 12003, 6875, 25256, 10203, 23814]",1
3309,VALIDATION,SUSTAINED_ATTACK,"[15522, 12276, 18092, 18442, 30605, 26397, 23683, 244, 8843, 2719, 12979, 21064, 27383, 29850, 4836, 22311, 1525, 16449, 4663, 31767]",1
3310,VALIDATION,SUSTAINED_ATTACK,"[14982, 30352, 9431, 12209, 14362, 15557, 6576, 3672, 1284, 8386, 21351, 12587, 21830, 30038, 5232, 27780, 30402, 1767, 25577, 29026]",1
3311,VALIDATION,SUSTAINED_ATTACK,"[34, 9577, 15620, 17716, 22316, 14709, 7923, 25871, 14016, 21371, 1690, 4827, 20269, 6713, 25410, 24729, 17413, 20460, 26448, 1973]",1
3312,VALIDATION,SUSTAINED_ATTACK,"[5403, 27219, 16231, 8537, 16485, 25911, 17827, 15383, 28273, 1771, 2192, 2688, 6854, 12149, 9780, 5030, 31017, 32088, 15906, 6358]",1
3313,VALIDATION,SUSTAINED_ATTACK,"[7625, 23922, 1254, 19519, 24579, 29615, 30594, 31251, 17636, 9193, 25204, 23527, 6065, 14343, 15520, 3709, 3740, 17181, 2101, 26991]",1
3314,VALIDATION,SUSTAINED_ATTACK,"[31516, 1947, 14931, 2894, 29910, 15163, 16466, 3244, 11010, 7822, 30519, 1265, 14448, 25879, 25716, 23915, 28420, 7908, 23063, 10683]",1
3315,VALIDATION,SUSTAINED_ATTACK,"[2776, 4779, 10936, 20075, 7797, 10302, 30988, 27926, 4612, 5715, 2463, 11415, 24665, 881, 11943, 28841, 16896, 12274, 3951, 24971]",1
3316,VALIDATION,SUSTAINED_ATTACK,"[24318, 5286, 4885, 6143, 19240, 26554, 23696, 4983, 30699, 21382, 9745, 29517, 432, 31760, 3968, 7130, 11731, 17549, 29511, 23296]",1
3317,VALIDATION,SUSTAINED_ATTACK,"[25743, 19410, 17201, 4432, 19332, 6717, 11210, 29146, 24040, 5312, 30521, 29407, 14100, 17290, 9349, 10673, 16480, 31158, 15724, 10294]",1
3318,VALIDATION,SUSTAINED_ATTACK,"[12106, 2917, 3729, 20576, 9690, 12869, 1604, 11030, 11406, 4940, 6334, 2161, 17635, 2788, 4888, 4751, 509, 18709, 3128, 6487]",1
3319,VALIDATION,SUSTAINED_ATTACK,"[9023, 10119, 20323, 28010, 31259, 11602, 789, 27107, 27598, 9246, 9015, 31102, 12827, 6819, 32010, 19638, 23879, 15158, 19860, 24616]",1
3320,VALIDATION,SUSTAINED_ATTACK,"[27426, 9131, 8029, 3542, 12537, 21058, 31141, 1725, 20972, 24526, 9748, 29822, 22391, 20113, 19724, 22960, 1062, 30880, 13694, 21990]",1
3321,VALIDATION,SUSTAINED_ATTACK,"[10946, 17899, 11643, 11508, 20867, 25274, 25703, 1627, 8153, 28660, 2055, 29892, 15997, 23221, 4784, 9583, 15430, 30134, 14292, 3578]",1
3322,VALIDATION,SUSTAINED_ATTACK,"[28167, 16822, 2144, 13126, 18826, 20318, 23787, 3693, 15828, 30742, 22050, 22046, 13722, 11608, 23047, 9949, 19731, 4851, 2918, 31666]",1
3323,VALIDATION,SUSTAINED_ATTACK,"[7075, 240, 25134, 9724, 8027, 15967, 5101, 3187, 2310, 4223, 5453, 12859, 30446, 8435, 24395, 10504, 2709, 2131, 15167, 8589]",1
3324,VALIDATION,SUSTAINED_ATTACK,"[3118, 23415, 7796, 10492, 17310, 8385, 29709, 30967, 17858, 7649, 31098, 13655, 8664, 12748, 8551, 22506, 6511, 55, 7289, 21186]",1
3325,VALIDATION,SUSTAINED_ATTACK,"[29415, 18114, 12821, 11873, 759, 14297, 20781, 10529, 11937, 16713, 8199, 21143, 22771, 19631, 16875, 31040, 25658, 630, 4723, 27968]",1
3326,VALIDATION,SUSTAINED_ATTACK,"[11369, 4593, 28838, 24915, 14313, 11202, 1127, 14427, 18593, 21735, 11312, 17226, 31663, 27794, 23285, 3319, 3858, 11161, 27170, 22702]",1
3327,VALIDATION,SUSTAINED_ATTACK,"[17107, 11529, 7887, 32072, 12888, 7157, 31319, 31962, 10990, 2946, 11242, 12048, 5092, 17567, 29572, 8436, 9217, 11546, 17933, 2003]",1
3328,VALIDATION,SUSTAINED_ATTACK,"[20332, 15517, 13347, 17887, 19457, 11357, 12799, 12131, 25173, 14648, 3923, 17410, 25367, 17501, 2282, 4353, 22916, 6979, 19612, 230]",1
3329,VALIDATION,SUSTAINED_ATTACK,"[29161, 11997, 29734, 25946, 18465, 11311, 140, 8395, 17305, 21087, 26912, 12129, 29388, 22286, 28811, 16276, 1090, 22569, 26470, 15765]",1
3330,VALIDATION,SUSTAINED_ATTACK,"[23802, 19911, 23125, 19236, 24240, 29813, 23617, 9044, 950, 7176, 27231, 10974, 777, 14635, 2481, 28361, 23989, 7596, 8166, 30237]",1
3331,VALIDATION,SUSTAINED_ATTACK,"[6268, 10093, 14728, 20065, 784, 20039, 4716, 19118, 1448, 3034, 18467, 22043, 31139, 32, 30102, 28985, 15307, 14836, 21917, 5819]",1
3332,VALIDATION,SUSTAINED_ATTACK,"[31250, 16317, 1442, 30295, 4549, 14639, 29520, 25670, 26191, 26630, 27969, 20718, 22880, 4195, 14792, 8661, 16312, 16474, 7383, 22300]",1
3333,VALIDATION,SUSTAINED_ATTACK,"[22390, 5614, 22804, 17422, 17731, 14030, 2292, 21851, 16000, 18734, 6059, 10438, 8000, 26082, 21875, 26811, 27070, 31763, 17849, 23741]",1
3334,VALIDATION,SUSTAINED_ATTACK,"[22458, 14122, 16496, 26112, 30959, 16212, 27036, 20051, 19471, 25578, 5102, 23905, 13220, 14869, 27908, 2742, 9103, 14942, 7583, 12373]",1
3335,VALIDATION,SUSTAINED_ATTACK,"[9787, 20304, 9116, 11038, 5899, 19299, 17046, 16884, 2608, 9001, 1678, 31406, 28657, 9494, 22903, 12211, 31540, 3162, 6716, 6297]",1
3336,VALIDATION,SUSTAINED_ATTACK,"[30769, 31823, 4746, 2842, 28910, 1007, 1314, 2218, 15159, 19836, 16625, 30500, 31790, 27575, 17139, 16816, 22454, 22725, 15008, 23346]",1
3337,VALIDATION,SUSTAINED_ATTACK,"[20987, 24459, 17365, 1361, 18945, 25208, 10484, 29612, 8974, 15086, 25750, 19914, 13194, 17667, 24905, 17222, 25360, 167, 18108, 5313]",1
3338,VALIDATION,SUSTAINED_ATTACK,"[28954, 13704, 19368, 9943, 19273, 10288, 6888, 13094, 23382, 3713, 7590, 9515, 8736, 8434, 8798, 1742, 577, 20139, 13036, 5432]",1
3339,VALIDATION,SUSTAINED_ATTACK,"[15479, 27822, 23664, 6861, 12087, 27267, 26609, 14563, 16025, 1599, 23821, 21164, 5503, 4907, 1143, 5987, 15619, 7255, 22385, 27343]",1
3340,VALIDATION,SUSTAINED_ATTACK,"[11901, 6552, 3750, 15651, 30289, 25059, 3536, 8694, 3171, 26930, 25258, 27986, 29394, 21419, 6602, 27208, 25567, 17111, 1921, 7504]",1
3341,VALIDATION,SUSTAINED_ATTACK,"[20708, 9342, 23633, 14609, 29400, 25063, 23901, 5860, 14235, 15561, 28649, 3349, 26773, 8258, 14451, 26248, 7237, 16066, 3305, 267]",1
3342,VALIDATION,SUSTAINED_ATTACK,"[31220, 6380, 20993, 29903, 530, 20655, 12559, 26638, 18068, 23716, 12259, 9072, 3559, 14714, 28535, 31779, 493, 30992, 26961, 9750]",1
3343,VALIDATION,SUSTAINED_ATTACK,"[16938, 8165, 14610, 9893, 1650, 28389, 26656, 7259, 31847, 17474, 16477, 27361, 7600, 29846, 28676, 22173, 6186, 5657, 7065, 5642]",1
3344,VALIDATION,SUSTAINED_ATTACK,"[18874, 22921, 14504, 20934, 9687, 1756, 22208, 31874, 14284, 18267, 29742, 13683, 28013, 7798, 30021, 25999, 25622, 21283, 25642, 4072]",1
3345,VALIDATION,SUSTAINED_ATTACK,"[3511, 4522, 8367, 20426, 9121, 16694, 6265, 9461, 81, 19314, 8133, 31347, 24621, 13499, 12994, 12363, 29112, 28662, 30189, 27961]",1
3346,VALIDATION,SUSTAINED_ATTACK,"[15445, 27188, 17857, 7089, 1160, 10555, 5737, 4829, 10226, 26943, 19918, 4967, 6972, 20765, 26455, 28285, 18137, 12919, 26372, 28567]",1
3347,VALIDATION,SUSTAINED_ATTACK,"[23487, 21306, 7198, 7846, 24994, 31035, 13571, 29707, 30240, 708, 12604, 5594, 3298, 4015, 15369, 11320, 14964, 13525, 17447, 3306]",1
3348,VALIDATION,SUSTAINED_ATTACK,"[26655, 1189, 1580, 30288, 20013, 6784, 9382, 3683, 30490, 31070, 25470, 15331, 7093, 13506, 714, 29871, 15154, 2400, 20542, 18861]",1
3349,VALIDATION,SUSTAINED_ATTACK,"[9357, 4172, 6190, 8921, 15622, 28802, 11655, 17617, 19408, 24638, 29653, 31032, 13273, 15887, 14054, 29964, 22175, 15591, 12519, 21665]",1
3350,VALIDATION,SUSTAINED_ATTACK,"[11103, 28789, 30006, 24243, 26137, 5019, 28152, 19671, 25118, 2512, 9952, 20832, 32098, 16821, 28936, 15654, 17232, 7154, 31526, 1310]",1
3351,VALIDATION,SUSTAINED_ATTACK,"[19346, 26127, 27791, 11212, 1104, 13325, 4009, 8849, 31755, 15040, 5482, 18818, 28026, 23576, 29304, 19279, 14664, 20067, 28084, 6152]",1
3352,VALIDATION,SUSTAINED_ATTACK,"[11438, 26802, 19915, 16309, 996, 30178, 18027, 20952, 9252, 3509, 2472, 24989, 18122, 2013, 21144, 29568, 30774, 17254, 20049, 25649]",1
3353,VALIDATION,SUSTAINED_ATTACK,"[15241, 13000, 5458, 1935, 3838, 31977, 31042, 257, 865, 15699, 7342, 8422, 31584, 21648, 8590, 9730, 26801, 15673, 18522, 1212]",1
3354,VALIDATION,SUSTAINED_ATTACK,"[1657, 24016, 15996, 3027, 18384, 9979, 94, 26411, 19175, 10969, 8445, 5021, 20690, 30772, 26727, 29036, 9684, 818, 20530, 27262]",1
3355,VALIDATION,SUSTAINED_ATTACK,"[1128, 29603, 15227, 19890, 18172, 12133, 24856, 6835, 18529, 9633, 2293, 17085, 10722, 18176, 5159, 19440, 2829, 14012, 89, 11891]",1
3356,VALIDATION,SUSTAINED_ATTACK,"[30156, 27590, 16748, 10727, 19062, 22420, 13783, 26294, 3043, 25995, 31119, 7190, 4068, 8489, 7885, 8344, 20749, 23763, 21293, 25603]",1
3357,VALIDATION,SUSTAINED_ATTACK,"[22415, 23421, 485, 4584, 1533, 3270, 22881, 24565, 13837, 3893, 14751, 25910, 24467, 22927, 31853, 30095, 21833, 1162, 2104, 4031]",1
3358,VALIDATION,SUSTAINED_ATTACK,"[22336, 31623, 27233, 26588, 2951, 28776, 9756, 31950, 16894, 21185, 21015, 12665, 1374, 8768, 13477, 16946, 22388, 1810, 5590, 4405]",1
3359,VALIDATION,SUSTAINED_ATTACK,"[27063, 19901, 16357, 1759, 8654, 30317, 15846, 25495, 20056, 15190, 23761, 28547, 1782, 15712, 31340, 4329, 10599, 3021, 28716, 23431]",1
3360,VALIDATION,SUSTAINED_ATTACK,"[21820, 31485, 5302, 12785, 7134, 7337, 21227, 25627, 3218, 1766, 21160, 28082, 2802, 28926, 23405, 3661, 18524, 23032, 4987, 31071]",1
3361,VALIDATION,SUSTAINED_ATTACK,"[27587, 4654, 8809, 13049, 9273, 9947, 4834, 8764, 7996, 25224, 25157, 22806, 28120, 5779, 12849, 25309, 15686, 17996, 25223, 28718]",1
3362,VALIDATION,SUSTAINED_ATTACK,"[29798, 1329, 9802, 7149, 1510, 3891, 28827, 27040, 15971, 17219, 5912, 21409, 26486, 22436, 26477, 10092, 23317, 5418, 419, 11480]",1
3363,VALIDATION,SUSTAINED_ATTACK,"[8243, 5201, 21457, 4595, 2489, 18624, 23682, 3273, 27723, 10919, 22678, 28919, 9132, 9319, 14819, 25306, 2847, 24818, 13195, 5244]",1
3364,VALIDATION,SUSTAINED_ATTACK,"[31229, 23120, 19475, 26078, 21955, 8238, 5471, 25191, 23460, 17101, 3372, 32083, 222, 30028, 6293, 7086, 28640, 26053, 25925, 31973]",1
3365,VALIDATION,SUSTAINED_ATTACK,"[30469, 24740, 12489, 8711, 10033, 2551, 1016, 13857, 16682, 9185, 15660, 12995, 17166, 17304, 964, 26611, 3745, 11790, 15293, 19532]",1
3366,VALIDATION,SUSTAINED_ATTACK,"[9423, 23654, 23052, 17169, 31633, 2231, 15601, 19324, 29825, 30435, 23602, 12983, 11900, 14068, 29160, 18761, 21365, 3324, 22617, 11076]",1
3367,VALIDATION,SUSTAINED_ATTACK,"[1934, 16863, 19147, 6245, 9013, 24174, 13548, 3037, 8541, 22359, 13708, 19411, 2564, 13082, 178, 18193, 29099, 9444, 14234, 10076]",1
3368,VALIDATION,SUSTAINED_ATTACK,"[688, 26367, 13555, 11760, 4892, 25262, 4205, 29570, 22232, 7538, 9688, 745, 22054, 29513, 20606, 14855, 4290, 10001, 14960, 341]",1
3369,VALIDATION,SUSTAINED_ATTACK,"[30951, 15321, 29136, 27149, 22444, 17109, 4307, 8139, 214, 27102, 2867, 15302, 31769, 19394, 6325, 27772, 13083, 29560, 1400, 8558]",1
3370,VALIDATION,SUSTAINED_ATTACK,"[5709, 5675, 6896, 17792, 31211, 30190, 14066, 144, 7085, 24248, 23011, 20831, 25870, 26653, 20618, 14513, 31889, 28562, 24286, 15089]",1
3371,VALIDATION,SUSTAINED_ATTACK,"[2256, 8087, 3543, 5353, 25493, 3481, 28271, 9612, 15024, 24798, 28743, 20145, 5915, 22178, 21383, 29659, 21308, 24624, 8635, 27200]",1
3372,VALIDATION,SUSTAINED_ATTACK,"[16811, 298, 12629, 31953, 17812, 22321, 23195, 15752, 18796, 16011, 651, 24629, 22628, 3015, 7261, 17588, 29695, 15725, 4471, 14770]",1
3373,VALIDATION,SUSTAINED_ATTACK,"[30390, 31567, 15332, 14416, 1692, 24003, 15417, 2622, 6181, 28956, 8127, 30072, 5415, 11588, 31436, 24909, 7236, 31844, 11983, 11040]",1
3374,VALIDATION,SUSTAINED_ATTACK,"[15211, 6076, 21078, 22850, 13426, 4394, 18989, 7288, 28047, 9410, 6761, 30984, 1746, 11023, 19708, 5739, 10345, 10857, 17781, 9519]",1
3375,VALIDATION,SUSTAINED_ATTACK,"[6599, 29977, 17168, 12246, 25215, 15613, 29018, 8522, 12966, 32022, 6467, 15682, 21456, 29220, 9144, 26301, 15253, 21035, 18087, 11315]",1
3376,VALIDATION,SUSTAINED_ATTACK,"[27513, 19095, 28317, 4192, 3939, 9141, 27423, 17719, 1177, 13029, 371, 30668, 15132, 9704, 16714, 18297, 5341, 14956, 20861, 2276]",1
3377,VALIDATION,SUSTAINED_ATTACK,"[29403, 12656, 5284, 18036, 1037, 6722, 18309, 3754, 9145, 23327, 7647, 8739, 28159, 27245, 1794, 27225, 2560, 17831, 8796, 21864]",1
3378,VALIDATION,SUSTAINED_ATTACK,"[22405, 9113, 31492, 10873, 8914, 28238, 22290, 7603, 9505, 22885, 17777, 4428, 31104, 30682, 21229, 2623, 9738, 31643, 22824, 21693]",1
3379,VALIDATION,SUSTAINED_ATTACK,"[9729, 19491, 14771, 23180, 9866, 10903, 3369, 11024, 26540, 5085, 7587, 4928, 27999, 23689, 27724, 4545, 26729, 22837, 29239, 14435]",1
3380,VALIDATION,SUSTAINED_ATTACK,"[19246, 12651, 24942, 1802, 23194, 1951, 28680, 16207, 6857, 5721, 15592, 26533, 16181, 27117, 23500, 13854, 7312, 8826, 8596, 3419]",1
3381,VALIDATION,SUSTAINED_ATTACK,"[23917, 16678, 22048, 27508, 23531, 27577, 14669, 25526, 12912, 325, 19182, 30151, 22226, 16008, 1898, 23474, 1015, 20158, 22243, 18448]",1
3382,VALIDATION,SUSTAINED_ATTACK,"[20351, 22888, 28842, 13356, 2965, 23484, 21254, 10770, 21106, 5417, 20064, 28133, 19789, 12006, 28636, 13973, 10668, 14799, 8060, 14098]",1
3383,VALIDATION,SUSTAINED_ATTACK,"[26065, 26177, 6688, 13197, 22309, 8304, 13158, 0, 14655, 20985, 31815, 28098, 9540, 25138, 23435, 15590, 6634, 16559, 17579, 24134]",1
3384,VALIDATION,SUSTAINED_ATTACK,"[19882, 20326, 4739, 7848, 30211, 19596, 24642, 14308, 26253, 23666, 25942, 14152, 21234, 21704, 15991, 10328, 6898, 29792, 27755, 498]",1
3385,VALIDATION,SUSTAINED_ATTACK,"[26700, 28290, 8245, 18244, 2034, 16173, 107, 43, 19803, 19541, 4439, 19715, 27438, 17367, 26916, 27308, 22499, 7046, 7947, 22210]",1
3386,VALIDATION,SUSTAINED_ATTACK,"[26449, 24387, 29976, 28253, 611, 1048, 19713, 8009, 22723, 1258, 16784, 11075, 10507, 29139, 31135, 27448, 29600, 1020, 19956, 22766]",1
3387,VALIDATION,SUSTAINED_ATTACK,"[5440, 28799, 8698, 1369, 30160, 11897, 18002, 11453, 22212, 17878, 3954, 1808, 8345, 1890, 13809, 23797, 27857, 23257, 23673, 26901]",1
3388,VALIDATION,SUSTAINED_ATTACK,"[26439, 5968, 4561, 18438, 24105, 14568, 15555, 7202, 23543, 12978, 12671, 14274, 7475, 29125, 1386, 22741, 10412, 20201, 2457, 23496]",1
3389,VALIDATION,SUSTAINED_ATTACK,"[7018, 5893, 5206, 17883, 21183, 14387, 29678, 17361, 23807, 20539, 30906, 2263, 18682, 19065, 14741, 7697, 2078, 10062, 18503, 23751]",1
3390,VALIDATION,SUSTAINED_ATTACK,"[30867, 21797, 19733, 20072, 30832, 13108, 19961, 10390, 31801, 7362, 17256, 5724, 22637, 19439, 10031, 30268, 27919, 25854, 2735, 22830]",1
3391,VALIDATION,SUSTAINED_ATTACK,"[19618, 28421, 20888, 5038, 12105, 29042, 9749, 25412, 6448, 8292, 11147, 28714, 24196, 11910, 22239, 19165, 11204, 2701, 15684, 10865]",1
3392,VALIDATION,SUSTAINED_ATTACK,"[22934, 18161, 27601, 17234, 4444, 1465, 3147, 31787, 8493, 6725, 31731, 17306, 15037, 3521, 27387, 23051, 16164, 8466, 21218, 23803]",1
3393,VALIDATION,SUSTAINED_ATTACK,"[24961, 25948, 27765, 31979, 21965, 26496, 18099, 27951, 13747, 26917, 27056, 17965, 11512, 23222, 15895, 13338, 13741, 25261, 31388, 21760]",1
3394,VALIDATION,SUSTAINED_ATTACK,"[21024, 3452, 11436, 13696, 21319, 12686, 16163, 9728, 13904, 10039, 24707, 26060, 5183, 28606, 1370, 3541, 24010, 28923, 24274, 26783]",1
3395,VALIDATION,SUSTAINED_ATTACK,"[981, 24508, 15128, 26236, 11087, 1012, 1462, 4906, 22616, 5573, 30092, 5462, 633, 25895, 16458, 25074, 7278, 14660, 8281, 12466]",1
3396,VALIDATION,SUSTAINED_ATTACK,"[7927, 31604, 22489, 4891, 31038, 5017, 12864, 23420, 17981, 2547, 3894, 29924, 32104, 7868, 10173, 22769, 22160, 4631, 6130, 8508]",1
3397,VALIDATION,SUSTAINED_ATTACK,"[19386, 19832, 10392, 1647, 25739, 28950, 25219, 18350, 15389, 23439, 10277, 19998, 7376, 12023, 6776, 24180, 19556, 28828, 15495, 29498]",1
3398,VALIDATION,SUSTAINED_ATTACK,"[19116, 21904, 20571, 26854, 30148, 3425, 7859, 889, 25966, 24501, 5195, 9341, 28068, 22906, 21001, 17928, 7815, 29452, 9269, 8181]",1
3399,VALIDATION,SUSTAINED_ATTACK,"[9051, 21462, 5596, 17930, 5805, 18564, 18126, 22745, 4805, 28218, 2962, 2239, 12138, 25308, 26215, 23743, 6904, 23561, 21935, 4007]",1
3400,VALIDATION,SUSTAINED_ATTACK,"[29335, 23359, 21936, 31952, 15848, 23191, 20022, 9054, 11810, 30097, 22401, 6020, 19913, 16398, 23712, 3582, 2486, 2695, 8806, 4554]",1
3401,VALIDATION,SUSTAINED_ATTACK,"[13736, 2434, 9063, 18895, 16505, 11301, 9455, 12557, 16230, 5962, 231, 5781, 6319, 5909, 18655, 12287, 5245, 24070, 17323, 7164]",1
3402,VALIDATION,SUSTAINED_ATTACK,"[11125, 2461, 5592, 10191, 20116, 3707, 5595, 31597, 10275, 21610, 23845, 31217, 13859, 8801, 18982, 31686, 6836, 7, 14090, 19986]",1
3403,VALIDATION,SUSTAINED_ATTACK,"[26151, 26319, 17055, 22654, 17939, 24362, 29736, 22781, 1039, 16154, 15737, 15738, 13881, 16415, 15524, 22229, 14763, 218, 26945, 6055]",1
3404,VALIDATION,SUSTAINED_ATTACK,"[31711, 25662, 19490, 10379, 647, 3031, 25108, 25478, 19651, 18159, 23504, 24637, 12792, 13936, 9184, 22477, 14854, 10881, 31454, 982]",1
3405,VALIDATION,SUSTAINED_ATTACK,"[8188, 5279, 24649, 12312, 9456, 19689, 22330, 1682, 12725, 22787, 963, 22213, 28537, 27941, 11425, 14733, 6817, 31614, 20983, 21980]",1
3406,VALIDATION,SUSTAINED_ATTACK,"[12850, 16692, 7414, 8219, 17737, 10230, 19498, 15488, 3563, 10697, 2603, 26469, 3295, 26898, 26409, 30963, 26676, 31291, 9266, 18566]",1
3407,VALIDATION,SUSTAINED_ATTACK,"[6001, 8910, 29724, 23687, 13833, 1490, 29106, 20417, 5070, 19096, 28357, 24155, 306, 9698, 21766, 28872, 25304, 24356, 1837, 27347]",1
3408,VALIDATION,SUSTAINED_ATTACK,"[29270, 3798, 5450, 29605, 11641, 5950, 1122, 13821, 29648, 13541, 29463, 22949, 27445, 22683, 21431, 21242, 17303, 1412, 32095, 1331]",1
3409,VALIDATION,SUSTAINED_ATTACK,"[4494, 15578, 10620, 27785, 3676, 8131, 27229, 9659, 6496, 23552, 8106, 30411, 13447, 15169, 198, 3941, 8793, 5557, 29668, 13710]",1
3410,VALIDATION,SUSTAINED_ATTACK,"[26860, 20986, 9737, 28884, 13969, 8471, 15539, 19845, 4899, 15425, 4493, 28864, 6664, 7417, 22346, 5849, 4368, 12790, 4770, 6075]",1
3411,VALIDATION,SUSTAINED_ATTACK,"[11987, 10543, 20285, 2694, 9483, 11597, 14811, 24970, 27815, 24563, 2005, 3507, 18723, 16297, 5752, 11563, 14062, 4216, 5344, 927]",1
3412,VALIDATION,SUSTAINED_ATTACK,"[18631, 6931, 26148, 437, 2629, 7894, 23202, 14602, 26195, 11805, 24806, 25106, 3711, 17660, 12245, 1193, 8898, 9854, 19558, 8593]",1
3413,VALIDATION,SUSTAINED_ATTACK,"[5231, 21375, 6193, 27836, 29370, 25295, 1385, 28103, 15880, 8770, 17577, 4864, 18100, 11342, 20738, 12841, 18882, 24210, 1849, 10406]",1
3414,VALIDATION,SUSTAINED_ATTACK,"[5481, 8049, 22730, 2813, 22004, 30809, 23462, 14354, 5378, 29234, 13705, 10388, 20263, 2610, 7049, 1545, 7702, 16925, 19817, 25101]",1
3415,VALIDATION,SUSTAINED_ATTACK,"[17569, 7413, 31919, 24158, 13709, 6615, 17324, 1339, 11867, 4209, 24378, 30893, 12222, 1982, 3835, 31228, 10254, 11826, 19796, 6274]",1
3416,VALIDATION,SUSTAINED_ATTACK,"[19170, 112, 2703, 14217, 6943, 26978, 21374, 1821, 19310, 31273, 21905, 3641, 7758, 17283, 22551, 22400, 23517, 6163, 20053, 18349]",1
3417,VALIDATION,SUSTAINED_ATTACK,"[6142, 20123, 7161, 8912, 24069, 12894, 17513, 2381, 30544, 14331, 11175, 26767, 16588, 8193, 6320, 29524, 31996, 30892, 8253, 11754]",1
3418,VALIDATION,SUSTAINED_ATTACK,"[2140, 23292, 8678, 27390, 16723, 29833, 27642, 20585, 14020, 6411, 3156, 3387, 21359, 14614, 20297, 25848, 9741, 5672, 16701, 6420]",1
3419,VALIDATION,SUSTAINED_ATTACK,"[200, 26115, 9803, 9471, 797, 27371, 19154, 22548, 31301, 3667, 22558, 27946, 2071, 12188, 27554, 3537, 4465, 21120, 26660, 19748]",1
3420,VALIDATION,SUSTAINED_ATTACK,"[8299, 18462, 4354, 10397, 264, 1125, 28242, 19120, 25590, 30202, 22370, 9624, 15171, 13690, 26825, 2792, 13213, 6719, 17704, 13489]",1
3421,VALIDATION,SUSTAINED_ATTACK,"[26739, 4939, 9218, 22892, 8687, 19177, 28893, 9777, 31239, 23624, 8387, 23344, 19109, 29405, 20676, 11538, 15017, 28403, 25770, 27634]",1
3422,VALIDATION,SUSTAINED_ATTACK,"[13799, 7618, 20852, 5109, 24935, 22191, 13659, 2811, 110, 24555, 26965, 2300, 26104, 9510, 3678, 21090, 32114, 6989, 14870, 14356]",1
3423,VALIDATION,SUSTAINED_ATTACK,"[3689, 16118, 18250, 27523, 11268, 20863, 4640, 8499, 10540, 12868, 735, 30762, 13413, 15084, 21433, 25117, 24704, 6673, 3785, 24879]",1
3424,VALIDATION,SUSTAINED_ATTACK,"[18967, 15999, 14677, 5413, 28815, 13393, 12258, 15251, 2520, 17514, 9492, 14109, 17229, 5623, 26789, 7185, 13114, 966, 26091, 90]",1
3425,VALIDATION,SUSTAINED_ATTACK,"[5340, 1367, 8681, 8257, 14377, 7017, 18062, 20562, 1688, 30928, 15784, 10338, 2556, 11099, 5454, 12484, 8503, 22653, 3410, 21946]",1
3426,VALIDATION,SUSTAINED_ATTACK,"[27467, 26868, 2074, 6849, 3982, 22404, 30037, 22801, 18304, 28132, 5263, 30750, 30116, 20650, 16014, 26954, 29424, 23330, 17886, 560]",1
3427,VALIDATION,SUSTAINED_ATTACK,"[18783, 20409, 27944, 15070, 3716, 27137, 2578, 946, 23227, 4479, 21812, 9850, 29119, 2783, 17652, 4506, 10431, 7953, 21112, 7114]",1
3428,VALIDATION,SUSTAINED_ATTACK,"[5191, 20258, 6541, 29588, 16991, 20514, 19397, 16672, 9964, 15162, 6764, 16997, 13462, 13515, 25228, 28494, 8977, 25845, 27128, 25019]",1
3429,VALIDATION,SUSTAINED_ATTACK,"[10200, 3936, 14057, 26193, 12902, 16395, 291, 23389, 4590, 27624, 23174, 15288, 10652, 15943, 28486, 13001, 8112, 12816, 9143, 2130]",1
3430,VALIDATION,SUSTAINED_ATTACK,"[25361, 29891, 7385, 28674, 20553, 21831, 25771, 19333, 31531, 13589, 4450, 9951, 13915, 27530, 697, 15353, 2469, 22373, 26695, 31423]",1
3431,VALIDATION,SUSTAINED_ATTACK,"[23579, 4171, 24693, 679, 12886, 29944, 4107, 21196, 3036, 19260, 15434, 15822, 27276, 11025, 18324, 31005, 27834, 7181, 1342, 15958]",1
3432,VALIDATION,SUSTAINED_ATTACK,"[27633, 1296, 20040, 11118, 17129, 14672, 4030, 8500, 24535, 12438, 24261, 29795, 17598, 13543, 17732, 6231, 6070, 12650, 11533, 30088]",1
3433,VALIDATION,SUSTAINED_ATTACK,"[21201, 14514, 7491, 23286, 29017, 18123, 25484, 28044, 8279, 5569, 26440, 10185, 11965, 19383, 28645, 7382, 13441, 26974, 16226, 4760]",1
3434,VALIDATION,SUSTAINED_ATTACK,"[27859, 16636, 13953, 25883, 26665, 26041, 6069, 3073, 7783, 11140, 17266, 10653, 26562, 13819, 14519, 22038, 31304, 29777, 31995, 12782]",1
3435,VALIDATION,SUSTAINED_ATTACK,"[22066, 3752, 25278, 21280, 18091, 4732, 19164, 12544, 9746, 22762, 9879, 15402, 7047, 15085, 1110, 24430, 28138, 18856, 16929, 25921]",1
3436,VALIDATION,SUSTAINED_ATTACK,"[907, 256, 31054, 15185, 6207, 28590, 28523, 29578, 10530, 16184, 974, 29291, 26627, 29063, 10353, 27317, 28616, 29223, 11510, 15745]",1
3437,VALIDATION,SUSTAINED_ATTACK,"[9933, 16736, 31484, 3526, 27405, 31560, 30430, 10854, 27759, 12705, 25394, 18154, 22037, 4389, 17766, 24312, 27121, 5512, 24644, 21009]",1
3438,VALIDATION,SUSTAINED_ATTACK,"[4996, 20440, 20932, 5627, 77, 23732, 13762, 13598, 6586, 29300, 10698, 6880, 20422, 24257, 1343, 27637, 20924, 16639, 12830, 2941]",1
3439,VALIDATION,SUSTAINED_ATTACK,"[11352, 17025, 3416, 4565, 4316, 27917, 741, 259, 18282, 10710, 24230, 10310, 22260, 29471, 18643, 21553, 14213, 17417, 31460, 4074]",1
3440,VALIDATION,SUSTAINED_ATTACK,"[23979, 14033, 10041, 18382, 6301, 25762, 11816, 6385, 11915, 30146, 15662, 9389, 15982, 27163, 14843, 20914, 11234, 24058, 14905, 23446]",1
3441,VALIDATION,SUSTAINED_ATTACK,"[12612, 3272, 9829, 2297, 9852, 14608, 18628, 26106, 21637, 21463, 18391, 20544, 28212, 26084, 23107, 17594, 18754, 8838, 18098, 3228]",1
3442,VALIDATION,SUSTAINED_ATTACK,"[7307, 15308, 15090, 16616, 16293, 20202, 10389, 5742, 10758, 11402, 18598, 12640, 26678, 27, 19677, 10963, 9397, 3347, 26010, 7733]",1
3443,VALIDATION,SUSTAINED_ATTACK,"[18015, 25671, 1703, 28123, 20727, 17468, 10208, 11113, 29816, 31893, 1752, 14641, 13308, 764, 23096, 5015, 15697, 14671, 29634, 2133]",1
3444,VALIDATION,SUSTAINED_ATTACK,"[6179, 21821, 13908, 8076, 1182, 24553, 25442, 27996, 22172, 26218, 20099, 8265, 2838, 18905, 28292, 24816, 13223, 17258, 2814, 13877]",1
3445,VALIDATION,SUSTAINED_ATTACK,"[30901, 16680, 3337, 22514, 10732, 13770, 18641, 30536, 19413, 682, 16378, 16568, 24176, 27146, 17929, 16162, 21717, 11933, 25389, 930]",1
3446,VALIDATION,SUSTAINED_ATTACK,"[1966, 31282, 22665, 661, 22022, 23467, 16194, 11364, 17948, 9600, 24692, 2609, 25787, 9372, 27766, 26980, 8980, 26480, 2447, 19315]",1
3447,VALIDATION,SUSTAINED_ATTACK,"[12551, 636, 13553, 26534, 3719, 11807, 25189, 19227, 10433, 11112, 19962, 31453, 30057, 28077, 7213, 28438, 25765, 3239, 22709, 14531]",1
3448,VALIDATION,SUSTAINED_ATTACK,"[30902, 25406, 12088, 31124, 987, 15720, 13015, 8007, 4610, 8992, 1461, 9237, 3972, 19193, 28135, 19780, 11606, 8269, 8967, 23150]",1
3449,VALIDATION,SUSTAINED_ATTACK,"[21297, 2912, 12727, 16333, 24193, 24615, 25829, 12377, 18341, 26249, 5891, 15304, 24685, 7326, 14018, 18910, 2804, 24499, 18368, 12676]",1
3450,VALIDATION,SUSTAINED_ATTACK,"[24298, 30195, 25246, 20364, 22559, 10562, 14612, 19173, 3531, 10462, 27948, 19044, 12717, 30855, 26648, 11049, 31373, 30863, 1885, 28432]",1
3451,VALIDATION,SUSTAINED_ATTACK,"[1739, 3153, 18392, 15273, 13786, 26592, 6174, 24340, 17438, 22193, 4066, 3098, 9133, 14216, 20105, 31389, 6372, 17855, 10480, 30595]",1
3452,VALIDATION,SUSTAINED_ATTACK,"[6292, 2822, 25958, 17627, 10172, 19766, 16634, 7401, 2717, 17962, 29098, 4448, 31969, 16580, 31165, 27415, 83, 27714, 21783, 25014]",1
3453,VALIDATION,SUSTAINED_ATTACK,"[20474, 3142, 30871, 29089, 10491, 27614, 18563, 17176, 23049, 3749, 2209, 15663, 10554, 9555, 12321, 28352, 25701, 23749, 1774, 27670]",1
3454,VALIDATION,SUSTAINED_ATTACK,"[21998, 3496, 6762, 9211, 27662, 1432, 4056, 19880, 3577, 6239, 14441, 18146, 25399, 28531, 7102, 4267, 25139, 3132, 26185, 2253]",1
3455,VALIDATION,SUSTAINED_ATTACK,"[4947, 26184, 3867, 13681, 10049, 28721, 1543, 24360, 31076, 10807, 14251, 5154, 6982, 22042, 28027, 24582, 29747, 10056, 3293, 29787]",1
3456,VALIDATION,SUSTAINED_ATTACK,"[6173, 19570, 12191, 10184, 9795, 7462, 23013, 6753, 18021, 22732, 16719, 13003, 15905, 187, 16869, 19221, 28614, 5294, 4149, 10761]",1
3457,VALIDATION,SUSTAINED_ATTACK,"[223, 21993, 9500, 14697, 13180, 22893, 7530, 12707, 2531, 5460, 25549, 4442, 11631, 19114, 21542, 11259, 6485, 14922, 29150, 9580]",1
3458,VALIDATION,SUSTAINED_ATTACK,"[7950, 3377, 2913, 30993, 28476, 13361, 29974, 5754, 13160, 13483, 1064, 10301, 8604, 5416, 5107, 4449, 2715, 29037, 19509, 20350]",1
3459,VALIDATION,SUSTAINED_ATTACK,"[4026, 17235, 23110, 16401, 26680, 24232, 19673, 5863, 26038, 5750, 12794, 6685, 18859, 31330, 3751, 11217, 5127, 4028, 24087, 23826]",1
3460,VALIDATION,SUSTAINED_ATTACK,"[22141, 31464, 17818, 28849, 9616, 18188, 30958, 16348, 31299, 13075, 14487, 6476, 5836, 7439, 21915, 19320, 10866, 7749, 27469, 11707]",1
3461,VALIDATION,SUSTAINED_ATTACK,"[6806, 1874, 25379, 26865, 10309, 11958, 21525, 11160, 20029, 31938, 29643, 4161, 22288, 6981, 25194, 16892, 822, 17179, 11485, 7935]",1
3462,VALIDATION,SUSTAINED_ATTACK,"[106, 1900, 8389, 11928, 2312, 8228, 29468, 20979, 15063, 31730, 15923, 20396, 13856, 15818, 31564, 2147, 3762, 17583, 13851, 5022]",1
3463,VALIDATION,SUSTAINED_ATTACK,"[4313, 11757, 22244, 22656, 14695, 11286, 20860, 23192, 1864, 10587, 18661, 20887, 27967, 5617, 19311, 9971, 5034, 10867, 6954, 20525]",1
3464,VALIDATION,SUSTAINED_ATTACK,"[30981, 16744, 26064, 10513, 29962, 12388, 7153, 8423, 7778, 30651, 21710, 26036, 6598, 5186, 25973, 24352, 23643, 7425, 30847, 15664]",1
3465,VALIDATION,SUSTAINED_ATTACK,"[22799, 4938, 20722, 24381, 9414, 10441, 7183, 11483, 7791, 5538, 30862, 24788, 1042, 27198, 15871, 28876, 25668, 21193, 2882, 18928]",1
3466,VALIDATION,SUSTAINED_ATTACK,"[6080, 7684, 17077, 14454, 30732, 16314, 6333, 9814, 22205, 11966, 5278, 5979, 13131, 17090, 21660, 8671, 18986, 21281, 11307, 14304]",1
3467,VALIDATION,SUSTAINED_ATTACK,"[15891, 3198, 7561, 4786, 1164, 21381, 1866, 29030, 28997, 24749, 7667, 19997, 28440, 21241, 30710, 32035, 24270, 16205, 19523, 4511]",1
3468,VALIDATION,SUSTAINED_ATTACK,"[20850, 29368, 8244, 5010, 20447, 10832, 1768, 16384, 11989, 21649, 17195, 29766, 8182, 14479, 6686, 31546, 13916, 32085, 13779, 13057]",1
3469,VALIDATION,SUSTAINED_ATTACK,"[13306, 21808, 17455, 4315, 20336, 23151, 27076, 12234, 24599, 13626, 14555, 11159, 27544, 7104, 64, 14561, 8380, 28542, 21403, 26724]",1
3470,VALIDATION,SUSTAINED_ATTACK,"[3088, 17736, 29151, 8273, 1875, 25558, 25598, 7786, 29732, 5887, 10377, 23601, 19455, 15604, 30747, 18005, 19940, 8761, 3268, 10962]",1
3471,VALIDATION,SUSTAINED_ATTACK,"[18897, 31957, 11055, 26850, 10656, 22069, 21688, 13560, 11585, 24531, 7833, 27553, 22170, 23241, 21036, 1685, 10147, 25904, 18322, 22532]",1
3472,VALIDATION,SUSTAINED_ATTACK,"[4273, 20152, 23734, 31424, 31615, 16746, 13640, 4646, 25594, 7731, 29062, 593, 29642, 4913, 17371, 24371, 8718, 23076, 23370, 10440]",1
3473,VALIDATION,SUSTAINED_ATTACK,"[30351, 13510, 11514, 17848, 12716, 15817, 30551, 18088, 11848, 13604, 17329, 17126, 31923, 16730, 31328, 26149, 135, 8111, 29713, 6705]",1
3474,VALIDATION,SUSTAINED_ATTACK,"[13995, 7062, 19751, 12220, 24640, 16742, 25339, 15061, 18724, 18390, 5120, 27628, 9618, 29068, 14023, 15981, 14659, 8430, 1224, 22151]",1
3475,VALIDATION,SUSTAINED_ATTACK,"[22460, 16101, 13727, 520, 21051, 14275, 20365, 26474, 30082, 21790, 3957, 31942, 27971, 4424, 1215, 15952, 14710, 20642, 13665, 18334]",1
3476,VALIDATION,SUSTAINED_ATTACK,"[20244, 29084, 21115, 17047, 6870, 1152, 12646, 17614, 6057, 28813, 29215, 24688, 24220, 13405, 27879, 3715, 25092, 9242, 22743, 3170]",1
3477,VALIDATION,SUSTAINED_ATTACK,"[11403, 14224, 8969, 23837, 17535, 28111, 20096, 30381, 24540, 15123, 28344, 6491, 31592, 12654, 8754, 8559, 17919, 22474, 3389, 21651]",1
3478,VALIDATION,SUSTAINED_ATTACK,"[2402, 1666, 30224, 4398, 14590, 12957, 11761, 25203, 6051, 26011, 6973, 8882, 9280, 18644, 3320, 2584, 20185, 12763, 26714, 3628]",1
3479,VALIDATION,SUSTAINED_ATTACK,"[20425, 14042, 22935, 27570, 8374, 10738, 31127, 8079, 31149, 10996, 17356, 29114, 23406, 6240, 26893, 31742, 26103, 26207, 31223, 689]",1
3480,VALIDATION,SUSTAINED_ATTACK,"[6663, 23573, 19196, 24841, 6744, 15205, 14265, 22705, 14131, 15961, 3109, 6417, 30861, 29995, 19464, 24538, 29440, 5227, 16417, 10442]",1
3481,VALIDATION,SUSTAINED_ATTACK,"[31318, 17066, 11653, 23372, 834, 24077, 27756, 10816, 1969, 634, 4710, 25364, 23331, 5514, 13715, 20209, 26528, 23540, 22249, 11857]",1
3482,VALIDATION,SUSTAINED_ATTACK,"[1942, 20984, 10084, 11929, 28733, 17000, 3384, 7256, 24039, 6461, 25031, 18000, 7240, 24518, 28029, 26993, 4611, 7400, 15133, 12036]",1
3483,VALIDATION,SUSTAINED_ATTACK,"[2634, 22967, 25344, 14569, 20917, 26223, 16319, 12238, 3601, 7730, 18315, 31690, 5308, 22990, 17798, 15585, 308, 20047, 25146, 1423]",1
3484,VALIDATION,SUSTAINED_ATTACK,"[12736, 18569, 943, 29529, 11905, 15222, 9314, 22227, 24300, 27958, 16252, 13890, 5321, 17099, 7650, 29473, 8319, 25114, 17378, 19469]",1
3485,VALIDATION,SUSTAINED_ATTACK,"[11797, 953, 11705, 11838, 13956, 22815, 24647, 11058, 30805, 8085, 14140, 9206, 23010, 20182, 17592, 12424, 3668, 29971, 19982, 5673]",1
3486,VALIDATION,SUSTAINED_ATTACK,"[18292, 19427, 16656, 28858, 15262, 24523, 16872, 27902, 23996, 1916, 23669, 6237, 13103, 31846, 26886, 7550, 8599, 3969, 13346, 13056]",1
3487,VALIDATION,SUSTAINED_ATTACK,"[8676, 25255, 30918, 16177, 27252, 8006, 30265, 23039, 22844, 21940, 23771, 24026, 16490, 13787, 22122, 13379, 1568, 22281, 19162, 23200]",1
3488,VALIDATION,SUSTAINED_ATTACK,"[7931, 3651, 1094, 1770, 510, 21133, 9469, 18069, 21412, 1470, 22918, 19607, 18358, 25767, 17714, 13369, 16592, 10509, 30255, 1082]",1
3489,VALIDATION,SUSTAINED_ATTACK,"[25827, 19737, 10274, 6166, 31440, 12506, 16112, 12281, 20494, 21943, 4112, 1984, 28335, 29462, 17245, 6837, 21517, 11801, 26021, 31775]",1
3490,VALIDATION,SUSTAINED_ATTACK,"[18869, 12822, 18985, 23798, 8159, 30355, 19365, 28086, 30767, 31883, 26138, 11168, 17004, 16123, 16361, 31062, 11835, 32030, 23018, 867]",1
3491,VALIDATION,SUSTAINED_ATTACK,"[27054, 8538, 3310, 15969, 31864, 16038, 13442, 11567, 28461, 4014, 31850, 9637, 31027, 4278, 22703, 15156, 25901, 25566, 7648, 4518]",1
3492,VALIDATION,SUSTAINED_ATTACK,"[16807, 3660, 17542, 819, 2926, 24165, 25711, 24335, 16083, 23859, 15072, 28904, 26498, 28118, 21205, 26206, 12749, 24338, 14237, 26770]",1
3493,VALIDATION,SUSTAINED_ATTACK,"[12872, 31880, 28704, 17832, 26536, 2878, 29837, 4999, 19128, 24922, 31261, 1209, 26887, 17734, 1777, 2970, 11153, 4447, 1684, 28276]",1
3494,VALIDATION,SUSTAINED_ATTACK,"[29461, 15581, 24784, 15014, 11354, 7895, 7808, 17508, 25358, 22110, 30964, 21627, 18560, 246, 4193, 5584, 12739, 11445, 16362, 3862]",1
3495,VALIDATION,SUSTAINED_ATTACK,"[487, 29213, 10444, 30368, 3197, 793, 18376, 7373, 1882, 534, 17740, 2503, 484, 24600, 16774, 21549, 10644, 30578, 5646, 17122]",1
3496,VALIDATION,SUSTAINED_ATTACK,"[26935, 24863, 26226, 2045, 2983, 3764, 10295, 5648, 15810, 2868, 26839, 4123, 22545, 17312, 28744, 4699, 18677, 10809, 27965, 3494]",1
3497,VALIDATION,SUSTAINED_ATTACK,"[8517, 5910, 28277, 12523, 7283, 11411, 3077, 11305, 16397, 10369, 29383, 16308, 20523, 5062, 1454, 31215, 14428, 22481, 23505, 22072]",1
3498,VALIDATION,SUSTAINED_ATTACK,"[19473, 18973, 11282, 23408, 31511, 4706, 30771, 7209, 15411, 28603, 21584, 12541, 16216, 19534, 7328, 20380, 7787, 16980, 20273, 14510]",1
3499,VALIDATION,SUSTAINED_ATTACK,"[3095, 13870, 22950, 30322, 6839, 26717, 7907, 7222, 23867, 17944, 21124, 5310, 15904, 30405, 29422, 20089, 30448, 17385, 25823, 29954]",1
3500,VALIDATION,ATTACK_RECOVERY,"[11121, 28773, 4955, 14411, 18166, 15452, 6111, 27665, 10871, 22508, 8152, 21518, 27253, 1512, 4916, 21601, 27241, 18633, 16457, 7100]",0
3501,VALIDATION,ATTACK_RECOVERY,"[31803, 11243, 12437, 13692, 1225, 22535, 14199, 29044, 29047, 2567, 18849, 10060, 8799, 14461, 31682, 18078, 4006, 15661, 16600, 16120]",0
3502,VALIDATION,ATTACK_RECOVERY,"[21016, 17538, 11628, 17216, 8959, 2600, 11002, 2452, 18209, 56, 15280, 22445, 5273, 7033, 15347, 1550, 488, 15239, 6221, 15877]",0
3503,VALIDATION,ATTACK_RECOVERY,"[19967, 14191, 2195, 24127, 29153, 30422, 4024, 10623, 22176, 18575, 23308, 6400, 24914, 21156, 12579, 36, 28423, 21567, 12904, 24862]",0
3504,VALIDATION,ATTACK_RECOVERY,"[4042, 29585, 1327, 14150, 29735, 25505, 2737, 18716, 25469, 13755, 19489, 3224, 7169, 4302, 7943, 18055, 3351, 31902, 18318, 17040]",0
3505,VALIDATION,ATTACK_RECOVERY,"[3567, 15318, 18451, 6899, 138, 18248, 16287, 27501, 10605, 5354, 23937, 4098, 31781, 16981, 8759, 26699, 23638, 11484, 27588, 21966]",0
3506,VALIDATION,ATTACK_RECOVERY,"[32009, 27656, 16260, 21231, 24821, 3847, 31857, 24831, 6408, 22821, 14483, 13258, 8823, 7155, 29487, 26244, 2119, 13474, 22588, 15468]",0
3507,VALIDATION,ATTACK_RECOVERY,"[19385, 28561, 24807, 30598, 29733, 12948, 18110, 18345, 24889, 9179, 4182, 11884, 3404, 25740, 3012, 31162, 791, 14223, 15862, 25631]",0
3508,VALIDATION,ATTACK_RECOVERY,"[28495, 30610, 6852, 23162, 21049, 8413, 2146, 10439, 31064, 21793, 16508, 12318, 105, 24652, 24853, 18051, 11067, 9368, 29203, 31146]",0
3509,VALIDATION,ATTACK_RECOVERY,"[4255, 31401, 9358, 805, 4858, 27938, 27302, 16210, 8351, 6618, 31574, 9778, 13615, 9627, 2530, 31382, 29132, 27459, 31561, 19480]",0
3510,VALIDATION,ATTACK_RECOVERY,"[15007, 16399, 18697, 23396, 17745, 1823, 8978, 15608, 2693, 26293, 20279, 3165, 29902, 101, 8863, 5414, 13853, 29356, 27924, 1097]",0
3511,VALIDATION,ATTACK_RECOVERY,"[5881, 17325, 5315, 29230, 16533, 18611, 11488, 31204, 14497, 13255, 3352, 20880, 10050, 5476, 16751, 19886, 24883, 24159, 19722, 5505]",0
3512,VALIDATION,ATTACK_RECOVERY,"[13419, 11654, 10719, 30523, 3896, 20100, 13509, 9628, 19717, 4224, 8141, 16532, 8637, 13522, 23254, 17750, 30188, 30874, 8573, 10976]",0
3513,VALIDATION,ATTACK_RECOVERY,"[5317, 8936, 19452, 22761, 21250, 12853, 4804, 19921, 16699, 12118, 28803, 7223, 705, 25018, 9858, 11543, 10671, 2823, 2773, 12122]",0
3514,VALIDATION,ATTACK_RECOVERY,"[3054, 19716, 11086, 9374, 17059, 10240, 21632, 1054, 2016, 10486, 22344, 297, 8459, 5035, 5600, 10177, 10853, 19047, 23126, 27526]",0
3515,VALIDATION,ATTACK_RECOVERY,"[1983, 27127, 27075, 18763, 24827, 2342, 14309, 19292, 3619, 4634, 20858, 27706, 19497, 2407, 13633, 1175, 15392, 23635, 25443, 19721]",0
3516,VALIDATION,ATTACK_RECOVERY,"[17117, 30353, 20355, 18888, 5885, 6662, 11110, 5719, 5233, 7218, 26810, 24710, 15319, 26548, 1392, 1297, 6994, 14328, 27615, 3866]",0
3517,VALIDATION,ATTACK_RECOVERY,"[21588, 952, 14711, 15062, 15300, 2409, 7826, 13041, 28588, 31404, 5346, 15390, 1022, 16084, 9925, 6422, 2601, 10776, 14064, 28249]",0
3518,VALIDATION,ATTACK_RECOVERY,"[24964, 15788, 17814, 14520, 15351, 17906, 21253, 9695, 1903, 3615, 2438, 1670, 23511, 25949, 10637, 21740, 31009, 11150, 30971, 28771]",0
3519,VALIDATION,ATTACK_RECOVERY,"[2375, 32032, 6433, 12083, 1527, 18501, 6720, 11793, 14129, 19076, 5748, 26923, 13836, 9007, 9095, 2621, 2065, 25568, 24068, 14693]",0
3520,VALIDATION,ATTACK_RECOVERY,"[1300, 29292, 31948, 486, 32002, 17441, 27652, 23570, 8427, 14845, 23497, 17810, 11164, 16186, 8088, 27007, 19592, 15287, 31322, 8221]",0
3521,VALIDATION,ATTACK_RECOVERY,"[3378, 5889, 6735, 5695, 11957, 11318, 26613, 19863, 17902, 3097, 25891, 5811, 19158, 29348, 11365, 25502, 31729, 24022, 16989, 23502]",0
3522,VALIDATION,ATTACK_RECOVERY,"[19977, 12906, 20050, 9428, 30, 28957, 1933, 6545, 30404, 1070, 2798, 8556, 11081, 31515, 12285, 26925, 11274, 20856, 23271, 31235]",0
3523,VALIDATION,ATTACK_RECOVERY,"[19146, 31183, 3859, 8226, 16124, 28153, 27825, 27978, 19125, 6853, 4658, 25943, 29743, 21161, 10663, 25779, 27977, 20584, 3019, 24242]",0
3524,VALIDATION,ATTACK_RECOVERY,"[23853, 2210, 28404, 19583, 24801, 27472, 15795, 20532, 10945, 16407, 8392, 3174, 1408, 1508, 29211, 31246, 11581, 5734, 28964, 17167]",0
3525,VALIDATION,ATTACK_RECOVERY,"[18727, 26040, 3274, 78, 8731, 18800, 21029, 27704, 12504, 30646, 27275, 24858, 31912, 11220, 18372, 18101, 6136, 29070, 11656, 23140]",0
3526,VALIDATION,ATTACK_RECOVERY,"[16727, 13210, 19039, 2597, 24610, 29196, 7643, 15053, 20254, 16100, 23699, 14264, 4446, 8570, 3211, 22600, 14390, 16305, 15394, 7835]",0
3527,VALIDATION,ATTACK_RECOVERY,"[7880, 21600, 14888, 19785, 16421, 17668, 5986, 17905, 28455, 6322, 19702, 9966, 7019, 31201, 23526, 10143, 7743, 5886, 26883, 14899]",0
3528,VALIDATION,ATTACK_RECOVERY,"[29187, 24117, 3637, 28952, 18509, 7263, 25041, 29226, 10585, 18505, 6318, 24592, 3018, 22035, 19963, 6124, 29745, 31276, 20300, 9268]",0
3529,VALIDATION,ATTACK_RECOVERY,"[25473, 24063, 11473, 12497, 31255, 16857, 18191, 24515, 21235, 25625, 30622, 22641, 7960, 5927, 47, 898, 28544, 27306, 226, 26992]",0
3530,VALIDATION,ATTACK_RECOVERY,"[10856, 29436, 21366, 29731, 5189, 11667, 23494, 18131, 25677, 13467, 8020, 12618, 23243, 14769, 28284, 25323, 11820, 12870, 13537, 9955]",0
3531,VALIDATION,ATTACK_RECOVERY,"[4951, 25938, 29246, 22379, 25067, 10500, 29762, 26939, 15141, 11908, 3451, 11190, 18536, 25362, 10009, 20855, 19167, 12622, 12787, 27017]",0
3532,VALIDATION,ATTACK_RECOVERY,"[18407, 30483, 25831, 22006, 24666, 832, 3353, 21244, 27421, 23291, 10423, 6256, 3855, 24558, 2747, 7617, 9646, 23045, 27878, 24797]",0
3533,VALIDATION,ATTACK_RECOVERY,"[26374, 13247, 788, 19250, 28855, 10012, 2274, 279, 11668, 13994, 10520, 28650, 10137, 16244, 28690, 29438, 20770, 19935, 8751, 10994]",0
3534,VALIDATION,ATTACK_RECOVERY,"[28962, 11130, 7781, 5543, 5964, 16486, 19889, 6785, 24923, 5093, 21048, 4820, 672, 3403, 27707, 18359, 23329, 10567, 553, 3486]",0
3535,VALIDATION,ATTACK_RECOVERY,"[18803, 11593, 12217, 27370, 24264, 25799, 20594, 26962, 7393, 25812, 30008, 719, 27943, 29599, 5905, 21004, 22556, 1049, 25, 14676]",0
3536,VALIDATION,ATTACK_RECOVERY,"[3602, 15079, 30618, 27867, 13656, 20663, 21767, 18987, 2223, 23030, 16664, 15987, 5332, 6868, 18494, 546, 2588, 2182, 28304, 18234]",0
3537,VALIDATION,ATTACK_RECOVERY,"[10754, 28824, 17349, 18471, 30654, 3901, 20183, 3633, 24925, 25936, 1996, 16286, 4371, 13240, 13774, 22105, 3731, 1218, 3397, 8402]",0
3538,VALIDATION,ATTACK_RECOVERY,"[26061, 10736, 18568, 28916, 2574, 22940, 19645, 7792, 26673, 1606, 25674, 6691, 13718, 18105, 1929, 15509, 3326, 10454, 1102, 436]",0
3539,VALIDATION,ATTACK_RECOVERY,"[6119, 3262, 13818, 27900, 1784, 3984, 8871, 31458, 27541, 7606, 4210, 31944, 1199, 30266, 14009, 28045, 15202, 3906, 9732, 16802]",0
3540,VALIDATION,ATTACK_RECOVERY,"[18899, 16241, 4154, 9764, 4135, 27484, 24497, 7152, 10025, 29671, 14494, 122, 11855, 2052, 9474, 18361, 28477, 3303, 8359, 3498]",0
3541,VALIDATION,ATTACK_RECOVERY,"[7131, 29459, 28644, 32105, 10905, 30589, 13412, 13564, 21379, 1249, 9710, 21784, 20110, 27187, 29812, 30736, 3658, 30254, 23973, 7260]",0
3542,VALIDATION,ATTACK_RECOVERY,"[18143, 29598, 10116, 10111, 19710, 4519, 1659, 14163, 20144, 11887, 32049, 5158, 29558, 24542, 24667, 18924, 1867, 14914, 4976, 24912]",0
3543,VALIDATION,ATTACK_RECOVERY,"[23442, 19056, 29916, 11503, 3065, 14906, 3177, 6893, 27617, 29607, 26117, 23538, 18074, 1632, 18303, 14598, 31387, 25856, 31425, 11489]",0
3544,VALIDATION,ATTACK_RECOVERY,"[3039, 13081, 24332, 26381, 18645, 17940, 8778, 4726, 21591, 10352, 19746, 5815, 25992, 17782, 9699, 631, 19865, 15013, 19296, 20658]",0
3545,VALIDATION,ATTACK_RECOVERY,"[19347, 25025, 17271, 5024, 28646, 18224, 17322, 18939, 21757, 13461, 2001, 31896, 12566, 18260, 7461, 29479, 22539, 14584, 26710, 3502]",0
3546,VALIDATION,ATTACK_RECOVERY,"[20762, 29594, 28913, 23580, 1918, 14674, 28642, 4859, 22457, 30852, 4551, 4304, 10972, 19864, 20027, 26018, 23851, 317, 31137, 21006]",0
3547,VALIDATION,ATTACK_RECOVERY,"[28213, 2081, 3478, 4181, 28122, 4714, 30528, 1624, 9240, 15164, 19027, 25684, 29582, 28924, 17067, 27963, 30213, 15709, 23129, 24682]",0
3548,VALIDATION,ATTACK_RECOVERY,"[18437, 13216, 136, 26827, 14746, 5610, 20772, 31002, 9799, 27823, 1026, 9792, 25483, 19569, 1773, 15388, 6822, 25659, 19369, 924]",0
3549,VALIDATION,ATTACK_RECOVERY,"[19900, 3443, 3314, 1123, 5506, 6403, 20283, 29367, 28698, 27362, 23335, 11556, 10718, 13332, 30899, 8463, 22939, 12309, 13166, 12530]",0
3550,VALIDATION,ATTACK_RECOVERY,"[18526, 10707, 10884, 30751, 25968, 24893, 9167, 31817, 27771, 25798, 4049, 12481, 16215, 25731, 12528, 6019, 28848, 13785, 28867, 20681]",0
3551,VALIDATION,ATTACK_RECOVERY,"[31018, 22722, 25330, 11044, 2485, 5328, 23994, 25297, 4527, 11615, 27071, 24260, 27482, 15175, 12146, 18809, 7210, 3063, 16292, 7840]",0
3552,VALIDATION,ATTACK_RECOVERY,"[27394, 32047, 2528, 2612, 9333, 8397, 30956, 1089, 7178, 9975, 19810, 27773, 24868, 11823, 27109, 802, 17021, 2085, 7290, 11880]",0
3553,VALIDATION,ATTACK_RECOVERY,"[28767, 19188, 3407, 5029, 747, 15246, 14928, 4523, 27268, 28663, 8852, 10077, 21929, 17460, 14934, 16402, 4397, 26693, 16224, 6948]",0
3554,VALIDATION,ATTACK_RECOVERY,"[16354, 30320, 15429, 30398, 4990, 18474, 17903, 23489, 26484, 5878, 15841, 19303, 14452, 3520, 17265, 16337, 10523, 31140, 18657, 22942]",0
3555,VALIDATION,ATTACK_RECOVERY,"[2477, 17610, 22166, 9665, 11904, 3412, 16251, 845, 17922, 24133, 7118, 23546, 7761, 3395, 8926, 27994, 14954, 4467, 11351, 14165]",0
3556,VALIDATION,ATTACK_RECOVERY,"[31739, 7457, 16642, 26404, 28339, 22456, 30055, 22315, 20745, 25951, 13460, 17335, 21392, 8724, 30843, 14383, 31269, 29829, 18684, 7711]",0
3557,VALIDATION,ATTACK_RECOVERY,"[1278, 10037, 13073, 27337, 17252, 21062, 29121, 1790, 16013, 4705, 29043, 5741, 10915, 14119, 11208, 19043, 22546, 30748, 11525, 13452]",0
3558,VALIDATION,ATTACK_RECOVERY,"[5960, 17497, 14796, 12368, 24368, 10127, 239, 17414, 12735, 11266, 277, 4275, 2157, 31372, 3607, 1532, 5782, 26677, 29076, 8562]",0
3559,VALIDATION,ATTACK_RECOVERY,"[23196, 11537, 19826, 1417, 20493, 28806, 31651, 5685, 2465, 24944, 21975, 228, 11770, 8288, 19617, 17130, 706, 14858, 22834, 23681]",0
3560,VALIDATION,ATTACK_RECOVERY,"[3627, 11858, 3497, 26662, 29673, 28241, 4956, 28654, 13031, 22697, 3605, 12005, 13209, 8807, 13244, 10532, 4811, 14347, 22045, 24887]",0
3561,VALIDATION,ATTACK_RECOVERY,"[1455, 23935, 27796, 17041, 8066, 3722, 22149, 30827, 3758, 4089, 8144, 13110, 3882, 27442, 18197, 5323, 31068, 2587, 27947, 8712]",0
3562,VALIDATION,ATTACK_RECOVERY,"[18678, 31829, 4882, 19247, 26777, 24460, 20534, 25320, 12193, 24447, 18651, 5137, 13371, 9422, 11074, 17600, 31049, 23705, 17925, 24872]",0
3563,VALIDATION,ATTACK_RECOVERY,"[1603, 5967, 19222, 26840, 9487, 30590, 12084, 413, 19753, 8578, 6428, 4426, 25893, 25814, 26818, 24825, 6042, 28236, 29802, 19732]",0
3564,VALIDATION,ATTACK_RECOVERY,"[25222, 8988, 15453, 24030, 5213, 7215, 17852, 2633, 16670, 30648, 10391, 24100, 7044, 25954, 3236, 30643, 27746, 19697, 7517, 29904]",0
3565,VALIDATION,ATTACK_RECOVERY,"[28093, 5714, 3117, 3733, 9983, 25080, 27777, 9661, 3052, 11854, 19784, 5855, 900, 6996, 31138, 29750, 16039, 14195, 13241, 28472]",0
3566,VALIDATION,ATTACK_RECOVERY,"[30111, 22872, 30848, 9682, 3534, 3630, 31314, 13249, 18037, 25937, 14079, 27334, 24723, 1825, 30418, 12311, 17019, 21146, 1513, 17370]",0
3567,VALIDATION,ATTACK_RECOVERY,"[26227, 15339, 4317, 13350, 14423, 16732, 12661, 3186, 19005, 15102, 6970, 7325, 14263, 11078, 31992, 6087, 14082, 8881, 16344, 10280]",0
3568,VALIDATION,ATTACK_RECOVERY,"[28468, 11439, 11162, 17632, 9585, 2916, 18208, 29562, 22752, 28765, 22184, 8948, 25681, 3354, 12203, 26933, 11284, 31025, 2349, 23528]",0
3569,VALIDATION,ATTACK_RECOVERY,"[21747, 5282, 2413, 25084, 14476, 16818, 25499, 13919, 8068, 732, 8915, 25803, 1505, 5837, 7442, 17164, 6148, 4271, 27496, 8455]",0
3570,VALIDATION,ATTACK_RECOVERY,"[1497, 18838, 19969, 20536, 28454, 13740, 14719, 16093, 7010, 16299, 24992, 12419, 455, 10876, 24895, 22802, 17570, 19580, 17233, 29190]",0
3571,VALIDATION,ATTACK_RECOVERY,"[30675, 9214, 30936, 24852, 11283, 15180, 23072, 18470, 15295, 24241, 3871, 1446, 17037, 24677, 29552, 15472, 23476, 1557, 15380, 9115]",0
3572,VALIDATION,ATTACK_RECOVERY,"[26510, 25161, 4332, 29329, 18567, 8722, 15945, 27923, 11107, 32037, 12949, 4227, 21134, 8075, 5106, 20360, 3944, 12260, 6047, 16952]",0
3573,VALIDATION,ATTACK_RECOVERY,"[7881, 12296, 5314, 30262, 10087, 11289, 21714, 11129, 1999, 15043, 12969, 17797, 22005, 2981, 24651, 12783, 4284, 9160, 16752, 749]",0
3574,VALIDATION,ATTACK_RECOVERY,"[13170, 13111, 18531, 12968, 20991, 30840, 17524, 10847, 3315, 19884, 5169, 16411, 12882, 11589, 13424, 13972, 26526, 21951, 12718, 12854]",0
3575,VALIDATION,ATTACK_RECOVERY,"[9126, 1431, 18179, 31588, 4871, 23053, 5402, 19422, 10290, 19081, 15482, 16065, 5829, 20370, 25653, 15399, 28239, 17683, 16185, 21453]",0
3576,VALIDATION,ATTACK_RECOVERY,"[4655, 17408, 10558, 468, 1163, 7744, 11166, 30130, 6640, 10755, 11167, 26846, 7614, 5072, 21053, 16620, 22972, 13917, 25181, 26359]",0
3577,VALIDATION,ATTACK_RECOVERY,"[12663, 7682, 10526, 22019, 16389, 8903, 5160, 16540, 26272, 6571, 16659, 20102, 1075, 2879, 4574, 25496, 28258, 21425, 21335, 26675]",0
3578,VALIDATION,ATTACK_RECOVERY,"[27363, 26338, 22287, 1234, 22621, 2226, 24855, 18539, 25498, 3030, 17997, 2929, 6757, 9147, 16471, 7302, 18817, 20197, 20368, 10641]",0
3579,VALIDATION,ATTACK_RECOVERY,"[288, 10341, 14004, 15685, 5375, 29111, 24244, 2369, 8234, 13808, 5808, 2987, 9931, 26705, 24747, 12527, 25695, 6036, 13250, 18406]",0
3580,VALIDATION,ATTACK_RECOVERY,"[24170, 28989, 7227, 8474, 19726, 4994, 18784, 22399, 15254, 527, 3807, 23713, 28005, 11832, 13742, 12150, 21102, 11017, 653, 6030]",0
3581,VALIDATION,ATTACK_RECOVERY,"[18791, 9489, 29480, 22623, 19725, 7119, 17573, 10824, 10005, 10205, 14158, 1429, 1220, 6964, 4624, 9473, 8548, 30334, 17454, 31128]",0
3582,VALIDATION,ATTACK_RECOVERY,"[19667, 19947, 6466, 19275, 31145, 10356, 6944, 14421, 6389, 7988, 13248, 12488, 22297, 16006, 6002, 17921, 24983, 14810, 361, 4090]",0
3583,VALIDATION,ATTACK_RECOVERY,"[27136, 21614, 13829, 18419, 31336, 12394, 19286, 9877, 27490, 24789, 27053, 8410, 5358, 25822, 17068, 17289, 13530, 6796, 19859, 23544]",0
3584,VALIDATION,ATTACK_RECOVERY,"[30441, 26537, 12643, 13212, 19015, 28322, 28577, 18007, 11500, 27579, 13874, 18960, 8931, 3366, 30019, 20804, 8105, 10600, 9549, 25158]",0
3585,VALIDATION,ATTACK_RECOVERY,"[2399, 15741, 20877, 31756, 4533, 824, 18674, 30098, 31397, 19647, 4895, 26334, 27256, 23650, 15148, 796, 20638, 1304, 14654, 30290]",0
3586,VALIDATION,ATTACK_RECOVERY,"[5859, 24960, 20940, 1334, 3686, 13171, 5090, 21363, 32048, 9324, 12033, 22126, 13310, 7151, 1813, 26830, 26733, 19129, 13432, 14599]",0
3587,VALIDATION,ATTACK_RECOVERY,"[6368, 31759, 12352, 25369, 8401, 26711, 24566, 5605, 8873, 25163, 31296, 21394, 17172, 17552, 19159, 18291, 31826, 27193, 28226, 1575]",0
3588,VALIDATION,ATTACK_RECOVERY,"[1937, 4843, 28625, 204, 12862, 21285, 29828, 27840, 6351, 1956, 12144, 20200, 4016, 26635, 3206, 9765, 5916, 25242, 7140, 17780]",0
3589,VALIDATION,ATTACK_RECOVERY,"[10799, 9071, 3271, 22104, 6654, 21357, 29952, 30691, 19304, 28546, 2095, 29272, 188, 32106, 2955, 28169, 10528, 16160, 22685, 1695]",0
3590,VALIDATION,ATTACK_RECOVERY,"[14261, 116, 19622, 31936, 20203, 24609, 14549, 29039, 9734, 6326, 23940, 14447, 12880, 23574, 17094, 30744, 25073, 8565, 25898, 11990]",0
3591,VALIDATION,ATTACK_RECOVERY,"[21743, 14048, 11440, 12351, 19144, 5560, 13482, 20732, 6481, 20700, 14115, 28003, 2441, 31958, 21413, 14822, 27028, 14977, 26606, 26026]",0
3592,VALIDATION,ATTACK_RECOVERY,"[5821, 16756, 16311, 9198, 21639, 18667, 29799, 11673, 29601, 19022, 5908, 28580, 13236, 21630, 8017, 26982, 19620, 2805, 30044, 16577]",0
3593,VALIDATION,ATTACK_RECOVERY,"[5182, 12412, 9348, 26417, 5061, 6792, 18043, 23299, 1221, 25104, 18225, 17802, 29523, 28262, 31305, 4137, 12564, 27751, 24440, 16547]",0
3594,VALIDATION,ATTACK_RECOVERY,"[19013, 13466, 410, 1506, 15087, 23143, 11996, 2690, 23728, 22917, 12578, 6939, 25811, 8482, 6401, 10724, 19799, 19902, 25201, 7110]",0
3595,VALIDATION,ATTACK_RECOVERY,"[31470, 21404, 4312, 20910, 23991, 8756, 13536, 24429, 30626, 10728, 28990, 10701, 379, 24671, 17924, 9554, 9528, 17092, 23312, 8129]",0
3596,VALIDATION,ATTACK_RECOVERY,"[18219, 20777, 1962, 5813, 24129, 25926, 19644, 16777, 29897, 22131, 9678, 24437, 23760, 30777, 31370, 11233, 6620, 19084, 31915, 25907]",0
3597,VALIDATION,ATTACK_RECOVERY,"[12984, 16662, 150, 23166, 16183, 21948, 4756, 25748, 830, 12731, 31415, 8767, 26139, 31924, 17914, 4023, 2855, 15067, 1319, 16669]",0
3598,VALIDATION,ATTACK_RECOVERY,"[17983, 28878, 17189, 11252, 18235, 29244, 18182, 19035, 22698, 10783, 22029, 25541, 16191, 20481, 28395, 24455, 22726, 4094, 17697, 5088]",0
3599,VALIDATION,ATTACK_RECOVERY,"[7402, 14335, 725, 14283, 24750, 30242, 28907, 10313, 25947, 31707, 5850, 4180, 15424, 28759, 8787, 30820, 24655, 2817, 2096, 20660]",0
3600,TEST,NORMAL,"[5886, 6939, 18938, 31438, 13370, 21314, 29489, 25987, 3961, 28279, 4579, 7188, 8724, 1759, 26301, 31644, 22749, 9369, 14752, 5157]",0
3601,TEST,NORMAL,"[15126, 3850, 14328, 15858, 12735, 24206, 11117, 22868, 25123, 19145, 9522, 28833, 2419, 5910, 29636, 18536, 3549, 11309, 4929, 18165]",0
3602,TEST,NORMAL,"[3875, 12299, 3480, 5500, 21437, 12949, 27925, 26819, 19467, 436, 18091, 25792, 2296, 25128, 15697, 26977, 1195, 29809, 14418, 16959]",0
3603,TEST,NORMAL,"[4558, 19180, 6124, 29483, 8846, 21981, 25397, 10815, 11341, 12111, 21608, 13941, 20032, 29894, 29373, 5219, 1868, 7982, 6639, 23382]",0
3604,TEST,NORMAL,"[5757, 26572, 27945, 29851, 28124, 3300, 1091, 2436, 29260, 25907, 20618, 11855, 21417, 22514, 24954, 8433, 21205, 3583, 15951, 3747]",0
3605,TEST,NORMAL,"[9971, 31000, 23876, 3969, 15268, 31465, 31143, 23099, 23112, 26969, 105, 10780, 25387, 25051, 3793, 12484, 12369, 24867, 5262, 23433]",0
3606,TEST,NORMAL,"[16152, 551, 7203, 8399, 598, 17119, 9720, 14303, 8623, 18572, 6778, 17218, 22361, 21632, 22357, 12870, 12267, 26726, 3354, 8025]",0
3607,TEST,NORMAL,"[28037, 29742, 17025, 14907, 776, 30135, 5921, 25132, 17821, 4113, 19677, 14558, 5540, 22070, 9626, 6761, 13936, 25526, 22740, 18204]",0
3608,TEST,NORMAL,"[17961, 468, 22546, 31271, 7148, 30318, 2924, 31109, 21957, 28187, 12428, 10825, 21835, 12712, 1958, 29357, 28496, 3510, 187, 22079]",0
3609,TEST,NORMAL,"[31544, 11457, 2605, 9814, 7578, 23313, 18755, 9711, 5200, 23261, 19977, 1786, 6186, 6388, 23071, 28134, 29148, 5322, 8767, 8803]",0
3610,TEST,NORMAL,"[1431, 5125, 16267, 10415, 25127, 4672, 29991, 11830, 11943, 497, 1771, 5646, 24275, 26757, 18582, 28798, 3416, 23196, 8451, 3584]",0
3611,TEST,NORMAL,"[20346, 8789, 29265, 30736, 16020, 13206, 27276, 16175, 28010, 18108, 5847, 22885, 26252, 2735, 30709, 13511, 27007, 8015, 13153, 26554]",0
3612,TEST,NORMAL,"[9514, 2534, 23873, 18287, 16463, 30122, 30131, 29263, 4693, 25494, 10675, 27368, 5607, 23578, 23690, 21877, 26090, 28149, 13463, 23134]",0
3613,TEST,NORMAL,"[19306, 6260, 11279, 23138, 6405, 534, 29604, 8350, 11781, 696, 26180, 17058, 4344, 22817, 17050, 17939, 27392, 24060, 30275, 26268]",0
3614,TEST,NORMAL,"[6985, 15229, 14847, 9631, 9551, 23456, 2469, 10489, 10567, 9380, 25266, 29771, 11440, 25802, 28022, 4025, 3692, 14664, 11009, 23714]",0
3615,TEST,NORMAL,"[24439, 1992, 21222, 4417, 28673, 4760, 24930, 17480, 2911, 430, 23010, 23307, 11293, 2230, 28978, 30069, 12395, 15548, 8217, 20928]",0
3616,TEST,NORMAL,"[16054, 17016, 2375, 28368, 1034, 7128, 11888, 22369, 12393, 19650, 10742, 7355, 7949, 26678, 29873, 21663, 25476, 10937, 8026, 380]",0
3617,TEST,NORMAL,"[5332, 29718, 9653, 9751, 32058, 25564, 17906, 18754, 9487, 22008, 17850, 4479, 8644, 29929, 3945, 7911, 8491, 3735, 557, 7628]",0
3618,TEST,NORMAL,"[15006, 30257, 19637, 20131, 14814, 27848, 23933, 4110, 20166, 10631, 5235, 8684, 2155, 23715, 29444, 13742, 12999, 6557, 23132, 9921]",0
3619,TEST,NORMAL,"[1256, 10485, 3571, 25649, 24903, 17874, 9071, 16632, 6951, 29336, 27137, 9429, 20018, 11824, 9681, 2051, 21238, 24697, 24182, 19251]",0
3620,TEST,NORMAL,"[18595, 31082, 13636, 3643, 30329, 3670, 29366, 10063, 10210, 22654, 15116, 13394, 7327, 5937, 11248, 10190, 31550, 30026, 25989, 6346]",0
3621,TEST,NORMAL,"[26866, 17396, 13232, 16738, 27286, 31226, 17436, 11235, 11227, 3031, 23460, 9360, 15577, 7089, 9361, 18132, 29776, 10479, 2814, 30010]",0
3622,TEST,NORMAL,"[30967, 22505, 20099, 5506, 16911, 31537, 4313, 10556, 27177, 8544, 8242, 31065, 31133, 1251, 31901, 21010, 24128, 25979, 27921, 19386]",0
3623,TEST,NORMAL,"[26486, 3600, 9815, 724, 8750, 3201, 10654, 8523, 15013, 11187, 19667, 26599, 20843, 22748, 18066, 23020, 13145, 6070, 8121, 7630]",0
3624,TEST,NORMAL,"[7912, 10686, 30238, 4082, 14417, 11913, 27619, 23031, 28401, 28135, 19087, 13228, 19703, 11173, 9270, 10681, 1479, 26590, 8845, 20252]",0
3625,TEST,NORMAL,"[3674, 12030, 21673, 9393, 12338, 14004, 1686, 5240, 30269, 29231, 19554, 4360, 23753, 11340, 25033, 15063, 6463, 30357, 18459, 27557]",0
3626,TEST,NORMAL,"[26875, 23040, 29759, 12787, 19882, 11930, 4620, 25249, 24274, 11059, 25658, 8164, 4471, 20957, 26654, 2698, 17226, 7693, 14577, 23005]",0
3627,TEST,NORMAL,"[10246, 27542, 21374, 10354, 9134, 1914, 25175, 7282, 32034, 2026, 8612, 23854, 25076, 27690, 11051, 29212, 29560, 3451, 2473, 19481]",0
3628,TEST,NORMAL,"[6148, 29845, 15937, 7451, 28359, 10481, 822, 6344, 4425, 22554, 26028, 20871, 16859, 23967, 15682, 26779, 28173, 19623, 18660, 15786]",0
3629,TEST,NORMAL,"[32116, 29625, 27777, 2941, 6971, 12666, 4519, 26018, 20164, 16134, 28808, 8622, 19941, 25758, 14793, 20728, 26568, 22108, 21922, 17254]",0
3630,TEST,NORMAL,"[9750, 21764, 26671, 18114, 15189, 14140, 24464, 13122, 31137, 24799, 6001, 2209, 17449, 21537, 20448, 8400, 22670, 12626, 6741, 10934]",0
3631,TEST,NORMAL,"[27316, 17725, 22582, 23811, 20683, 27703, 28922, 16009, 25334, 23934, 6684, 12451, 23501, 15301, 5164, 12029, 27737, 10383, 16528, 12248]",0
3632,TEST,NORMAL,"[14691, 8539, 18324, 1658, 10963, 5527, 110, 14683, 10270, 12120, 347, 21863, 24179, 30301, 29139, 6168, 8933, 2259, 3984, 4255]",0
3633,TEST,NORMAL,"[32060, 1488, 10027, 4868, 19394, 12364, 29915, 22581, 10703, 14717, 13724, 25401, 25983, 6483, 28549, 15004, 11520, 11802, 14081, 4092]",0
3634,TEST,NORMAL,"[22930, 5012, 17692, 29184, 4469, 10336, 2221, 21825, 24889, 2779, 25004, 23191, 12638, 25360, 12038, 18887, 21557, 15801, 559, 9003]",0
3635,TEST,NORMAL,"[24899, 5563, 27492, 21445, 17468, 24915, 8004, 486, 20491, 25027, 18899, 9386, 28110, 28728, 15135, 17775, 30012, 28503, 2257, 6806]",0
3636,TEST,NORMAL,"[15364, 11574, 22263, 8634, 26149, 23684, 19403, 10805, 11392, 21853, 216, 3881, 2376, 10719, 25843, 4459, 5796, 24000, 28223, 25210]",0
3637,TEST,NORMAL,"[4135, 11834, 29616, 26274, 20764, 24316, 11669, 28395, 15675, 27498, 5446, 5778, 13496, 31166, 9180, 31332, 10273, 22365, 10399, 9252]",0
3638,TEST,NORMAL,"[1872, 30838, 20029, 14221, 20902, 8980, 29294, 10405, 16053, 26665, 17765, 31729, 27035, 1669, 20779, 16879, 32024, 31353, 19665, 20716]",0
3639,TEST,NORMAL,"[4325, 22875, 21745, 1991, 6992, 7316, 8818, 17695, 21917, 23805, 944, 16380, 9825, 25654, 22123, 24578, 1963, 7295, 29210, 27152]",0
3640,TEST,NORMAL,"[14553, 23361, 21958, 21755, 27846, 12585, 21942, 183, 9029, 26306, 21441, 32070, 26775, 9674, 11179, 23742, 10913, 10280, 8212, 2295]",0
3641,TEST,NORMAL,"[10001, 12919, 13381, 19052, 19630, 16477, 5383, 21774, 17876, 5276, 25316, 19105, 12663, 1055, 6622, 15404, 16503, 6336, 16337, 18530]",0
3642,TEST,NORMAL,"[31688, 12944, 7569, 8970, 20369, 31571, 20826, 26275, 4273, 8555, 16578, 20214, 21321, 28862, 20394, 9405, 31570, 3481, 21544, 6111]",0
3643,TEST,NORMAL,"[802, 22496, 11973, 20411, 22192, 23800, 28933, 14979, 12868, 6743, 25632, 21904, 13545, 2651, 21477, 7629, 13224, 10033, 224, 22949]",0
3644,TEST,NORMAL,"[1419, 31260, 15215, 8308, 4158, 22789, 3419, 17388, 27067, 30894, 19892, 8078, 29046, 12942, 6890, 24616, 30432, 14591, 29818, 30528]",0
3645,TEST,NORMAL,"[25551, 4493, 3376, 6109, 4436, 17087, 23207, 12957, 2268, 18144, 1612, 21203, 25879, 4377, 18397, 27078, 26730, 18054, 21194, 1199]",0
3646,TEST,NORMAL,"[5064, 18686, 8270, 19656, 20781, 3860, 2465, 24587, 1598, 15829, 8420, 3688, 10546, 15317, 11093, 28311, 3824, 7536, 19962, 19098]",0
3647,TEST,NORMAL,"[17069, 8581, 18169, 3654, 29340, 30311, 29602, 3738, 8105, 6601, 25101, 23896, 21491, 6315, 14392, 13295, 12775, 14708, 16288, 22502]",0
3648,TEST,NORMAL,"[22741, 30035, 615, 22760, 12169, 14006, 16039, 29860, 27857, 28424, 15105, 28610, 21591, 1366, 18896, 16334, 29425, 2753, 21931, 19535]",0
3649,TEST,NORMAL,"[4188, 8287, 7502, 17912, 1600, 13327, 29844, 28270, 13465, 7648, 10798, 23029, 9575, 29802, 27219, 16772, 3033, 6476, 16212, 12745]",0
3650,TEST,NORMAL,"[12805, 14106, 30581, 24610, 12411, 19281, 31827, 26488, 20499, 25097, 30859, 644, 21948, 9192, 23969, 28898, 11404, 28209, 1873, 13321]",0
3651,TEST,NORMAL,"[30312, 20424, 14308, 3163, 13763, 10715, 23946, 18274, 18457, 25881, 9900, 21141, 25759, 7735, 28849, 230, 27058, 5983, 25240, 9108]",0
3652,TEST,NORMAL,"[17754, 23875, 18158, 22147, 758, 10358, 26521, 25337, 7016, 156, 13114, 3532, 22282, 26375, 26421, 3516, 21307, 30207, 20348, 9700]",0
3653,TEST,NORMAL,"[21926, 23146, 4116, 8950, 25398, 13158, 31970, 24891, 20621, 6157, 10987, 20857, 18514, 22553, 24529, 19673, 5598, 12692, 2927, 3709]",0
3654,TEST,NORMAL,"[7665, 19968, 10380, 30725, 4123, 6628, 3280, 30371, 15447, 23638, 12037, 6776, 16516, 1769, 30601, 30764, 22886, 13849, 5823, 23921]",0
3655,TEST,NORMAL,"[5586, 20313, 21294, 28832, 8395, 306, 14485, 30228, 13177, 16775, 24450, 24227, 17756, 17192, 12189, 31897, 7022, 29654, 26007, 21718]",0
3656,TEST,NORMAL,"[19348, 26150, 18555, 2959, 1764, 9996, 4807, 4355, 6121, 5271, 23743, 18353, 17544, 8135, 11357, 4433, 12599, 13292, 8480, 22878]",0
3657,TEST,NORMAL,"[17300, 27509, 22802, 6866, 29300, 16729, 16317, 29638, 17880, 28316, 30604, 16690, 17458, 29283, 30693, 12168, 1980, 28072, 4980, 10071]",0
3658,TEST,NORMAL,"[18613, 7412, 31750, 28522, 25540, 24510, 23229, 14944, 14179, 5651, 24392, 1198, 19409, 6275, 3270, 18643, 22573, 15762, 18690, 6003]",0
3659,TEST,NORMAL,"[16108, 5323, 15725, 29737, 10590, 31020, 24850, 27322, 26023, 22346, 21024, 21980, 14438, 25012, 9981, 20941, 8122, 31413, 12009, 24153]",0
3660,TEST,NORMAL,"[17797, 2795, 18020, 28370, 3681, 24026, 3702, 15827, 9285, 11228, 13533, 31055, 18932, 15473, 4878, 20745, 3639, 17984, 3724, 9143]",0
3661,TEST,NORMAL,"[15769, 26748, 18209, 8467, 12218, 21841, 31992, 22017, 4281, 25781, 10115, 3460, 498, 22198, 683, 9224, 12225, 9914, 13728, 6832]",0
3662,TEST,NORMAL,"[29047, 1654, 22227, 11698, 26887, 7366, 9578, 3924, 7038, 24583, 17645, 9271, 13193, 25837, 10449, 31151, 20269, 16614, 28346, 5097]",0
3663,TEST,NORMAL,"[31266, 17971, 22988, 23596, 1013, 15410, 11610, 41, 6072, 6480, 24004, 16021, 4426, 24959, 20069, 8251, 27721, 21126, 26470, 2563]",0
3664,TEST,NORMAL,"[15166, 11102, 28409, 14014, 657, 28001, 1670, 22608, 4616, 13357, 28492, 18123, 5697, 5548, 30640, 7953, 31825, 18727, 16925, 20636]",0
3665,TEST,NORMAL,"[18400, 8365, 8337, 24189, 16263, 17366, 3925, 21209, 15200, 3854, 16631, 1102, 16335, 1278, 19992, 11127, 16629, 14378, 3369, 20196]",0
3666,TEST,NORMAL,"[25264, 23526, 2456, 21662, 9391, 14786, 23250, 17201, 930, 30956, 14665, 10469, 7231, 18895, 962, 9685, 23553, 16534, 16760, 30446]",0
3667,TEST,NORMAL,"[18987, 22513, 16256, 28018, 17153, 4593, 11315, 20218, 24429, 11686, 7627, 26039, 21656, 16552, 17532, 25053, 22968, 22972, 12723, 7532]",0
3668,TEST,NORMAL,"[29445, 6854, 12379, 23036, 30893, 19687, 15742, 5559, 26377, 28889, 13751, 5927, 20922, 31995, 25238, 7572, 13972, 10267, 17988, 26381]",0
3669,TEST,NORMAL,"[12979, 1266, 26997, 4503, 20517, 27384, 3432, 18375, 24639, 9584, 18735, 12054, 14785, 14319, 1242, 24422, 29226, 22259, 14779, 17642]",0
3670,TEST,NORMAL,"[17165, 18578, 21788, 11244, 6125, 26338, 5799, 18521, 20443, 29156, 14048, 27427, 22256, 5464, 5677, 849, 20923, 30960, 14005, 18715]",0
3671,TEST,NORMAL,"[15664, 1442, 19717, 25495, 23528, 24863, 18049, 26519, 24434, 10523, 11593, 31094, 10705, 11853, 25785, 8831, 4780, 18710, 14390, 30299]",0
3672,TEST,NORMAL,"[13786, 16759, 30977, 9219, 12513, 25075, 16487, 9041, 28464, 13570, 29877, 24085, 6488, 26739, 19580, 5956, 16479, 19171, 20253, 29469]",0
3673,TEST,NORMAL,"[22373, 16336, 11949, 26647, 4617, 16415, 13537, 22404, 30039, 5504, 9212, 19551, 9802, 24868, 17174, 18272, 587, 2014, 31532, 2308]",0
3674,TEST,NORMAL,"[16702, 31327, 30403, 4246, 24718, 5887, 10659, 13573, 1922, 31214, 6273, 22604, 12903, 27415, 22120, 5135, 4797, 29760, 29346, 10089]",0
3675,TEST,NORMAL,"[11995, 2000, 4500, 7040, 26458, 23439, 9648, 24055, 11043, 27655, 11659, 30044, 30857, 4578, 27804, 3834, 11295, 13372, 21746, 29217]",0
3676,TEST,NORMAL,"[31464, 13005, 5429, 13635, 17114, 20877, 8014, 31757, 4317, 17569, 5865, 31889, 26807, 13411, 31341, 20326, 13353, 7874, 21196, 24051]",0
3677,TEST,NORMAL,"[25409, 12818, 27636, 27244, 26358, 5644, 28512, 24043, 26658, 25319, 19495, 31119, 28079, 7380, 31968, 23974, 16823, 31522, 24165, 20894]",0
3678,TEST,NORMAL,"[16857, 31525, 30866, 15919, 13151, 12845, 15014, 1665, 27658, 7719, 30439, 6356, 552, 8175, 19451, 8312, 5964, 31668, 10241, 11660]",0
3679,TEST,NORMAL,"[17947, 3967, 1562, 2692, 21267, 22729, 22115, 22685, 17714, 12251, 24360, 17102, 30032, 17832, 7694, 5011, 19944, 24411, 6605, 29308]",0
3680,TEST,NORMAL,"[15370, 16132, 20399, 20382, 16536, 16529, 26281, 22113, 128, 4615, 22061, 29665, 25182, 20631, 6827, 28235, 23022, 13602, 31101, 11647]",0
3681,TEST,NORMAL,"[15329, 16742, 20831, 22630, 25925, 6921, 6440, 28305, 17790, 17399, 3488, 27829, 6078, 31099, 22036, 11566, 19662, 8982, 4144, 8924]",0
3682,TEST,NORMAL,"[9052, 28044, 11106, 2068, 2300, 11204, 6202, 26406, 14155, 21072, 18193, 3061, 29429, 27190, 26020, 7523, 22687, 19478, 18072, 30463]",0
3683,TEST,NORMAL,"[26413, 2407, 24806, 20654, 5987, 14966, 8610, 27425, 18868, 19897, 9898, 13640, 7105, 28776, 8652, 2618, 31602, 29967, 26444, 28181]",0
3684,TEST,NORMAL,"[4582, 21829, 7514, 10120, 20465, 28892, 13065, 11600, 22278, 17701, 4512, 25113, 20170, 6935, 29332, 15711, 1681, 14388, 24964, 28160]",0
3685,TEST,NORMAL,"[8894, 26410, 9509, 21012, 16675, 1983, 15692, 14829, 25108, 22189, 11688, 24577, 19459, 24597, 14971, 10829, 26182, 7549, 13826, 29066]",0
3686,TEST,NORMAL,"[9203, 4834, 17764, 24563, 20891, 13707, 15452, 1879, 31870, 19816, 28470, 26787, 1728, 1832, 23101, 26476, 7184, 4587, 29420, 12700]",0
3687,TEST,NORMAL,"[23334, 20463, 21558, 15993, 26496, 3889, 24111, 19917, 15931, 24444, 19401, 12941, 6198, 30002, 8409, 28646, 16968, 15308, 3880, 975]",0
3688,TEST,NORMAL,"[15529, 15114, 15205, 7197, 23718, 16037, 31461, 14399, 12258, 8986, 7720, 17946, 22321, 24933, 31709, 2938, 8192, 3001, 14568, 19511]",0
3689,TEST,NORMAL,"[30293, 16594, 20375, 28556, 14520, 2249, 10501, 9585, 8366, 30545, 26411, 24531, 10750, 16445, 31866, 9866, 31987, 7457, 5942, 24943]",0
3690,TEST,NORMAL,"[25116, 13680, 28589, 2680, 2377, 5010, 16927, 24750, 22288, 3212, 6251, 21357, 5836, 29369, 29948, 26005, 4162, 3629, 27473, 9347]",0
3691,TEST,NORMAL,"[15670, 20605, 10599, 14788, 1555, 21265, 15998, 321, 21466, 13872, 13855, 4286, 9057, 26841, 7844, 30721, 28772, 19638, 15778, 15237]",0
3692,TEST,NORMAL,"[28825, 17892, 5492, 13676, 8155, 29362, 20903, 13803, 12714, 7080, 21887, 94, 7253, 6513, 27135, 3682, 7060, 14534, 8781, 15561]",0
3693,TEST,NORMAL,"[22701, 698, 28571, 32003, 23600, 26136, 4252, 26435, 11335, 5318, 30247, 27174, 249, 3955, 8096, 6092, 31533, 22677, 1522, 10908]",0
3694,TEST,NORMAL,"[28197, 1887, 15484, 9799, 24396, 7034, 814, 22322, 26604, 25482, 10397, 27599, 5258, 7793, 4626, 19294, 23021, 19428, 17287, 30579]",0
3695,TEST,NORMAL,"[27462, 10000, 18467, 1789, 21435, 10222, 736, 820, 20392, 2683, 31252, 15461, 6974, 6820, 9619, 5658, 2970, 17445, 16321, 15751]",0
3696,TEST,NORMAL,"[11214, 3528, 3921, 5958, 15628, 9640, 26791, 18458, 5028, 1529, 6958, 1797, 5356, 11942, 18746, 27156, 25236, 31924, 19778, 18567]",0
3697,TEST,NORMAL,"[27278, 9922, 7898, 17811, 17694, 12980, 13175, 90, 3874, 29327, 13714, 16376, 2438, 28169, 2044, 11787, 1741, 13673, 30171, 32067]",0
3698,TEST,NORMAL,"[20444, 7486, 13075, 2567, 24446, 11523, 8606, 21555, 4530, 17096, 1553, 1610, 31450, 14711, 28824, 20776, 2655, 28058, 29442, 16211]",0
3699,TEST,NORMAL,"[4808, 16474, 14291, 4716, 5570, 23039, 29536, 29519, 1651, 23555, 1964, 10931, 13994, 14948, 6, 11898, 27216, 20260, 13451, 25136]",0
3700,TEST,NORMAL,"[8187, 8007, 27567, 16302, 19959, 12086, 29758, 8811, 7859, 31881, 21999, 7922, 14705, 24869, 14383, 27639, 15918, 27341, 16912, 13578]",0
3701,TEST,NORMAL,"[20670, 13839, 20527, 27445, 8550, 13987, 13494, 26570, 2500, 10500, 6213, 14239, 19012, 25133, 23231, 11829, 14730, 3774, 13402, 19385]",0
3702,TEST,NORMAL,"[13045, 15018, 3656, 19439, 15121, 26462, 23810, 1822, 22021, 11993, 24629, 16955, 9021, 21026, 27579, 17479, 20607, 15520, 8146, 15589]",0
3703,TEST,NORMAL,"[6432, 13657, 18757, 184, 25366, 8255, 20528, 25544, 2902, 26941, 1838, 13473, 9100, 8354, 20072, 26653, 5845, 15150, 61, 30952]",0
3704,TEST,NORMAL,"[11567, 5031, 1614, 671, 19612, 10968, 3894, 26238, 16255, 28147, 12986, 20363, 2071, 5054, 1870, 10092, 22486, 11375, 13179, 14639]",0
3705,TEST,NORMAL,"[27282, 27825, 2252, 3034, 12084, 15283, 16290, 18351, 236, 10245, 24431, 25530, 12706, 13600, 31265, 4665, 12936, 15843, 29810, 4890]",0
3706,TEST,NORMAL,"[4174, 19558, 21914, 3753, 12264, 25682, 25243, 12482, 11142, 15512, 1098, 5209, 22895, 6944, 14918, 14350, 16994, 19082, 5716, 14937]",0
3707,TEST,NORMAL,"[20734, 757, 14682, 11721, 26859, 904, 8626, 15187, 12336, 3161, 30270, 13283, 30125, 30912, 8322, 13000, 31369, 3214, 24881, 19595]",0
3708,TEST,NORMAL,"[16482, 2891, 28523, 4915, 341, 875, 7255, 13710, 4465, 32022, 7083, 19299, 25902, 7827, 14726, 765, 28630, 12477, 31215, 26593]",0
3709,TEST,NORMAL,"[4383, 24233, 31218, 179, 7707, 25416, 10473, 13188, 30941, 2935, 441, 2229, 16822, 31295, 10954, 28145, 5160, 21155, 29223, 27767]",0
3710,TEST,NORMAL,"[28957, 29917, 24232, 28663, 2341, 23211, 3461, 9839, 24039, 17548, 7568, 9310, 1792, 6917, 17661, 13880, 30222, 8267, 14347, 12013]",0
3711,TEST,NORMAL,"[20274, 15479, 30608, 5070, 15905, 26839, 14187, 20034, 27439, 6953, 6045, 1114, 7425, 13156, 15258, 23052, 11172, 14288, 20855, 9341]",0
3712,TEST,NORMAL,"[11100, 8597, 31806, 13408, 3422, 11303, 10186, 21373, 6008, 8193, 8541, 17844, 12756, 20840, 2191, 14272, 22799, 12476, 6200, 23075]",0
3713,TEST,NORMAL,"[9447, 905, 18885, 13513, 448, 8423, 12011, 13293, 28382, 23374, 23340, 3453, 4318, 1063, 6349, 21186, 10263, 7147, 22391, 29344]",0
3714,TEST,NORMAL,"[23586, 11178, 29928, 24816, 4023, 14121, 1708, 27743, 19119, 9744, 20766, 3207, 24851, 32109, 5359, 1924, 20134, 8812, 16677, 20255]",0
3715,TEST,NORMAL,"[3940, 21356, 7917, 13486, 25196, 2916, 13262, 22639, 21426, 9325, 1803, 7671, 28637, 22473, 6378, 27231, 15434, 8391, 22461, 5945]",0
3716,TEST,NORMAL,"[642, 606, 18697, 12300, 13263, 6828, 31426, 2452, 26542, 25643, 27955, 15112, 12639, 27151, 2943, 7621, 30680, 13137, 11575, 21076]",0
3717,TEST,NORMAL,"[3857, 27501, 21080, 6569, 4190, 24471, 30587, 4783, 4805, 10878, 29286, 7342, 2145, 13254, 10841, 392, 19185, 28872, 22978, 30074]",0
3718,TEST,NORMAL,"[6267, 11797, 21570, 32013, 27246, 6039, 2386, 203, 20960, 8091, 20198, 8992, 14958, 29343, 12116, 25836, 13338, 10307, 19658, 11923]",0
3719,TEST,NORMAL,"[27308, 5129, 23621, 27379, 9998, 8223, 16322, 4895, 4199, 23883, 22413, 246, 24345, 26998, 21248, 7124, 18732, 29021, 21869, 4441]",0
3720,TEST,NORMAL,"[18070, 4645, 3585, 14583, 15131, 16386, 3668, 19392, 5217, 31499, 3253, 9398, 24106, 16568, 25087, 14602, 26574, 22785, 23478, 9836]",0
3721,TEST,NORMAL,"[30488, 27129, 13203, 21525, 7612, 13123, 3154, 28309, 11502, 23161, 1952, 13096, 30959, 22522, 14146, 10230, 14479, 19603, 21524, 28433]",0
3722,TEST,NORMAL,"[20019, 1095, 9874, 30615, 20544, 1913, 5117, 12793, 1602, 635, 3607, 18542, 23015, 8859, 29035, 12440, 31554, 17704, 23732, 24037]",0
3723,TEST,NORMAL,"[21423, 5498, 10355, 3665, 31960, 6949, 78, 15960, 1499, 9199, 29155, 14882, 21343, 12764, 13745, 25986, 11602, 28696, 15806, 12200]",0
3724,TEST,NORMAL,"[28015, 947, 14123, 13626, 15275, 13243, 31492, 2233, 7153, 17861, 13440, 12698, 18469, 21132, 13236, 30740, 25701, 23775, 102, 25022]",0
3725,TEST,NORMAL,"[17818, 24046, 6095, 27149, 28626, 1255, 32055, 4484, 6765, 30378, 1221, 4642, 26956, 728, 7052, 5600, 7755, 12624, 8313, 28595]",0
3726,TEST,NORMAL,"[25176, 4709, 7561, 3885, 30393, 718, 483, 1717, 30245, 27773, 15587, 10196, 9169, 6484, 10976, 23518, 14114, 19773, 25552, 13425]",0
3727,TEST,NORMAL,"[7067, 12335, 6930, 28702, 16796, 23610, 10626, 24080, 7381, 5108, 8370, 30870, 10126, 1148, 28994, 17779, 2956, 26936, 30361, 22629]",0
3728,TEST,NORMAL,"[19278, 390, 19544, 19915, 31847, 8216, 11056, 15899, 8849, 9463, 10772, 1392, 11240, 16698, 17166, 27954, 2746, 12164, 15284, 30795]",0
3729,TEST,NORMAL,"[2181, 11438, 11458, 26049, 21272, 25431, 27906, 13348, 10601, 25596, 17225, 18739, 25298, 14001, 11215, 17987, 23701, 14426, 21098, 23484]",0
3730,TEST,NORMAL,"[22717, 14400, 13586, 15888, 15547, 1452, 20327, 4247, 5422, 8314, 31648, 27480, 6412, 17049, 2739, 31692, 13500, 4544, 7445, 25853]",0
3731,TEST,NORMAL,"[755, 19565, 24152, 15422, 27967, 11832, 15656, 18214, 26216, 14605, 27722, 26092, 3319, 18966, 15984, 16712, 26088, 16236, 2316, 31195]",0
3732,TEST,NORMAL,"[31740, 16147, 9464, 28075, 20984, 16200, 21864, 17804, 8388, 28474, 2255, 21978, 25887, 28969, 22951, 20784, 28903, 9549, 26271, 16226]",0
3733,TEST,NORMAL,"[19404, 11064, 24898, 32033, 17098, 18929, 648, 28360, 13163, 11813, 13557, 19613, 20546, 7364, 271, 31674, 165, 23108, 20662, 30406]",0
3734,TEST,NORMAL,"[23741, 21645, 24640, 28378, 2539, 12564, 0, 14522, 8299, 9695, 8706, 12331, 18105, 9545, 11632, 15297, 12217, 21157, 17285, 11088]",0
3735,TEST,NORMAL,"[8306, 6433, 17776, 23125, 3330, 7657, 16465, 14194, 14261, 15279, 5338, 8572, 13815, 11456, 14516, 4928, 2800, 14764, 8302, 5497]",0
3736,TEST,NORMAL,"[29987, 25749, 2514, 29037, 3700, 31861, 2542, 21180, 10745, 23454, 17261, 18021, 18845, 11996, 12997, 22077, 6182, 30504, 2277, 11241]",0
3737,TEST,NORMAL,"[15510, 4881, 19513, 13379, 28065, 17352, 22141, 22371, 5020, 28258, 12827, 13678, 23187, 6683, 23796, 14950, 11777, 5092, 27560, 4646]",0
3738,TEST,NORMAL,"[13566, 16800, 539, 16641, 24947, 21169, 24897, 19583, 30082, 18991, 31074, 9761, 29158, 24533, 7248, 29090, 28355, 19474, 30812, 2810]",0
3739,TEST,NORMAL,"[18707, 8073, 5349, 14739, 31037, 14195, 11125, 10907, 18190, 14231, 14581, 18262, 15044, 28480, 26720, 21118, 5953, 3390, 8925, 5069]",0
3740,TEST,NORMAL,"[2705, 3486, 23476, 5524, 10617, 2077, 5669, 22912, 20567, 25971, 25129, 13957, 10759, 9710, 2292, 28965, 18244, 19455, 11981, 29706]",0
3741,TEST,NORMAL,"[14791, 25634, 9743, 25874, 24217, 27852, 5085, 21758, 20358, 1179, 25448, 30413, 14747, 20427, 5879, 23841, 2248, 13278, 1298, 21142]",0
3742,TEST,NORMAL,"[15680, 17553, 31909, 5139, 22429, 21633, 11811, 70, 27535, 6728, 27997, 10676, 1632, 1429, 18344, 469, 13747, 7003, 30360, 1817]",0
3743,TEST,NORMAL,"[28148, 12995, 14307, 8348, 27005, 13063, 4800, 26673, 11683, 9534, 11138, 521, 28613, 6618, 25594, 5216, 14273, 9217, 14913, 11140]",0
3744,TEST,NORMAL,"[9670, 22253, 28735, 863, 15754, 10732, 5663, 8358, 9460, 7375, 29736, 14870, 11879, 20436, 22162, 18246, 29303, 27047, 1264, 6264]",0
3745,TEST,NORMAL,"[315, 16557, 10613, 13374, 13185, 25931, 30998, 27447, 21898, 16434, 10348, 999, 27755, 21221, 11835, 25126, 649, 21912, 10174, 19790]",0
3746,TEST,NORMAL,"[15509, 14249, 25705, 11223, 21990, 12751, 14341, 23641, 10683, 24493, 14706, 21270, 17183, 27808, 15059, 2339, 12382, 745, 27985, 13534]",0
3747,TEST,NORMAL,"[2742, 10767, 25341, 23863, 6775, 15924, 23273, 577, 27094, 23274, 24540, 14354, 10251, 21493, 15024, 21488, 7617, 28318, 19928, 1556]",0
3748,TEST,NORMAL,"[10606, 4008, 5822, 9539, 24747, 22595, 16696, 5133, 2724, 622, 27764, 24271, 3769, 22071, 24236, 17488, 6845, 29880, 9749, 25371]",0
3749,TEST,NORMAL,"[16583, 26008, 2835, 7416, 27346, 26188, 28972, 22591, 23320, 2065, 18838, 5477, 12406, 21464, 2522, 18905, 6494, 10225, 151, 304]",0
3750,TEST,NORMAL,"[22879, 31548, 13838, 23853, 4839, 22948, 22610, 22443, 11111, 10122, 5950, 2418, 29912, 16685, 23003, 19104, 86, 7548, 24862, 13944]",0
3751,TEST,NORMAL,"[14701, 20076, 28817, 3554, 2595, 27377, 10795, 26514, 27066, 1857, 21325, 3736, 15722, 1039, 28795, 20127, 17577, 30760, 12353, 29268]",0
3752,TEST,NORMAL,"[19162, 446, 12968, 266, 5549, 17678, 31718, 15334, 727, 9581, 11764, 31077, 21962, 19258, 14821, 25648, 16118, 19490, 29118, 9168]",0
3753,TEST,NORMAL,"[10123, 28333, 8156, 11330, 6611, 2987, 8231, 25798, 23976, 13490, 3247, 8974, 12479, 10608, 20204, 13054, 26497, 27277, 18534, 32038]",0
3754,TEST,NORMAL,"[1560, 23960, 28535, 27814, 28708, 2371, 19642, 19077, 23893, 28757, 27912, 3859, 7058, 17040, 25104, 1570, 13708, 2946, 25829, 12671]",0
3755,TEST,NORMAL,"[5578, 11186, 21176, 7938, 16002, 5056, 10021, 20302, 30712, 13512, 21770, 22853, 24226, 8209, 11534, 5325, 3456, 2207, 11237, 22055]",0
3756,TEST,NORMAL,"[31837, 14999, 27841, 2900, 31937, 18335, 6289, 5635, 21193, 25740, 25687, 16810, 15420, 4283, 22607, 381, 10103, 14088, 9482, 30901]",0
3757,TEST,NORMAL,"[11689, 23259, 4421, 6785, 27663, 14384, 20874, 7432, 4303, 9420, 18795, 25427, 3575, 19411, 3383, 27161, 14807, 13304, 22690, 8045]",0
3758,TEST,NORMAL,"[30580, 19728, 31579, 17829, 15526, 31736, 22529, 23780, 26868, 31462, 13597, 5000, 20561, 1837, 12443, 23174, 20345, 5870, 29419, 13025]",0
3759,TEST,NORMAL,"[6312, 7449, 3038, 5754, 11903, 14356, 15492, 16291, 17639, 21161, 16792, 23799, 22583, 23402, 7237, 18879, 13324, 31815, 5965, 25723]",0
3760,TEST,NORMAL,"[4515, 31592, 1971, 18902, 3922, 12665, 28352, 15929, 10542, 24573, 27051, 272, 8645, 2623, 25675, 21615, 2182, 22004, 4956, 3813]",0
3761,TEST,NORMAL,"[22649, 8138, 2880, 18045, 31724, 28566, 20293, 24282, 964, 12924, 10321, 570, 23357, 4651, 12456, 14473, 22725, 14889, 10748, 20966]",0
3762,TEST,NORMAL,"[20262, 12287, 26420, 20889, 1135, 1733, 26842, 7396, 11114, 20601, 20469, 17186, 10575, 21100, 21035, 25928, 4940, 25421, 20046, 14960]",0
3763,TEST,NORMAL,"[10403, 28292, 12071, 23109, 23839, 12594, 29352, 6599, 19827, 4846, 17215, 5257, 2455, 1641, 25827, 7026, 12615, 9593, 12478, 11013]",0
3764,TEST,NORMAL,"[18537, 22844, 4214, 5177, 784, 3387, 897, 7756, 791, 8542, 15813, 7429, 22908, 3518, 6783, 24440, 30481, 12008, 14947, 15460]",0
3765,TEST,NORMAL,"[1059, 6861, 2163, 7363, 11850, 19449, 8316, 7209, 14448, 8983, 28880, 2850, 13393, 15433, 18157, 25410, 2134, 700, 24486, 26118]",0
3766,TEST,NORMAL,"[2672, 2306, 18864, 17761, 15122, 18818, 2613, 25376, 11076, 22441, 1157, 24041, 26232, 2638, 19321, 27103, 22620, 6711, 22551, 21766]",0
3767,TEST,NORMAL,"[21720, 30646, 13349, 10446, 23779, 10261, 29404, 16733, 17727, 4220, 30986, 23608, 16014, 20386, 1927, 23061, 31239, 3887, 26209, 27404]",0
3768,TEST,NORMAL,"[7752, 8609, 27370, 15503, 16774, 4070, 17663, 57, 20391, 15440, 30548, 17954, 24694, 24725, 20993, 14990, 24512, 27812, 9088, 11314]",0
3769,TEST,NORMAL,"[31751, 13244, 2526, 15990, 17197, 14025, 13924, 7804, 30209, 10698, 17356, 15385, 22191, 13071, 12749, 10011, 3081, 20512, 26557, 28559]",0
3770,TEST,NORMAL,"[10231, 8972, 11408, 305, 6873, 2283, 15067, 6030, 14188, 28315, 14317, 13806, 20759, 8959, 9926, 20160, 6320, 30440, 289, 331]",0
3771,TEST,NORMAL,"[4265, 23545, 22530, 25253, 13682, 29154, 24883, 17013, 13398, 13701, 6900, 502, 11982, 16257, 19736, 4368, 30829, 26854, 21279, 5159]",0
3772,TEST,NORMAL,"[15416, 27932, 24666, 22501, 9848, 6991, 24879, 9031, 26201, 21337, 11892, 2621, 21998, 24327, 26331, 12501, 19106, 19010, 16234, 21220]",0
3773,TEST,NORMAL,"[25960, 19510, 29077, 30975, 17009, 1691, 18863, 4024, 1130, 30101, 14763, 7631, 23205, 30206, 5453, 4820, 19755, 28406, 17079, 20827]",0
3774,TEST,NORMAL,"[4774, 9196, 28924, 7500, 11461, 32025, 31477, 23950, 2266, 654, 15173, 21611, 12946, 10085, 24023, 15940, 27431, 30988, 2832, 28985]",0
3775,TEST,NORMAL,"[17191, 11069, 25084, 29630, 18867, 740, 25777, 14488, 8840, 5714, 29150, 8372, 4176, 14514, 15467, 4366, 29195, 4394, 673, 30552]",0
3776,TEST,NORMAL,"[27717, 3093, 12172, 21971, 8826, 20036, 21430, 24663, 6632, 2508, 13458, 12325, 14357, 14902, 219, 24297, 7864, 28614, 20740, 10324]",0
3777,TEST,NORMAL,"[29975, 6235, 5161, 28971, 25686, 14634, 20830, 11806, 16309, 9559, 7120, 21243, 23169, 478, 20921, 31814, 7439, 9887, 18742, 16896]",0
3778,TEST,NORMAL,"[25609, 30553, 2820, 5684, 25324, 3251, 2169, 28920, 17959, 18655, 27650, 30933, 31259, 5131, 16100, 31202, 3082, 21913, 28949, 26164]",0
3779,TEST,NORMAL,"[31528, 5471, 22281, 31833, 24075, 19654, 961, 31169, 2303, 26117, 25017, 25657, 28681, 12614, 7686, 17258, 20226, 854, 4879, 10830]",0
3780,TEST,NORMAL,"[13429, 19961, 26225, 14368, 9528, 3628, 22421, 23731, 23770, 11041, 12208, 8546, 12199, 17545, 7662, 14832, 23636, 5864, 28299, 8457]",0
3781,TEST,NORMAL,"[10948, 16146, 13542, 8668, 29585, 12002, 10894, 14215, 15721, 15511, 20791, 21823, 15366, 6520, 15384, 16645, 6291, 11118, 27547, 4995]",0
3782,TEST,NORMAL,"[5986, 9792, 29177, 26290, 18148, 9066, 20050, 26612, 23857, 26899, 6871, 21780, 13339, 21593, 5685, 21837, 25107, 9333, 27293, 25261]",0
3783,TEST,NORMAL,"[20693, 19690, 3795, 10961, 24366, 7353, 20685, 5608, 23254, 1933, 14327, 8074, 3086, 29734, 24769, 20992, 9481, 18436, 17924, 24567]",0
3784,TEST,NORMAL,"[22624, 3504, 25220, 12173, 18931, 23311, 26857, 6616, 30790, 5895, 13912, 2439, 7851, 26921, 22239, 20864, 26675, 7351, 29443, 26218]",0
3785,TEST,NORMAL,"[31958, 8412, 17353, 17056, 17933, 15743, 5591, 1027, 22216, 31248, 23028, 26717, 7787, 18336, 26138, 7179, 4854, 25225, 5733, 31524]",0
3786,TEST,NORMAL,"[9397, 2442, 317, 9853, 28271, 25667, 31575, 8939, 13948, 24701, 5176, 27441, 27738, 14466, 6932, 15457, 1882, 20362, 32066, 1432]",0
3787,TEST,NORMAL,"[30532, 9896, 23136, 14596, 29463, 63, 798, 20842, 18487, 27262, 29888, 10445, 19527, 9661, 30218, 11585, 7931, 18964, 2267, 12512]",0
3788,TEST,NORMAL,"[5861, 2969, 31603, 7788, 16424, 24062, 21822, 14897, 2878, 2467, 16866, 28183, 3625, 24962, 25446, 11901, 19435, 2327, 18007, 29096]",0
3789,TEST,NORMAL,"[15803, 29371, 30306, 26762, 31673, 8215, 513, 1906, 18256, 1475, 22672, 18629, 9414, 3847, 30063, 10161, 5193, 13624, 2748, 19775]",0
3790,TEST,NORMAL,"[20487, 14873, 18802, 16, 16957, 30634, 19214, 7993, 18250, 8326, 17444, 9721, 31612, 29227, 29016, 18706, 19634, 13495, 12469, 1732]",0
3791,TEST,NORMAL,"[24150, 10568, 5305, 29612, 13595, 15498, 19097, 17084, 22269, 18364, 25541, 22561, 23166, 30480, 1277, 6274, 6348, 2038, 28593, 22223]",0
3792,TEST,NORMAL,"[10391, 16546, 10551, 11495, 23806, 11915, 22251, 22675, 29428, 7341, 15683, 16192, 19874, 10761, 16259, 1416, 23912, 1839, 20333, 31210]",0
3793,TEST,NORMAL,"[22226, 2239, 13376, 7738, 7458, 18211, 18461, 17925, 26477, 6771, 8538, 21725, 12329, 17141, 22455, 4241, 29054, 6842, 26114, 6161]",0
3794,TEST,NORMAL,"[19487, 23114, 10690, 18667, 4390, 3099, 26729, 11004, 28675, 4743, 16033, 14484, 453, 27478, 25908, 30940, 12967, 16316, 583, 6173]",0
3795,TEST,NORMAL,"[29931, 26475, 2682, 28425, 17329, 30166, 13050, 30511, 13579, 3582, 25808, 18413, 2335, 5294, 8513, 28921, 14174, 6698, 21250, 936]",0
3796,TEST,NORMAL,"[25888, 12263, 6895, 20223, 79, 7055, 58, 20597, 8662, 20837, 18723, 19494, 24922, 19671, 3389, 21057, 8282, 13906, 24064, 14815]",0
3797,TEST,NORMAL,"[6959, 27758, 16961, 26901, 23591, 20756, 21762, 3408, 1175, 27196, 22843, 18687, 10308, 27122, 10577, 3027, 30379, 31444, 17881, 28203]",0
3798,TEST,NORMAL,"[9925, 2524, 16279, 14924, 16068, 17372, 17595, 26829, 9400, 18057, 9330, 29820, 18064, 7283, 913, 14134, 7626, 1844, 30126, 9645]",0
3799,TEST,NORMAL,"[14427, 2838, 22810, 4886, 20624, 18941, 21394, 3746, 21946, 9456, 15681, 30085, 21945, 16553, 15694, 3098, 18483, 29703, 17686, 3653]",0
3800,TEST,ATTACK_ONSET,"[18257, 27255, 1744, 16198, 3586, 20904, 11343, 18935, 22214, 26487, 18053, 1946, 11519, 13853, 22135, 15947, 14314, 14331, 20976, 16535]",1
3801,TEST,ATTACK_ONSET,"[13392, 13666, 20961, 30390, 20844, 7954, 2133, 17156, 8880, 11506, 222, 4870, 31111, 31675, 12937, 25215, 18110, 14658, 10623, 11287]",1
3802,TEST,ATTACK_ONSET,"[22517, 3565, 31163, 12397, 15579, 25257, 799, 5652, 14124, 3188, 18672, 25197, 10458, 6285, 22809, 28423, 25926, 3166, 26471, 8367]",1
3803,TEST,ATTACK_ONSET,"[1576, 28730, 16884, 13746, 25905, 22320, 30198, 27124, 12102, 7204, 5988, 19042, 9606, 28367, 11273, 10176, 12280, 6670, 8449, 22453]",1
3804,TEST,ATTACK_ONSET,"[27528, 21263, 31878, 20643, 28411, 25491, 4729, 13207, 16285, 25436, 16402, 27627, 15915, 7368, 24010, 21803, 8402, 16840, 15443, 10272]",1
3805,TEST,ATTACK_ONSET,"[26392, 5620, 7637, 17266, 5810, 25612, 12648, 16346, 24255, 6107, 21907, 7511, 23024, 30152, 22922, 20494, 5187, 26014, 6590, 12063]",1
3806,TEST,ATTACK_ONSET,"[13497, 21954, 18378, 31192, 6542, 24793, 28904, 15151, 23895, 28154, 13060, 9947, 27167, 20713, 10197, 22931, 13461, 28296, 28525, 25536]",1
3807,TEST,ATTACK_ONSET,"[2354, 21242, 12135, 16258, 13422, 3002, 7009, 27324, 12567, 31963, 26025, 28842, 31956, 5868, 28491, 18950, 6695, 226, 19548, 29890]",1
3808,TEST,ATTACK_ONSET,"[2075, 24468, 1925, 10433, 5317, 14949, 150, 2099, 27891, 29137, 23918, 7151, 5372, 428, 10311, 31363, 22182, 9984, 16047, 30881]",1
3809,TEST,ATTACK_ONSET,"[26033, 26851, 10090, 29019, 5309, 17292, 15435, 17120, 18689, 30047, 2620, 26113, 7668, 14504, 14154, 4282, 22783, 25149, 31448, 18340]",1
3810,TEST,ATTACK_ONSET,"[18048, 7118, 25460, 19878, 3820, 20107, 5229, 13955, 31541, 2723, 11953, 3336, 29179, 25702, 31521, 4187, 28236, 21649, 31779, 19363]",1
3811,TEST,ATTACK_ONSET,"[30794, 7155, 5517, 26079, 12376, 6071, 22051, 4111, 16470, 5784, 28056, 23388, 25765, 1126, 5538, 28505, 16790, 19178, 15096, 13892]",1
3812,TEST,ATTACK_ONSET,"[29521, 26642, 17001, 15477, 11517, 22971, 21152, 739, 4336, 29191, 29509, 22574, 24631, 12320, 17512, 15316, 19952, 31208, 2424, 30075]",1
3813,TEST,ATTACK_ONSET,"[14497, 27706, 22569, 26978, 3778, 5903, 860, 22917, 24942, 10747, 5961, 18450, 13792, 10351, 21910, 11731, 29515, 3475, 29573, 1835]",1
3814,TEST,ATTACK_ONSET,"[15395, 10224, 28996, 13830, 16604, 17282, 10818, 20854, 15958, 1605, 13192, 6687, 23390, 26596, 16781, 10401, 27120, 8166, 1002, 21510]",1
3815,TEST,ATTACK_ONSET,"[20626, 8745, 11914, 30833, 5963, 23147, 12332, 11282, 2331, 29271, 12438, 29632, 17600, 21996, 12711, 11780, 13788, 3465, 16642, 2531]",1
3816,TEST,ATTACK_ONSET,"[2642, 4434, 18583, 11085, 14281, 24931, 30917, 600, 19547, 30376, 3231, 10475, 2174, 28536, 16163, 6100, 8838, 8459, 30872, 17004]",1
3817,TEST,ATTACK_ONSET,"[1862, 12143, 14295, 3338, 17623, 19833, 29281, 6857, 5907, 20805, 31027, 21702, 10777, 9046, 15204, 7742, 3509, 22691, 27803, 17028]",1
3818,TEST,ATTACK_ONSET,"[9816, 27698, 23830, 30120, 25161, 27969, 16348, 4402, 4994, 7360, 8641, 415, 16451, 391, 12918, 22138, 27983, 6619, 15303, 13405]",1
3819,TEST,ATTACK_ONSET,"[29437, 19187, 26666, 22267, 25518, 3911, 9334, 6176, 28665, 15175, 26171, 24749, 24684, 144, 11740, 11728, 7446, 16802, 18017, 12290]",1
3820,TEST,ATTACK_ONSET,"[31593, 2844, 15690, 16964, 1453, 5104, 6919, 25508, 3592, 5245, 9820, 21309, 25993, 7113, 1389, 21163, 8281, 1297, 10039, 29194]",1
3821,TEST,ATTACK_ONSET,"[26843, 8525, 9390, 14494, 32061, 27643, 17886, 26566, 9099, 8701, 24894, 5263, 2078, 25471, 21160, 6029, 14310, 3916, 3221, 15060]",1
3822,TEST,ATTACK_ONSET,"[7033, 2114, 4966, 13055, 9186, 28, 26196, 5009, 16815, 16229, 16532, 19842, 7238, 17630, 18813, 27992, 10144, 3559, 6724, 10644]",1
3823,TEST,ATTACK_ONSET,"[25776, 11658, 29569, 19272, 25154, 4880, 8619, 11, 24221, 30407, 7107, 4065, 3046, 19015, 12470, 12134, 11123, 10296, 21137, 19753]",1
3824,TEST,ATTACK_ONSET,"[8275, 8203, 10192, 30784, 11040, 21842, 16726, 5772, 7927, 28397, 389, 17337, 20254, 15023, 27298, 24253, 19522, 25553, 11631, 19113]",1
3825,TEST,ATTACK_ONSET,"[23735, 10511, 7345, 6664, 21793, 17794, 18376, 4939, 6363, 21511, 4130, 25513, 6626, 8851, 2576, 18915, 18721, 29608, 26691, 19661]",1
3826,TEST,ATTACK_ONSET,"[16250, 10116, 5181, 19022, 19805, 18408, 21497, 7652, 10989, 949, 19270, 28387, 12347, 19209, 11818, 3845, 29127, 20405, 29667, 7839]",1
3827,TEST,ATTACK_ONSET,"[10592, 29693, 30149, 9069, 28454, 16861, 25921, 10943, 4196, 13577, 29206, 20065, 18294, 31043, 18729, 6226, 871, 19303, 18373, 31313]",1
3828,TEST,ATTACK_ONSET,"[13835, 4332, 2881, 14259, 15218, 20335, 31083, 23206, 18611, 10118, 9797, 21295, 21522, 24908, 13895, 13958, 17654, 8501, 30302, 5962]",1
3829,TEST,ATTACK_ONSET,"[15431, 28542, 4478, 23947, 14684, 31269, 16407, 25457, 30847, 6780, 3276, 8349, 11047, 16464, 6253, 15428, 17026, 22686, 13219, 12657]",1
3830,TEST,ATTACK_ONSET,"[2688, 2703, 2593, 8450, 2765, 828, 25730, 20814, 10559, 2273, 11014, 16224, 14244, 24855, 19796, 20319, 4251, 29875, 21737, 20418]",1
3831,TEST,ATTACK_ONSET,"[13289, 16045, 6130, 22383, 19605, 30452, 16183, 28120, 27631, 22801, 23143, 12450, 25572, 29754, 26555, 8247, 6752, 3028, 12725, 12854]",1
3832,TEST,ATTACK_ONSET,"[7074, 7646, 31585, 26935, 3507, 1763, 20354, 14992, 456, 18857, 3902, 25869, 9691, 18332, 17239, 11268, 6413, 30401, 24458, 31305]",1
3833,TEST,ATTACK_ONSET,"[15987, 6571, 31375, 19176, 18309, 11487, 4696, 2158, 29690, 6135, 6575, 28865, 21963, 19463, 1132, 959, 3152, 30617, 29143, 16935]",1
3834,TEST,ATTACK_ONSET,"[17490, 20906, 2858, 25096, 28742, 31708, 8932, 8754, 12507, 31567, 22213, 14509, 12678, 8545, 885, 24717, 28915, 9949, 5805, 31051]",1
3835,TEST,ATTACK_ONSET,"[6583, 14039, 27608, 9258, 16885, 30352, 20141, 14734, 16418, 26962, 18269, 29900, 10809, 14904, 1777, 29858, 12409, 2606, 12734, 24992]",1
3836,TEST,ATTACK_ONSET,"[1288, 13656, 9216, 29388, 9855, 6154, 16963, 8864, 8160, 16354, 12045, 25114, 8678, 11927, 9164, 2130, 1028, 2883, 18035, 23575]",1
3837,TEST,ATTACK_ONSET,"[17221, 8437, 1545, 30564, 11577, 8053, 2097, 18866, 5713, 25809, 27687, 3923, 1191, 30046, 18684, 31376, 30520, 10701, 5846, 12162]",1
3838,TEST,ATTACK_ONSET,"[29399, 17024, 9676, 21019, 29147, 31562, 8556, 26197, 22344, 26440, 31279, 7651, 22410, 29051, 9729, 10422, 22406, 29413, 14100, 17799]",1
3839,TEST,ATTACK_ONSET,"[3815, 22856, 1625, 2178, 10291, 12537, 29510, 9154, 26939, 13146, 26876, 16876, 30423, 28280, 9411, 26862, 26273, 17284, 11580, 17609]",1
3840,TEST,ATTACK_ONSET,"[28531, 31741, 15989, 13645, 27290, 4769, 2023, 13365, 8768, 18799, 13536, 17306, 19919, 8869, 21873, 21568, 8822, 1316, 21862, 17823]",1
3841,TEST,ATTACK_ONSET,"[5973, 23358, 2478, 18407, 23404, 13421, 13750, 16466, 19025, 28835, 25689, 23455, 18387, 21071, 12118, 13990, 31663, 21185, 4978, 22009]",1
3842,TEST,ATTACK_ONSET,"[2711, 2373, 16017, 24412, 6688, 30623, 29995, 20447, 17684, 19442, 11383, 1118, 11739, 29611, 4012, 5906, 30447, 27929, 17697, 20]",1
3843,TEST,ATTACK_ONSET,"[23131, 21787, 5665, 29911, 9374, 18601, 5194, 6712, 3597, 3745, 6227, 29067, 23848, 25455, 26161, 16723, 5315, 5761, 3113, 2706]",1
3844,TEST,ATTACK_ONSET,"[23720, 24116, 21994, 27181, 13416, 3844, 2519, 28034, 23424, 6258, 18777, 15578, 6471, 28691, 23413, 4202, 2231, 11322, 24935, 22709]",1
3845,TEST,ATTACK_ONSET,"[22243, 16731, 28014, 19049, 17213, 8792, 13548, 25390, 18906, 25184, 20439, 24570, 4790, 8648, 9957, 15016, 25554, 8841, 31075, 26672]",1
3846,TEST,ATTACK_ONSET,"[27448, 20890, 789, 54, 14825, 12488, 7116, 1395, 26283, 13022, 27818, 2171, 2817, 14899, 25352, 5947, 20611, 13908, 26794, 15174]",1
3847,TEST,ATTACK_ONSET,"[10647, 21860, 9513, 8051, 1957, 15057, 4687, 16517, 10159, 21952, 26445, 2931, 17311, 21821, 29474, 19048, 24285, 16954, 23618, 19297]",1
3848,TEST,ATTACK_ONSET,"[27633, 20231, 28317, 6417, 149, 1596, 22723, 30593, 23880, 13754, 26343, 11450, 18405, 2262, 31856, 18599, 16213, 26241, 5523, 26963]",1
3849,TEST,ATTACK_ONSET,"[32029, 4350, 30184, 12346, 20102, 29098, 29289, 4787, 21397, 11422, 11459, 1448, 4107, 31773, 28562, 31573, 2402, 21184, 31432, 9427]",1
3850,TEST,ATTACK_ONSET,"[25679, 8143, 24149, 18612, 28287, 17517, 29410, 24015, 25890, 8136, 30924, 10323, 22535, 7955, 9281, 24582, 9279, 30337, 5093, 735]",1
3851,TEST,ATTACK_ONSET,"[28775, 26957, 15797, 17483, 26756, 16151, 10173, 31078, 14989, 18945, 20179, 16749, 9762, 766, 15423, 26619, 14798, 27795, 2616, 7908]",1
3852,TEST,ATTACK_ONSET,"[15351, 16330, 7708, 6834, 12672, 10898, 29392, 14342, 11964, 29507, 10040, 16026, 20833, 24407, 20129, 7545, 28071, 25332, 18276, 30273]",1
3853,TEST,ATTACK_ONSET,"[25424, 12262, 30656, 20409, 20649, 1516, 25349, 22211, 18466, 8883, 19246, 23485, 20532, 27629, 2999, 18323, 605, 23428, 24484, 29717]",1
3854,TEST,ATTACK_ONSET,"[25726, 5172, 30144, 29796, 11238, 1810, 22388, 15810, 10856, 31412, 28620, 16247, 16617, 22520, 23928, 1253, 163, 14416, 13956, 1474]",1
3855,TEST,ATTACK_ONSET,"[7460, 31620, 1364, 6421, 16458, 4793, 16242, 28999, 20002, 30638, 9601, 4175, 10059, 32101, 11231, 7069, 7234, 5666, 15361, 25353]",1
3856,TEST,ATTACK_ONSET,"[27271, 3758, 18384, 5208, 15541, 1804, 21159, 25773, 23309, 8601, 3551, 24990, 9858, 25408, 30609, 26949, 7178, 12149, 31512, 14723]",1
3857,TEST,ATTACK_ONSET,"[9059, 7340, 26993, 3232, 8790, 8456, 19431, 3045, 26229, 27223, 4702, 31511, 4305, 17401, 27591, 9016, 7667, 13919, 7713, 31701]",1
3858,TEST,ATTACK_ONSET,"[8629, 29248, 29168, 28334, 22588, 18519, 24926, 11159, 346, 7540, 12688, 30278, 16560, 10797, 16892, 522, 16387, 8090, 26239, 31389]",1
3859,TEST,ATTACK_ONSET,"[24550, 931, 18837, 586, 15293, 20752, 7163, 3831, 16974, 25562, 7020, 17949, 29597, 27894, 25021, 13757, 30916, 433, 24588, 18758]",1
3860,TEST,ATTACK_ONSET,"[3706, 29251, 22606, 6328, 11916, 1434, 17312, 19080, 18820, 18671, 8113, 3928, 11591, 21386, 28046, 18339, 16040, 30067, 21129, 1400]",1
3861,TEST,ATTACK_ONSET,"[13716, 4194, 31013, 27334, 22445, 611, 14163, 25586, 11134, 17928, 14986, 524, 31123, 27301, 9635, 19886, 14171, 3413, 29833, 20641]",1
3862,TEST,ATTACK_ONSET,"[24086, 20357, 29551, 16461, 20205, 10637, 16743, 9553, 24061, 23614, 23819, 30408, 28647, 5096, 25273, 6044, 30453, 29320, 2915, 19116]",1
3863,TEST,ATTACK_ONSET,"[7814, 25819, 16949, 28112, 12729, 25065, 9202, 5327, 28966, 23761, 19563, 5567, 30569, 7233, 32021, 17835, 3796, 31739, 4629, 2744]",1
3864,TEST,ATTACK_ONSET,"[5583, 29779, 8584, 27003, 2558, 4909, 24273, 28019, 7075, 5892, 7077, 25110, 27974, 23256, 16521, 14632, 20832, 7599, 24021, 17780]",1
3865,TEST,ATTACK_ONSET,"[26376, 9245, 22720, 7227, 27714, 28756, 24503, 4681, 15997, 31107, 11762, 17482, 20525, 9603, 12424, 21539, 5248, 15804, 27041, 253]",1
3866,TEST,ATTACK_ONSET,"[2940, 31087, 13330, 10842, 10691, 13066, 6936, 17830, 15677, 8736, 2430, 3134, 7079, 29882, 10494, 8651, 23730, 76, 24425, 13125]",1
3867,TEST,ATTACK_ONSET,"[7298, 23556, 24419, 9552, 2143, 21252, 16093, 12399, 20828, 3649, 99, 23172, 31836, 20182, 22470, 27768, 15875, 4758, 24984, 5346]",1
3868,TEST,ATTACK_ONSET,"[4574, 19275, 6791, 2584, 24404, 29203, 1356, 8905, 12617, 573, 22821, 32020, 10312, 22600, 18181, 10095, 13725, 20275, 7489, 19559]",1
3869,TEST,ATTACK_ONSET,"[20758, 18463, 3998, 6886, 23678, 15727, 28248, 29117, 12433, 12695, 22204, 15415, 30887, 2910, 21384, 19462, 23609, 13991, 13310, 28431]",1
3870,TEST,ATTACK_ONSET,"[23347, 24944, 28914, 10164, 60, 14094, 532, 30172, 13204, 16051, 7041, 1780, 20821, 25880, 4777, 4253, 20868, 1309, 20385, 12356]",1
3871,TEST,ATTACK_ONSET,"[30723, 22808, 17857, 417, 23826, 13049, 13738, 25086, 2996, 15209, 18296, 19853, 25672, 10051, 23778, 12309, 13296, 23747, 5884, 30914]",1
3872,TEST,ATTACK_ONSET,"[15043, 7297, 19099, 1767, 8094, 23884, 23520, 4974, 17635, 24681, 5943, 9494, 4193, 7541, 2086, 27140, 14022, 12322, 3269, 19456]",1
3873,TEST,ATTACK_ONSET,"[12515, 17724, 17275, 25754, 30882, 30214, 31102, 7207, 18947, 30148, 24553, 6491, 29596, 13769, 29301, 22485, 10726, 26872, 940, 3546]",1
3874,TEST,ATTACK_ONSET,"[8558, 18143, 10921, 28438, 21602, 29092, 4022, 8003, 14279, 30142, 24509, 3744, 9155, 12371, 1897, 9776, 14636, 18476, 6593, 17664]",1
3875,TEST,ATTACK_ONSET,"[24312, 7082, 19985, 29273, 21388, 24279, 3651, 13077, 15182, 26344, 17461, 22536, 22897, 7236, 26428, 29985, 22183, 28709, 14645, 6377]",1
3876,TEST,ATTACK_ONSET,"[1249, 10521, 31534, 6456, 142, 7819, 16619, 7715, 18478, 569, 7284, 20094, 30747, 8339, 11542, 16136, 17176, 387, 703, 30104]",1
3877,TEST,ATTACK_ONSET,"[28539, 9182, 31130, 10492, 3751, 19652, 12959, 13028, 11936, 7356, 6006, 19220, 21816, 25602, 10012, 9367, 11662, 30219, 8863, 19821]",1
3878,TEST,ATTACK_ONSET,"[16339, 376, 29131, 23902, 5399, 30250, 194, 31416, 16799, 17270, 13013, 11475, 3306, 11799, 9768, 17494, 9213, 29377, 2619, 25140]",1
3879,TEST,ATTACK_ONSET,"[26770, 17693, 24632, 17667, 2610, 31656, 25289, 2848, 768, 11715, 18343, 6874, 20049, 22984, 18033, 22605, 16286, 2676, 19873, 601]",1
3880,TEST,ATTACK_ONSET,"[11154, 23461, 28186, 22334, 21991, 27502, 20433, 19964, 29315, 28649, 17711, 9455, 6931, 18310, 3294, 30330, 20603, 8346, 21500, 29730]",1
3881,TEST,ATTACK_ONSET,"[22577, 15504, 32026, 25680, 22193, 6257, 14681, 19678, 24688, 311, 1239, 11710, 13861, 3275, 20887, 22622, 17911, 20230, 17360, 31045]",1
3882,TEST,ATTACK_ONSET,"[16429, 571, 23961, 11370, 30394, 680, 31468, 1276, 1017, 20237, 5213, 14068, 13201, 16184, 12133, 26893, 25441, 299, 2445, 12298]",1
3883,TEST,ATTACK_ONSET,"[15294, 8904, 19273, 8403, 13995, 11429, 9910, 5290, 28061, 15849, 23046, 14444, 12538, 25782, 15365, 19236, 7180, 19560, 10453, 24325]",1
3884,TEST,ATTACK_ONSET,"[30703, 5458, 12558, 12087, 9438, 17345, 23008, 18921, 31430, 29943, 15350, 20850, 25524, 22724, 16148, 25226, 9173, 27759, 23514, 88]",1
3885,TEST,ATTACK_ONSET,"[20167, 16210, 11755, 24156, 29607, 27573, 18090, 11684, 16283, 8562, 3574, 16837, 5897, 15971, 22493, 30543, 19572, 27233, 23550, 2690]",1
3886,TEST,ATTACK_ONSET,"[2663, 30643, 28624, 27484, 4722, 25848, 4612, 28873, 28073, 17121, 3404, 28794, 11254, 28894, 10286, 12748, 5526, 30345, 26832, 11380]",1
3887,TEST,ATTACK_ONSET,"[16162, 8100, 21552, 28812, 17018, 19688, 28501, 29002, 24731, 16431, 17434, 31813, 24423, 31726, 4695, 30676, 26972, 1999, 5703, 21333]",1
3888,TEST,ATTACK_ONSET,"[15238, 17247, 3792, 14322, 22360, 12896, 8722, 17531, 4004, 16217, 31578, 2098, 18041, 24633, 32005, 29970, 4718, 31967, 14109, 12972]",1
3889,TEST,ATTACK_ONSET,"[30451, 13415, 23700, 21312, 19189, 10023, 27662, 22676, 26573, 18700, 16766, 31790, 16997, 9841, 10712, 10944, 689, 25093, 21178, 21899]",1
3890,TEST,ATTACK_ONSET,"[18712, 23128, 4590, 19373, 18491, 22495, 26325, 29160, 29530, 10045, 18685, 17073, 12094, 23699, 405, 7344, 4893, 9646, 22750, 13472]",1
3891,TEST,ATTACK_ONSET,"[25109, 22985, 2594, 9479, 17169, 24347, 14732, 12480, 10124, 6153, 12159, 8373, 1720, 24138, 15244, 15966, 17059, 25415, 13105, 10982]",1
3892,TEST,ATTACK_ONSET,"[26339, 6714, 12345, 16565, 2868, 29798, 15025, 30684, 15620, 3534, 28664, 4913, 3561, 14592, 16460, 7849, 22865, 10041, 29574, 15602]",1
3893,TEST,ATTACK_ONSET,"[23336, 30509, 29221, 14470, 7802, 16296, 26097, 18383, 28141, 31220, 2495, 19416, 26531, 12754, 13832, 5765, 28602, 13167, 5876, 7792]",1
3894,TEST,ATTACK_ONSET,"[22092, 19626, 31328, 24079, 3261, 23400, 31129, 29700, 16478, 25452, 29082, 27741, 9014, 25000, 16294, 11135, 4017, 23225, 15716, 13718]",1
3895,TEST,ATTACK_ONSET,"[12222, 30672, 5686, 23149, 12961, 29590, 22634, 7241, 18632, 26369, 18453, 8407, 5889, 3566, 2367, 19994, 8184, 28259, 27371, 13568]",1
3896,TEST,ATTACK_ONSET,"[28714, 2762, 13160, 20081, 6825, 13791, 2734, 30090, 16636, 3090, 29831, 30848, 16403, 12446, 268, 3662, 26337, 3947, 10952, 18540]",1
3897,TEST,ATTACK_ONSET,"[18233, 19519, 23611, 25262, 20285, 12198, 9081, 2973, 15382, 1312, 12661, 26259, 30263, 20334, 1154, 5618, 23966, 32000, 11096, 28429]",1
3898,TEST,ATTACK_ONSET,"[28534, 19237, 3981, 9323, 20172, 668, 15394, 4450, 18047, 8479, 23541, 1565, 25317, 27610, 10455, 27896, 4826, 24475, 24810, 21639]",1
3899,TEST,ATTACK_ONSET,"[16827, 26210, 19398, 29901, 14285, 3494, 22938, 31872, 3535, 8891, 29219, 24278, 28519, 9357, 14501, 13618, 1682, 13142, 28444, 13555]",1
3900,TEST,SUSTAINED_ATTACK,"[21961, 877, 14533, 31068, 31597, 26535, 4026, 6647, 356, 25144, 1074, 2485, 25783, 5572, 9123, 15393, 28276, 20359, 18044, 7401]",1
3901,TEST,SUSTAINED_ATTACK,"[31877, 14463, 22578, 21625, 20863, 3521, 12701, 15674, 24969, 30835, 15405, 26191, 13199, 15995, 28427, 5008, 3169, 25473, 21831, 26094]",1
3902,TEST,SUSTAINED_ATTACK,"[4320, 3244, 14905, 31982, 16085, 18974, 74, 21894, 23672, 6269, 23297, 5541, 10463, 18328, 2224, 3626, 21336, 2188, 22906, 11162]",1
3903,TEST,SUSTAINED_ATTACK,"[10588, 21031, 5632, 21712, 5981, 8780, 7462, 1818, 8153, 9264, 17302, 30300, 4677, 13499, 2374, 25009, 109, 23706, 17065, 28086]",1
3904,TEST,SUSTAINED_ATTACK,"[26359, 30538, 24368, 24937, 4248, 19891, 27772, 18827, 25125, 7388, 23411, 27076, 6731, 8805, 11441, 29079, 5450, 13484, 993, 6089]",1
3905,TEST,SUSTAINED_ATTACK,"[20340, 4203, 20803, 6434, 24372, 14666, 2241, 1968, 1078, 22355, 2520, 22635, 30389, 16576, 487, 5115, 7328, 12808, 612, 7948]",1
3906,TEST,SUSTAINED_ATTACK,"[26584, 21534, 13869, 31300, 17733, 14572, 19681, 8042, 352, 31141, 24024, 25375, 21276, 24455, 22593, 1813, 22899, 22870, 6102, 20738]",1
3907,TEST,SUSTAINED_ATTACK,"[3985, 10285, 23850, 23640, 30482, 9620, 32112, 28038, 25616, 186, 13087, 8955, 18934, 27938, 13798, 5299, 1071, 6262, 27676, 24245]",1
3908,TEST,SUSTAINED_ATTACK,"[24500, 17155, 20175, 9801, 30565, 710, 4058, 22039, 26661, 22537, 1500, 15970, 1557, 11296, 25652, 12000, 6996, 25200, 10234, 23733]",1
3909,TEST,SUSTAINED_ATTACK,"[15471, 12252, 18121, 18482, 30555, 26282, 23606, 233, 8910, 2783, 12871, 21058, 27236, 29803, 4946, 22230, 1540, 16489, 4781, 31743]",1
3910,TEST,SUSTAINED_ATTACK,"[14903, 30317, 9501, 12171, 14270, 15501, 6681, 3781, 1318, 8471, 21334, 12534, 21776, 29979, 5361, 27669, 30370, 1765, 25514, 28891]",1
3911,TEST,SUSTAINED_ATTACK,"[31, 9605, 15563, 17747, 22236, 14598, 8012, 25816, 13932, 21361, 1707, 4937, 20306, 6839, 25386, 24687, 17453, 20485, 26308, 2015]",1
3912,TEST,SUSTAINED_ATTACK,"[5543, 27056, 16221, 8615, 16511, 25865, 17856, 15302, 28153, 1772, 2246, 2755, 6957, 12126, 9826, 5170, 30943, 32089, 15866, 6478]",1
3913,TEST,SUSTAINED_ATTACK,"[7743, 23813, 1289, 19588, 24539, 29508, 30541, 31196, 17680, 9259, 25143, 23436, 6197, 14256, 15468, 3826, 3865, 17181, 2159, 26867]",1
3914,TEST,SUSTAINED_ATTACK,"[31472, 1989, 14856, 2933, 29862, 15111, 16500, 3292, 11048, 7900, 30469, 1305, 14366, 25833, 25624, 23804, 28300, 7995, 22969, 10704]",1
3915,TEST,SUSTAINED_ATTACK,"[2823, 4906, 10986, 20138, 7888, 10340, 30915, 27807, 4715, 5860, 2541, 11480, 24637, 921, 11950, 28694, 16943, 12250, 4089, 24910]",1
3916,TEST,SUSTAINED_ATTACK,"[24235, 5417, 5017, 6266, 19312, 26424, 23619, 5100, 30639, 21376, 9779, 29396, 438, 31733, 4098, 7230, 11743, 17584, 29383, 23214]",1
3917,TEST,SUSTAINED_ATTACK,"[25666, 19492, 17200, 4525, 19408, 6847, 11259, 29015, 23916, 5457, 30471, 29272, 14033, 17313, 9430, 10689, 16510, 31121, 15667, 10331]",1
3918,TEST,SUSTAINED_ATTACK,"[12082, 2957, 3849, 20598, 9705, 12785, 1613, 11061, 11471, 5063, 6455, 2215, 17679, 2836, 5019, 4875, 536, 18770, 3167, 6607]",1
3919,TEST,SUSTAINED_ATTACK,"[9086, 10139, 20356, 27892, 31207, 11627, 817, 26965, 27481, 9295, 9080, 31052, 12743, 6923, 32027, 19700, 23773, 15108, 19896, 24576]",1
3920,TEST,SUSTAINED_ATTACK,"[27283, 9200, 8101, 3618, 12492, 21053, 31103, 1726, 20986, 24477, 9785, 29780, 22302, 20177, 19768, 22882, 1105, 30819, 13609, 21885]",1
3921,TEST,SUSTAINED_ATTACK,"[10999, 17953, 11666, 11559, 20896, 25214, 25614, 1635, 8226, 28544, 2107, 29843, 15953, 23129, 4908, 9611, 15346, 30096, 14193, 3667]",1
3922,TEST,SUSTAINED_ATTACK,"[28063, 16873, 2198, 13009, 18903, 20353, 23705, 3810, 15760, 30689, 21950, 21940, 13631, 11638, 22957, 9988, 19786, 4973, 2961, 31643]",1
3923,TEST,SUSTAINED_ATTACK,"[7170, 225, 25059, 9742, 8099, 15914, 5250, 3237, 2378, 4334, 5597, 12771, 30419, 8512, 24353, 10554, 2772, 2186, 15123, 8655]",1
3924,TEST,SUSTAINED_ATTACK,"[3159, 23325, 7887, 10534, 17328, 8469, 29613, 30907, 17899, 7775, 31050, 13569, 8740, 12683, 8630, 22440, 6630, 38, 7395, 21182]",1
3925,TEST,SUSTAINED_ATTACK,"[29279, 18146, 12739, 11878, 790, 14203, 20808, 10569, 11946, 16751, 8280, 21131, 22703, 19696, 16929, 30983, 25582, 640, 4850, 27853]",1
3926,TEST,SUSTAINED_ATTACK,"[11428, 4697, 28692, 24842, 14225, 11251, 1166, 14332, 18657, 21700, 11353, 17242, 31640, 27679, 23186, 3373, 4001, 11207, 27020, 22623]",1
3927,TEST,SUSTAINED_ATTACK,"[17100, 11578, 7974, 32080, 12795, 7258, 31287, 31964, 11030, 2986, 11288, 12026, 5236, 17608, 29453, 8516, 9274, 11589, 17991, 2048]",1
3928,TEST,SUSTAINED_ATTACK,"[20389, 15462, 13195, 17931, 19538, 11416, 12721, 12101, 25115, 14556, 4059, 17443, 25335, 17541, 2340, 4414, 22832, 7090, 19669, 213]",1
3929,TEST,SUSTAINED_ATTACK,"[29041, 11991, 29658, 25893, 18508, 11349, 133, 8482, 17325, 21082, 26793, 12100, 29249, 22205, 28662, 16274, 1140, 22518, 26332, 15707]",1
3930,TEST,SUSTAINED_ATTACK,"[23722, 19956, 23043, 19308, 24142, 29767, 23531, 9107, 1000, 7269, 27065, 11021, 807, 14538, 2564, 28244, 23865, 7721, 8241, 30193]",1
3931,TEST,SUSTAINED_ATTACK,"[6393, 10114, 14619, 20125, 813, 20088, 4844, 19200, 1457, 3072, 18512, 21936, 31100, 29, 30059, 28845, 15221, 14727, 21824, 5991]",1
3932,TEST,SUSTAINED_ATTACK,"[31193, 16312, 1454, 30271, 4657, 14542, 29402, 25592, 26121, 26509, 27855, 20722, 22804, 4309, 14663, 8737, 16310, 16505, 7481, 22218]",1
3933,TEST,SUSTAINED_ATTACK,"[22300, 5751, 22733, 17465, 17758, 13943, 2353, 21795, 15961, 18810, 6190, 10482, 8076, 26042, 21802, 26687, 26937, 31737, 17878, 23655]",1
3934,TEST,SUSTAINED_ATTACK,"[22399, 14044, 16525, 26062, 30897, 16202, 26892, 20110, 19550, 25516, 5251, 23801, 13091, 14771, 27790, 2802, 9174, 14863, 7691, 12323]",1
3935,TEST,SUSTAINED_ATTACK,"[9838, 20343, 9185, 11071, 6057, 19377, 17060, 16932, 2686, 9064, 1693, 31370, 28538, 9556, 22823, 12174, 31504, 3222, 6843, 6429]",1
3936,TEST,SUSTAINED_ATTACK,"[30720, 31811, 4867, 2903, 28767, 1065, 1339, 2278, 15109, 19879, 16646, 30456, 31771, 27452, 17147, 16864, 22390, 22658, 14917, 23258]",1
3937,TEST,SUSTAINED_ATTACK,"[21007, 24405, 17389, 1369, 19050, 25151, 10528, 29506, 9035, 15029, 25670, 19963, 13067, 17699, 24835, 17227, 25322, 160, 18138, 5459]",1
3938,TEST,SUSTAINED_ATTACK,"[28814, 13612, 19440, 9982, 19349, 10322, 7007, 12985, 23292, 3832, 7714, 9573, 8804, 8510, 8861, 1743, 595, 20209, 12920, 5575]",1
3939,TEST,SUSTAINED_ATTACK,"[15412, 27699, 23576, 6975, 12064, 27102, 26474, 14481, 16006, 1606, 23736, 21144, 5645, 5033, 1169, 6142, 15560, 7348, 22298, 27180]",1
3940,TEST,SUSTAINED_ATTACK,"[11905, 6666, 3892, 15591, 30251, 24999, 3608, 8763, 3229, 26804, 25203, 27867, 29255, 21432, 6705, 27042, 25499, 17110, 1950, 7593]",1
3941,TEST,SUSTAINED_ATTACK,"[20714, 9422, 23547, 14525, 29258, 25003, 23792, 6016, 14142, 15513, 28533, 3396, 26636, 8332, 14367, 26176, 7335, 16052, 3360, 254]",1
3942,TEST,SUSTAINED_ATTACK,"[31171, 6512, 21013, 29855, 555, 20655, 12519, 26522, 18094, 23632, 12229, 9137, 3637, 14607, 28415, 31754, 515, 30922, 26837, 9787]",1
3943,TEST,SUSTAINED_ATTACK,"[16978, 8240, 14526, 9943, 1661, 28274, 26534, 7358, 31826, 17521, 16506, 27207, 7727, 29799, 28561, 22080, 6311, 5787, 7165, 5779]",1
3944,TEST,SUSTAINED_ATTACK,"[18968, 22838, 14409, 20959, 9699, 1754, 22126, 31854, 14186, 18333, 29674, 13591, 27893, 7889, 29962, 25951, 25560, 21282, 25573, 4215]",1
3945,TEST,SUSTAINED_ATTACK,"[3587, 4624, 8447, 20471, 9189, 16730, 6387, 9524, 69, 19393, 8205, 31306, 24585, 13406, 12884, 12315, 28968, 28547, 30139, 27849]",1
3946,TEST,SUSTAINED_ATTACK,"[15362, 27027, 17893, 7194, 1187, 10597, 5899, 4941, 10255, 26826, 19970, 5090, 7085, 20771, 26317, 28158, 18189, 12823, 26266, 28445]",1
3947,TEST,SUSTAINED_ATTACK,"[23405, 21299, 7302, 7928, 24927, 30981, 13510, 29609, 30196, 720, 12546, 5727, 3347, 4157, 15273, 11384, 14885, 13450, 17498, 3361]",1
3948,TEST,SUSTAINED_ATTACK,"[26533, 1219, 1590, 30249, 20066, 6893, 9454, 3799, 30454, 31017, 25419, 15248, 7198, 13417, 732, 29824, 15106, 2475, 20551, 18949]",1
3949,TEST,SUSTAINED_ATTACK,"[9432, 4290, 6316, 8975, 15564, 28652, 11680, 17665, 19489, 24605, 29540, 30972, 13131, 15838, 13974, 29905, 22081, 15527, 12468, 21634]",1
3950,TEST,SUSTAINED_ATTACK,"[11133, 28645, 29956, 24145, 26073, 5151, 28048, 19725, 25047, 2585, 9997, 20859, 32099, 16872, 28790, 15596, 17249, 7254, 31491, 1336]",1
3951,TEST,SUSTAINED_ATTACK,"[19422, 26066, 27678, 11261, 1147, 13180, 4153, 8922, 31722, 14965, 5626, 18886, 27903, 23483, 29176, 19356, 14571, 20126, 27959, 6271]",1
3952,TEST,SUSTAINED_ATTACK,"[11505, 26681, 19966, 16307, 1057, 30132, 18055, 20975, 9301, 3578, 2553, 24919, 18161, 2059, 21133, 29450, 30727, 17272, 20106, 25574]",1
3953,TEST,SUSTAINED_ATTACK,"[15176, 12890, 5604, 1974, 3966, 31986, 30989, 239, 902, 15640, 7444, 8498, 31557, 21613, 8660, 9756, 26677, 15613, 18561, 1238]",1
3954,TEST,SUSTAINED_ATTACK,"[1672, 23900, 15952, 3060, 18417, 10026, 85, 26291, 19242, 11015, 8522, 5155, 20702, 30724, 26589, 28899, 9697, 850, 20540, 27098]",1
3955,TEST,SUSTAINED_ATTACK,"[1167, 29496, 15170, 19929, 18229, 12107, 24800, 6934, 18574, 9665, 2356, 17083, 10736, 18236, 5287, 19529, 2889, 13927, 77, 11887]",1
3956,TEST,SUSTAINED_ATTACK,"[30110, 27476, 16801, 10739, 19142, 22353, 13696, 26222, 3095, 25950, 31073, 7285, 4211, 8568, 7968, 8424, 20760, 23675, 21292, 25547]",1
3957,TEST,SUSTAINED_ATTACK,"[22342, 23333, 506, 4689, 1549, 3310, 22807, 24516, 13743, 4034, 14633, 25863, 24410, 22840, 31831, 30050, 21778, 1188, 2166, 4180]",1
3958,TEST,SUSTAINED_ATTACK,"[22254, 31590, 27073, 26464, 2994, 28632, 9795, 31953, 16942, 21179, 21023, 12612, 1385, 8837, 13366, 16980, 22299, 1809, 5724, 4491]",1
3959,TEST,SUSTAINED_ATTACK,"[26922, 19947, 16391, 1757, 8729, 30287, 15780, 25450, 20118, 15136, 23674, 28422, 1782, 15659, 31302, 4405, 10635, 3057, 28592, 23344]",1
3960,TEST,SUSTAINED_ATTACK,"[21763, 31431, 5445, 12703, 7235, 7442, 21228, 25569, 3271, 1762, 21143, 27956, 2855, 28782, 23312, 3771, 18565, 22940, 5110, 31018]",1
3961,TEST,SUSTAINED_ATTACK,"[27468, 4771, 8878, 12933, 9331, 9987, 4945, 8834, 8070, 25178, 25088, 22735, 28000, 5952, 12762, 25267, 15629, 18029, 25174, 28598]",1
3962,TEST,SUSTAINED_ATTACK,"[29751, 1350, 9850, 7246, 1515, 4033, 28685, 26898, 15920, 17222, 6073, 21424, 26349, 22375, 26340, 10112, 23232, 5566, 424, 11544]",1
3963,TEST,SUSTAINED_ATTACK,"[8315, 5326, 21468, 4698, 2571, 18694, 23601, 3327, 27616, 10969, 22601, 28778, 9201, 9389, 14713, 25256, 2906, 24773, 13068, 5375]",1
3964,TEST,SUSTAINED_ATTACK,"[31182, 23027, 19556, 26030, 21861, 8310, 5616, 25131, 23383, 17095, 3415, 32082, 208, 29966, 6426, 7191, 28520, 25994, 25875, 31979]",1
3965,TEST,SUSTAINED_ATTACK,"[30438, 24696, 12441, 8782, 10072, 2617, 1070, 13775, 16720, 9254, 15598, 12885, 17167, 17323, 1021, 26481, 3876, 11783, 15210, 19598]",1
3966,TEST,SUSTAINED_ATTACK,"[9498, 23571, 22963, 17171, 31604, 2297, 15540, 19405, 29781, 30405, 23513, 12872, 11902, 13983, 29040, 18831, 21352, 3380, 22552, 11108]",1
3967,TEST,SUSTAINED_ATTACK,"[1973, 16916, 19215, 6376, 9074, 24074, 13471, 3079, 8618, 22271, 13620, 19497, 2633, 12975, 171, 18258, 28960, 9507, 14141, 10104]",1
3968,TEST,SUSTAINED_ATTACK,"[704, 26263, 13482, 11757, 5023, 25206, 4323, 29452, 22153, 7641, 9701, 786, 21955, 29386, 20615, 14753, 4373, 10050, 14884, 339]",1
3969,TEST,SUSTAINED_ATTACK,"[30884, 15242, 29008, 26995, 22380, 17101, 4387, 8208, 190, 26961, 2921, 15214, 31744, 19472, 6446, 27664, 12976, 29439, 1402, 8632]",1
3970,TEST,SUSTAINED_ATTACK,"[5856, 5814, 7021, 17827, 31157, 30140, 13982, 139, 7190, 24155, 22919, 20853, 25815, 26532, 20619, 14428, 31873, 28441, 24202, 15031]",1
3971,TEST,SUSTAINED_ATTACK,"[2318, 8159, 3619, 5503, 25449, 3543, 28152, 9642, 14935, 24744, 28611, 20215, 6077, 22085, 21377, 29546, 21306, 24590, 8707, 27034]",1
3972,TEST,SUSTAINED_ATTACK,"[16855, 279, 12571, 31955, 17841, 22237, 23104, 15703, 18870, 15977, 674, 24598, 22564, 3051, 7361, 17636, 29589, 15668, 4563, 14647]",1
3973,TEST,SUSTAINED_ATTACK,"[30354, 31529, 15250, 14321, 1709, 23894, 15327, 2699, 6310, 28820, 8191, 30031, 5558, 11615, 31390, 24836, 7331, 31822, 11976, 11072]",1
3974,TEST,SUSTAINED_ATTACK,"[15153, 6211, 21070, 22779, 13300, 4475, 19069, 7394, 27917, 9488, 6876, 30911, 1747, 11052, 19756, 5900, 10382, 10914, 17819, 9582]",1
3975,TEST,SUSTAINED_ATTACK,"[6702, 29920, 17170, 12220, 25160, 15555, 28884, 8598, 12851, 32036, 6586, 15622, 21463, 29095, 9222, 26227, 15185, 21036, 18115, 11364]",1
3976,TEST,SUSTAINED_ATTACK,"[27391, 19167, 28200, 4307, 4077, 9215, 27274, 17753, 1208, 12909, 370, 30613, 15078, 9725, 16757, 18355, 5490, 14881, 20886, 2336]",1
3977,TEST,SUSTAINED_ATTACK,"[29259, 12605, 5413, 18062, 1085, 6853, 18363, 3896, 9223, 23240, 7768, 8806, 28055, 27084, 1795, 27059, 2627, 17858, 8858, 21797]",1
3978,TEST,SUSTAINED_ATTACK,"[22336, 9179, 31437, 10929, 8968, 28126, 22209, 7729, 9569, 22811, 17815, 4522, 31056, 30626, 21231, 2702, 9774, 31617, 22757, 21665]",1
3979,TEST,SUSTAINED_ATTACK,"[9752, 19570, 14649, 23087, 9917, 10953, 3412, 11053, 26416, 5227, 7712, 5045, 27887, 23613, 27617, 4656, 26592, 22774, 29119, 14346]",1
3980,TEST,SUSTAINED_ATTACK,"[19314, 12596, 24877, 1798, 23103, 1994, 28564, 16197, 6962, 5874, 15528, 26398, 16176, 26971, 23417, 13772, 7422, 8892, 8664, 3479]",1
3981,TEST,SUSTAINED_ATTACK,"[23807, 16717, 21941, 27383, 23438, 27457, 14573, 25464, 12815, 298, 19248, 30108, 22143, 15976, 1911, 23394, 1068, 20224, 22161, 18493]",1
3982,TEST,SUSTAINED_ATTACK,"[20401, 22815, 28695, 13202, 3010, 23398, 21258, 10803, 21095, 5565, 20122, 28028, 19835, 12001, 28515, 13903, 10688, 14673, 8128, 14031]",1
3983,TEST,SUSTAINED_ATTACK,"[26009, 26107, 6819, 13070, 22228, 8392, 13021, 3, 14562, 21000, 31802, 27977, 9588, 25063, 23348, 15525, 6739, 16580, 17627, 24005]",1
3984,TEST,SUSTAINED_ATTACK,"[19912, 20365, 4865, 7933, 30170, 19647, 24615, 14222, 26179, 23580, 25892, 14060, 21235, 21675, 15944, 10362, 7027, 29741, 27634, 520]",1
3985,TEST,SUSTAINED_ATTACK,"[26563, 28172, 8319, 18298, 2083, 16164, 92, 35, 19856, 19604, 4531, 19761, 27311, 17392, 26795, 27134, 22435, 7144, 8035, 22127]",1
3986,TEST,SUSTAINED_ATTACK,"[26311, 24344, 29916, 28140, 629, 1099, 19758, 8086, 22648, 1293, 16833, 11099, 10557, 29010, 31091, 27327, 29482, 1072, 20020, 22696]",1
3987,TEST,SUSTAINED_ATTACK,"[5581, 28651, 8766, 1377, 30116, 11895, 18032, 11521, 22131, 17919, 4091, 1805, 8425, 1900, 13721, 23717, 27744, 23171, 23593, 26784]",1
3988,TEST,SUSTAINED_ATTACK,"[26299, 6127, 4671, 18480, 23984, 14489, 15500, 7304, 23447, 12865, 12619, 14178, 7564, 28986, 1398, 22679, 10470, 20263, 2536, 23414]",1
3989,TEST,SUSTAINED_ATTACK,"[7133, 6054, 5333, 17926, 21171, 14294, 29568, 17385, 23725, 20549, 30845, 2324, 18756, 19143, 14627, 7808, 2128, 10096, 18552, 23667]",1
3990,TEST,SUSTAINED_ATTACK,"[30806, 21748, 19788, 20133, 30761, 13001, 20021, 10447, 31783, 7454, 17277, 5880, 22567, 19526, 10069, 30229, 27801, 25789, 2789, 22769]",1
3991,TEST,SUSTAINED_ATTACK,"[19676, 28301, 20914, 5184, 12081, 28911, 9786, 25391, 6567, 8375, 11192, 28583, 24094, 11917, 22159, 19232, 11253, 2764, 15623, 10917]",1
3992,TEST,SUSTAINED_ATTACK,"[22850, 18221, 27486, 17255, 4540, 1473, 3202, 31770, 8569, 6856, 31698, 17327, 14961, 3593, 27239, 22960, 16158, 8536, 21224, 23723]",1
3993,TEST,SUSTAINED_ATTACK,"[24896, 25897, 27640, 31990, 21871, 26354, 18128, 27834, 13665, 26797, 26912, 18013, 11561, 23130, 15850, 13189, 13664, 25204, 31347, 21716]",1
3994,TEST,SUSTAINED_ATTACK,"[21030, 3515, 11504, 13610, 21311, 12632, 16157, 9748, 13828, 10077, 24680, 26000, 5310, 28477, 1379, 3616, 23899, 28781, 24178, 26645]",1
3995,TEST,SUSTAINED_ATTACK,"[1038, 24448, 15072, 26167, 11113, 1067, 1470, 5032, 22549, 5715, 30045, 5614, 645, 25844, 16496, 25010, 7389, 14569, 8362, 12421]",1
3996,TEST,SUSTAINED_ATTACK,"[8020, 31568, 22423, 5021, 30982, 5149, 12779, 23331, 18022, 2612, 4037, 29878, 32106, 7956, 10202, 22700, 22062, 4741, 6252, 8588]",1
3997,TEST,SUSTAINED_ATTACK,"[19469, 19876, 10448, 1657, 25662, 28801, 25162, 18395, 15309, 23360, 10309, 20061, 7469, 12012, 6888, 24081, 19620, 28689, 15429, 29370]",1
3998,TEST,SUSTAINED_ATTACK,"[19191, 21812, 20594, 26716, 30105, 3491, 7944, 926, 25914, 24443, 5319, 9419, 27946, 22824, 21015, 17974, 7897, 29322, 9322, 8259]",1
3999,TEST,SUSTAINED_ATTACK,"[9116, 21471, 5734, 17978, 5982, 18630, 18168, 22684, 4922, 28109, 3005, 2307, 12110, 25258, 26146, 23659, 7032, 23473, 21833, 4143]",1
4000,TEST,SUSTAINED_ATTACK,"[29197, 23277, 21834, 31954, 15782, 23097, 20071, 9120, 11805, 30051, 22326, 6159, 19960, 16444, 23628, 3671, 2569, 2761, 8872, 4662]",1
4001,TEST,SUSTAINED_ATTACK,"[13647, 2504, 9126, 18984, 16530, 11339, 9518, 12516, 16220, 6119, 215, 5955, 6438, 6063, 18728, 12260, 5382, 23942, 17341, 7260]",1
4002,TEST,SUSTAINED_ATTACK,"[11166, 2537, 5726, 10219, 20181, 3825, 5730, 31563, 10305, 21576, 23758, 31168, 13776, 8862, 19061, 31670, 6937, 7, 14016, 20044]",1
4003,TEST,SUSTAINED_ATTACK,"[26084, 26236, 17062, 22584, 17996, 24300, 29662, 22710, 1087, 16145, 15679, 15684, 13807, 16455, 15472, 22151, 14646, 197, 26827, 6185]",1
4004,TEST,SUSTAINED_ATTACK,"[31691, 25583, 19568, 10432, 670, 3071, 25029, 25428, 19715, 18218, 23418, 24604, 12710, 13857, 9253, 22412, 14751, 10930, 31408, 1046]",1
4005,TEST,SUSTAINED_ATTACK,"[8269, 5409, 24627, 12282, 9521, 19743, 22252, 1699, 12655, 22713, 1020, 22133, 28416, 27821, 11492, 14622, 6922, 31583, 20996, 21883]",1
4006,TEST,SUSTAINED_ATTACK,"[12763, 16728, 7518, 8293, 17773, 10257, 19571, 15417, 3642, 10713, 2681, 26330, 3345, 26773, 26289, 30898, 26544, 31256, 9320, 18631]",1
4007,TEST,SUSTAINED_ATTACK,"[6150, 8965, 29639, 23612, 13739, 1494, 28962, 20456, 5214, 19168, 28240, 24033, 286, 9717, 21724, 28727, 25254, 24284, 1847, 27189]",1
4008,TEST,SUSTAINED_ATTACK,"[29142, 3935, 5596, 29502, 11664, 6114, 1158, 13731, 29539, 13460, 29337, 22871, 27321, 22609, 21444, 21247, 17321, 1415, 32095, 1352]",1
4009,TEST,SUSTAINED_ATTACK,"[4584, 15517, 10651, 27672, 3783, 8201, 27062, 9682, 6615, 23457, 8173, 30386, 13322, 15124, 177, 4083, 8856, 5690, 29555, 13623]",1
4010,TEST,SUSTAINED_ATTACK,"[26728, 21002, 9771, 28744, 13899, 8548, 15485, 19881, 5026, 15338, 4583, 28713, 6790, 7519, 22255, 6010, 4437, 12708, 4894, 6209]",1
4011,TEST,SUSTAINED_ATTACK,"[11983, 10581, 20324, 2759, 9538, 11624, 14700, 24909, 27697, 24515, 2052, 3576, 18787, 16298, 5924, 11604, 13980, 4328, 5494, 969]",1
4012,TEST,SUSTAINED_ATTACK,"[18703, 7046, 26081, 444, 2709, 7981, 23116, 14518, 26127, 11794, 24752, 25025, 3829, 17696, 12216, 1220, 8956, 9903, 19621, 8663]",1
4013,TEST,SUSTAINED_ATTACK,"[5360, 21366, 6318, 27713, 29235, 25247, 1397, 27978, 15826, 8839, 17625, 4993, 18129, 11401, 20737, 12755, 18970, 24112, 1853, 10462]",1
4014,TEST,SUSTAINED_ATTACK,"[5625, 8115, 22667, 2874, 21902, 30749, 23385, 14264, 5529, 29115, 13616, 10441, 20297, 2689, 7149, 1564, 7815, 16956, 19860, 25023]",1
4015,TEST,SUSTAINED_ATTACK,"[17617, 7516, 31916, 24049, 13622, 6720, 17343, 1357, 11874, 4326, 24334, 30828, 12184, 2018, 3963, 31180, 10279, 11820, 19847, 6396]",1
4016,TEST,SUSTAINED_ATTACK,"[19240, 97, 2768, 14126, 7059, 26858, 21365, 1819, 19389, 31236, 21813, 3762, 7847, 17308, 22487, 22324, 23430, 6286, 20113, 18392]",1
4017,TEST,SUSTAINED_ATTACK,"[6265, 20190, 7259, 8967, 23941, 12801, 17550, 2453, 30486, 14251, 11229, 26631, 16607, 8276, 6442, 29405, 32009, 30827, 8329, 11750]",1
4018,TEST,SUSTAINED_ATTACK,"[2193, 23200, 8746, 27243, 16767, 29790, 27536, 20602, 13935, 6531, 3218, 3439, 21346, 14532, 20337, 25787, 9778, 5808, 16735, 6549]",1
4019,TEST,SUSTAINED_ATTACK,"[180, 26064, 9856, 9532, 825, 27221, 19218, 22484, 31267, 3775, 22497, 27824, 2119, 12157, 27422, 3612, 4560, 21115, 26536, 19804]",1
4020,TEST,SUSTAINED_ATTACK,"[8386, 18505, 4416, 10452, 247, 1163, 28129, 19201, 25531, 30159, 22280, 9656, 15127, 13606, 26697, 2842, 13084, 6849, 17738, 13396]",1
4021,TEST,SUSTAINED_ATTACK,"[26598, 5062, 9275, 22819, 8759, 19243, 28751, 9824, 31188, 23538, 8473, 23257, 19186, 29269, 20691, 11584, 14928, 28283, 25711, 27529]",1
4022,TEST,SUSTAINED_ATTACK,"[13709, 7739, 20879, 5255, 24865, 22104, 13574, 2871, 96, 24506, 26846, 2366, 26055, 9572, 3791, 21085, 32113, 7099, 14775, 14267]",1
4023,TEST,SUSTAINED_ATTACK,"[3807, 16107, 18316, 27400, 11321, 20892, 4753, 8577, 10576, 12784, 774, 30707, 13273, 15027, 21446, 25046, 24677, 6801, 3926, 24807]",1
4024,TEST,SUSTAINED_ATTACK,"[19057, 15959, 14578, 5551, 28671, 13252, 12227, 15181, 2591, 17551, 9555, 14037, 17244, 5758, 26662, 7275, 13004, 1022, 26050, 82]",1
4025,TEST,SUSTAINED_ATTACK,"[5487, 1376, 8747, 8331, 14286, 7131, 18088, 20577, 1705, 30863, 15719, 10374, 2622, 11128, 5601, 12436, 8582, 22580, 3470, 21850]",1
4026,TEST,SUSTAINED_ATTACK,"[27339, 26746, 2123, 6952, 4125, 22335, 29974, 22732, 18361, 28016, 5402, 30694, 30077, 20646, 15991, 26834, 29291, 23244, 17929, 584]",1
4027,TEST,SUSTAINED_ATTACK,"[18846, 20445, 27822, 15010, 3837, 26986, 2653, 990, 23133, 4577, 21759, 9893, 28977, 2829, 17689, 4600, 10476, 8038, 21101, 7217]",1
4028,TEST,SUSTAINED_ATTACK,"[5314, 20296, 6652, 29472, 17006, 20529, 19480, 16709, 10009, 15110, 6882, 17008, 13344, 13439, 25186, 28377, 9036, 25786, 26981, 24957]",1
4029,TEST,SUSTAINED_ATTACK,"[10226, 4076, 13975, 26124, 12807, 16441, 274, 23296, 4692, 27518, 23083, 15207, 10674, 15895, 28366, 12891, 8178, 12733, 9220, 2185]",1
4030,TEST,SUSTAINED_ATTACK,"[25328, 29838, 7484, 28560, 20564, 21777, 25713, 19410, 31498, 13518, 4550, 9995, 13836, 27405, 714, 15264, 2550, 22284, 26562, 31383]",1
4031,TEST,SUSTAINED_ATTACK,"[23487, 4287, 24662, 695, 12794, 29893, 4233, 21200, 3078, 19327, 15348, 15750, 27113, 11054, 18369, 30929, 27712, 7273, 1359, 15906]",1
4032,TEST,SUSTAINED_ATTACK,"[27526, 1325, 20092, 11161, 17137, 14575, 4178, 8579, 24490, 12401, 24167, 29747, 17649, 13466, 17766, 6361, 6207, 12595, 11579, 30041]",1
4033,TEST,SUSTAINED_ATTACK,"[21202, 14430, 7575, 23197, 28882, 18163, 25434, 27913, 8355, 5706, 26300, 10215, 11960, 19464, 28528, 7480, 13316, 26850, 16209, 4887]",1
4034,TEST,SUSTAINED_ATTACK,"[27745, 16660, 13885, 25835, 26538, 25985, 6203, 3121, 7869, 11188, 17280, 10677, 26429, 13730, 14436, 21924, 31270, 29729, 32007, 12702]",1
4035,TEST,SUSTAINED_ATTACK,"[21964, 3895, 25217, 21277, 18120, 4856, 19231, 12502, 9780, 22695, 9940, 15313, 7145, 15028, 1152, 24382, 28033, 18942, 16972, 25873]",1
4036,TEST,SUSTAINED_ATTACK,"[950, 237, 31002, 15134, 6337, 28466, 28398, 29457, 10570, 16181, 1031, 29167, 26508, 28928, 10398, 27144, 28486, 29101, 11560, 15689]",1
4037,TEST,SUSTAINED_ATTACK,"[9973, 16783, 31429, 3598, 27263, 31526, 30400, 10903, 27637, 12641, 25372, 18210, 21921, 4472, 17802, 24229, 26974, 5649, 24619, 21018]",1
4038,TEST,SUSTAINED_ATTACK,"[5127, 20476, 20958, 5763, 66, 23647, 13675, 13520, 6691, 29174, 10716, 7005, 20462, 24163, 1362, 27532, 20944, 16663, 12752, 2981]",1
4039,TEST,SUSTAINED_ATTACK,"[11411, 17041, 3477, 4675, 4398, 27800, 779, 242, 18347, 10728, 24135, 10346, 22181, 29350, 18716, 21541, 14117, 17460, 31418, 4216]",1
4040,TEST,SUSTAINED_ATTACK,"[23864, 13946, 10078, 18415, 6430, 25692, 11815, 6514, 11920, 30100, 15599, 9461, 15928, 27015, 14733, 20936, 11274, 23930, 14809, 23364]",1
4041,TEST,SUSTAINED_ATTACK,"[12555, 3324, 9879, 2362, 9897, 14521, 18696, 26057, 21605, 21472, 18426, 20552, 28105, 26043, 23018, 17647, 18826, 8899, 18127, 3277]",1
4042,TEST,SUSTAINED_ATTACK,"[7417, 15222, 15034, 16630, 16297, 20264, 10443, 5905, 10783, 11464, 18662, 12578, 26549, 22, 19737, 11008, 9470, 3394, 25968, 7836]",1
4043,TEST,SUSTAINED_ATTACK,"[18043, 25593, 1714, 28003, 20732, 17514, 10242, 11152, 29772, 31874, 1751, 14543, 13165, 796, 23006, 5146, 15638, 14574, 29532, 2189]",1
4044,TEST,SUSTAINED_ATTACK,"[6304, 21765, 13829, 8140, 1213, 24504, 25407, 27883, 22078, 26148, 20169, 8333, 2899, 19002, 28175, 24771, 13099, 17279, 2875, 13801]",1
4045,TEST,SUSTAINED_ATTACK,"[30840, 16719, 3382, 22460, 10751, 13683, 18714, 30476, 19498, 699, 16404, 16593, 24077, 26988, 17976, 16154, 21688, 11941, 25363, 970]",1
4046,TEST,SUSTAINED_ATTACK,"[2006, 31246, 22592, 679, 21918, 23389, 16187, 11424, 18001, 9629, 24660, 2687, 25720, 9442, 27648, 26863, 9044, 26345, 2513, 19395]",1
4047,TEST,SUSTAINED_ATTACK,"[12508, 647, 13475, 26401, 3840, 11798, 25130, 19291, 10477, 11150, 20022, 31406, 29993, 27950, 7311, 28327, 25699, 3287, 22633, 14446]",1
4048,TEST,SUSTAINED_ATTACK,"[30844, 25385, 12065, 31085, 1048, 15662, 12898, 8083, 4711, 9058, 1469, 9291, 4101, 19255, 28030, 19830, 11633, 8336, 9024, 23059]",1
4049,TEST,SUSTAINED_ATTACK,"[21296, 2950, 12656, 16356, 24090, 24572, 25769, 12342, 18388, 26178, 6052, 15220, 24651, 7434, 13933, 19004, 2862, 24441, 18406, 12623]",1
4050,TEST,SUSTAINED_ATTACK,"[24218, 30147, 25194, 20415, 22500, 10602, 14529, 19241, 3605, 10514, 27830, 19118, 12647, 30787, 26530, 11081, 31323, 30800, 1896, 28321]",1
4051,TEST,SUSTAINED_ATTACK,"[1738, 3216, 18429, 15201, 13697, 26468, 6302, 24265, 17491, 22111, 4208, 3140, 9204, 14125, 20173, 31354, 6503, 17889, 10525, 30542]",1
4052,TEST,SUSTAINED_ATTACK,"[6418, 2886, 25912, 17673, 10201, 19817, 16658, 7499, 2781, 18011, 28956, 4547, 31976, 16599, 31125, 27264, 73, 27602, 21738, 24952]",1
4053,TEST,SUSTAINED_ATTACK,"[20490, 3194, 30810, 28951, 10533, 27504, 18627, 17177, 22958, 3891, 2265, 15600, 10589, 9599, 12285, 28238, 25608, 23666, 1774, 27569]",1
4054,TEST,SUSTAINED_ATTACK,"[21893, 3557, 6877, 9268, 27554, 1441, 4200, 19909, 3666, 6367, 14352, 18205, 25378, 28410, 7205, 4367, 25067, 3173, 26120, 2315]",1
4055,TEST,SUSTAINED_ATTACK,"[5065, 26116, 4014, 13589, 10080, 28601, 1563, 24293, 31029, 10855, 14156, 5285, 7095, 21932, 27904, 24545, 29683, 10094, 3343, 29732]",1
4056,TEST,SUSTAINED_ATTACK,"[6301, 19627, 12158, 10214, 9845, 7550, 22921, 6870, 18050, 22671, 16763, 12892, 15863, 174, 16921, 19283, 28485, 5430, 4269, 10790]",1
4057,TEST,SUSTAINED_ATTACK,"[210, 21889, 9562, 14587, 13044, 22820, 7635, 12642, 2603, 5606, 25485, 4536, 11653, 19190, 21529, 11308, 6606, 14830, 29028, 9607]",1
4058,TEST,SUSTAINED_ATTACK,"[8037, 3421, 2952, 30923, 28354, 13212, 29909, 5925, 13024, 13384, 1107, 10339, 8675, 5561, 5253, 4549, 2780, 28902, 19576, 20398]",1
4059,TEST,SUSTAINED_ATTACK,"[4170, 17256, 23023, 16450, 26550, 24137, 19735, 6021, 25982, 5922, 12713, 6815, 18948, 31291, 3893, 11264, 5268, 4173, 23971, 23737]",1
4060,TEST,SUSTAINED_ATTACK,"[22040, 31419, 17847, 28700, 9644, 18245, 30895, 16373, 31262, 12963, 14402, 6597, 5999, 7530, 21819, 19399, 10918, 7845, 27340, 11733]",1
4061,TEST,SUSTAINED_ATTACK,"[6905, 1878, 25347, 26744, 10345, 11955, 21513, 11201, 20085, 31931, 29538, 4278, 22208, 7093, 25134, 16939, 855, 17180, 11548, 8031]",1
4062,TEST,SUSTAINED_ATTACK,"[89, 1917, 8474, 11931, 2382, 8301, 29341, 20989, 15002, 31697, 15876, 20437, 13774, 15745, 31527, 2202, 3901, 17633, 13764, 5162]",1
4063,TEST,SUSTAINED_ATTACK,"[4396, 11751, 22170, 22587, 14585, 11328, 20882, 23100, 1865, 10621, 18733, 20912, 27851, 5753, 19390, 10019, 5175, 10926, 7066, 20539]",1
4064,TEST,SUSTAINED_ATTACK,"[30909, 16791, 26004, 10561, 29904, 12349, 7251, 8499, 7865, 30595, 21684, 25980, 6699, 5311, 25923, 24277, 23557, 7521, 30776, 15601]",1
4065,TEST,SUSTAINED_ATTACK,"[22728, 5060, 20726, 24339, 9490, 10487, 7274, 11547, 7882, 5680, 30797, 24733, 1093, 27033, 15811, 28732, 25589, 21195, 2930, 19032]",1
4066,TEST,SUSTAINED_ATTACK,"[6216, 7800, 17080, 14371, 30685, 16311, 6454, 9863, 22118, 11961, 5408, 6138, 13012, 17089, 21631, 8743, 19063, 21280, 11347, 14213]",1
4067,TEST,SUSTAINED_ATTACK,"[15842, 3249, 7673, 4910, 1190, 21371, 1867, 28895, 28861, 24704, 7782, 20059, 28330, 21246, 30651, 32042, 24173, 16193, 19590, 4608]",1
4068,TEST,SUSTAINED_ATTACK,"[20869, 29228, 8318, 5144, 20478, 10875, 1766, 16412, 11984, 21618, 17196, 29714, 8262, 14396, 6818, 31509, 13837, 32084, 13692, 12947]",1
4069,TEST,SUSTAINED_ATTACK,"[13162, 21751, 17505, 4397, 20390, 23062, 26944, 12209, 24560, 13540, 14464, 11199, 27412, 7206, 43, 14477, 8464, 28417, 21404, 26588]",1
4070,TEST,SUSTAINED_ATTACK,"[3133, 17771, 29031, 8343, 1881, 25492, 25543, 7878, 29655, 6048, 10429, 23509, 19537, 15545, 30691, 18034, 19998, 8830, 3309, 11005]",1
4071,TEST,SUSTAINED_ATTACK,"[18985, 31959, 11087, 26714, 10682, 21969, 21657, 13487, 11612, 24483, 7910, 27420, 22076, 23148, 21037, 1703, 10172, 25846, 18367, 22476]",1
4072,TEST,SUSTAINED_ATTACK,"[4370, 20220, 23651, 31385, 31584, 16793, 13561, 4756, 25538, 7834, 28926, 613, 29535, 5038, 17393, 24322, 8785, 22986, 23286, 10486]",1
4073,TEST,SUSTAINED_ATTACK,"[30316, 13419, 11569, 17873, 12646, 15741, 30494, 18116, 11854, 13522, 17348, 17133, 31918, 16777, 31290, 26082, 130, 8174, 29615, 6837]",1
4074,TEST,SUSTAINED_ATTACK,"[13916, 7162, 19808, 12180, 24611, 16789, 25295, 14998, 18791, 18420, 5259, 27525, 9647, 28939, 13939, 15926, 14567, 8507, 1254, 22049]",1
4075,TEST,SUSTAINED_ATTACK,"[22400, 16077, 13638, 549, 21048, 14180, 20416, 26334, 30037, 21742, 4093, 31935, 27856, 4516, 1244, 15901, 14601, 20637, 13580, 18386]",1
4076,TEST,SUSTAINED_ATTACK,"[20290, 28948, 21106, 17061, 6989, 1183, 12590, 17660, 6188, 28667, 29094, 24653, 24121, 13264, 27766, 3836, 25020, 9293, 22681, 3227]",1
4077,TEST,SUSTAINED_ATTACK,"[11466, 14138, 9027, 23750, 17575, 27991, 20165, 30349, 24498, 15066, 28231, 6610, 31561, 12601, 8825, 8633, 17968, 22409, 3444, 21619]",1
4078,TEST,SUSTAINED_ATTACK,"[2482, 1684, 30181, 4482, 14513, 12842, 11759, 25141, 6183, 25969, 7086, 8948, 9340, 18719, 3377, 2667, 20245, 12691, 26579, 3731]",1
4079,TEST,SUSTAINED_ATTACK,"[20467, 13954, 22852, 27449, 8463, 10756, 31088, 8145, 31110, 11035, 17382, 28973, 23314, 6370, 26769, 31707, 26053, 26141, 31177, 709]",1
4080,TEST,SUSTAINED_ATTACK,"[6789, 23482, 19260, 24781, 6865, 15147, 14170, 22627, 14053, 15910, 3145, 6546, 30793, 29951, 19541, 24495, 29307, 5348, 16456, 10488]",1
4081,TEST,SUSTAINED_ATTACK,"[31285, 17071, 11672, 23287, 874, 23945, 27635, 10863, 2011, 646, 4831, 25330, 23247, 5656, 13629, 20267, 26394, 23444, 22171, 11859]",1
4082,TEST,SUSTAINED_ATTACK,"[1985, 20998, 10109, 11932, 28605, 17012, 3430, 7352, 23913, 6579, 24972, 18031, 7336, 24462, 27905, 26869, 4713, 7496, 15082, 12023]",1
4083,TEST,SUSTAINED_ATTACK,"[2716, 22889, 25302, 14491, 20942, 26153, 16313, 12212, 3689, 7833, 18365, 31676, 5451, 22904, 17828, 15523, 290, 20100, 25073, 1435]",1
4084,TEST,SUSTAINED_ATTACK,"[12664, 18638, 988, 29412, 11910, 15163, 9384, 22149, 24220, 27842, 16246, 13816, 5470, 17094, 7776, 29354, 8401, 25035, 17405, 19549]",1
4085,TEST,SUSTAINED_ATTACK,"[11790, 1004, 11729, 11838, 13890, 22745, 24624, 11089, 30745, 8151, 14055, 9266, 22918, 20239, 17646, 12386, 3776, 29908, 20038, 5811]",1
4086,TEST,SUSTAINED_ATTACK,"[18350, 19506, 16684, 28712, 15193, 24474, 16924, 27785, 23887, 1943, 23588, 6366, 12993, 31823, 26759, 7658, 8673, 4099, 13194, 12945]",1
4087,TEST,SUSTAINED_ATTACK,"[8744, 25199, 30852, 16168, 27091, 8081, 30217, 22953, 22775, 21843, 23688, 23904, 16520, 13698, 22022, 13235, 1581, 22203, 19229, 23111]",1
4088,TEST,SUSTAINED_ATTACK,"[8028, 3764, 1142, 1770, 538, 21120, 9530, 18095, 21425, 1477, 22837, 19651, 18403, 25703, 17746, 13216, 16610, 10560, 30211, 1129]",1
4089,TEST,SUSTAINED_ATTACK,"[25768, 19792, 10302, 6290, 31391, 12454, 16097, 12256, 20508, 21848, 4235, 2020, 28217, 29335, 17268, 6940, 21509, 11793, 25974, 31749]",1
4090,TEST,SUSTAINED_ATTACK,"[18965, 12740, 19062, 23719, 8237, 30327, 19436, 27962, 30710, 31865, 26074, 11216, 17017, 16109, 16393, 31008, 11836, 32040, 22923, 903]",1
4091,TEST,SUSTAINED_ATTACK,"[26908, 8616, 3362, 15916, 31849, 16019, 13317, 11605, 28341, 4155, 31830, 9671, 30949, 4372, 22625, 15107, 25845, 25498, 7773, 4618]",1
4092,TEST,SUSTAINED_ATTACK,"[16849, 3765, 17582, 851, 2975, 24063, 25621, 24250, 16065, 23763, 15012, 28761, 26357, 27999, 21212, 26140, 12684, 24259, 14144, 26635]",1
4093,TEST,SUSTAINED_ATTACK,"[12786, 31863, 28578, 17859, 26404, 2928, 29794, 5130, 19207, 24847, 31209, 1237, 26761, 17769, 1779, 3022, 11195, 4545, 1700, 28155]",1
4094,TEST,SUSTAINED_ATTACK,"[29333, 15519, 24724, 14927, 11412, 7984, 7893, 17543, 25321, 22005, 30902, 21592, 18618, 234, 4308, 5722, 12669, 11512, 16397, 4011]",1
4095,TEST,SUSTAINED_ATTACK,"[511, 29091, 10491, 30335, 3246, 818, 18411, 7467, 1893, 564, 17781, 2579, 505, 24561, 16817, 21536, 10669, 30516, 5780, 17124]",1
4096,TEST,SUSTAINED_ATTACK,"[26808, 24803, 26154, 2096, 3030, 3903, 10335, 5783, 15736, 2925, 26705, 4245, 22483, 17331, 28612, 4823, 18750, 10858, 27850, 3556]",1
4097,TEST,SUSTAINED_ATTACK,"[8594, 6065, 28157, 12481, 7393, 11476, 3124, 11346, 16443, 10420, 29245, 16306, 20533, 5201, 1464, 31165, 14333, 22419, 23425, 21974]",1
4098,TEST,SUSTAINED_ATTACK,"[19555, 19060, 11325, 23318, 31460, 4828, 30722, 7310, 15319, 28473, 21560, 12496, 16204, 19601, 7435, 20420, 7880, 16998, 20309, 14422]",1
4099,TEST,SUSTAINED_ATTACK,"[3138, 13795, 22872, 30289, 6943, 26582, 7994, 7320, 23767, 17999, 21116, 5455, 15859, 30383, 29288, 20154, 30422, 17413, 25762, 29896]",1
4100,TEST,ATTACK_RECOVERY,"[11163, 28629, 5075, 14318, 18223, 15375, 6241, 27559, 10927, 22449, 24330, 7267, 31858, 17296, 8104, 20135, 21145, 1511, 4813, 21640]",0
4101,TEST,ATTACK_RECOVERY,"[31789, 11290, 12398, 13608, 1258, 22477, 14107, 28912, 28913, 2635, 27360, 14946, 16435, 7030, 28161, 16543, 14205, 18061, 31702, 18065]",0
4102,TEST,ATTACK_RECOVERY,"[21027, 17576, 11651, 17217, 9011, 2678, 11038, 2530, 18267, 39, 3908, 11445, 10211, 29619, 28465, 19615, 5178, 6970, 15399, 1538]",0
4103,TEST,ATTACK_RECOVERY,"[20023, 14101, 2253, 23997, 29036, 30391, 4167, 10652, 22083, 18646, 471, 15296, 6120, 15930, 23375, 6306, 24973, 15763, 14487, 44]",0
4104,TEST,ATTACK_RECOVERY,"[4185, 29465, 1349, 14059, 29660, 25456, 2794, 18778, 25418, 13671, 29787, 21607, 27080, 12659, 29484, 3185, 7103, 4224, 7876, 31637]",0
4105,TEST,ATTACK_RECOVERY,"[3657, 15236, 18495, 7028, 132, 18306, 16287, 27373, 10643, 5505, 3320, 31905, 29133, 27357, 24020, 3996, 31800, 16967, 29628, 14334]",0
4106,TEST,ATTACK_RECOVERY,"[32023, 27552, 16265, 21232, 24775, 3983, 31838, 24780, 6525, 22756, 23712, 11978, 31124, 23530, 24328, 13347, 22893, 7087, 29565, 26327]",0
4107,TEST,ATTACK_RECOVERY,"[19468, 28440, 24760, 30544, 29657, 12839, 18140, 18389, 24811, 9247, 2084, 10753, 22650, 14302, 4087, 17722, 3372, 21638, 2988, 31201]",0
4108,TEST,ATTACK_RECOVERY,"[28385, 30563, 6954, 23072, 21047, 8494, 2199, 10484, 31011, 21744, 771, 11634, 15789, 18371, 19990, 19582, 116, 27105, 24911, 18656]",0
4109,TEST,ATTACK_RECOVERY,"[4361, 31365, 9441, 830, 4988, 27816, 27128, 16201, 8431, 6722, 11055, 9335, 29290, 31581, 20123, 23113, 30886, 9600, 2470, 25906]",0
4110,TEST,ATTACK_RECOVERY,"[14914, 16446, 18766, 23302, 17784, 1824, 9042, 15551, 2758, 26217, 29236, 27558, 30173, 19420, 20157, 3116, 29940, 113, 8816, 5306]",0
4111,TEST,ATTACK_RECOVERY,"[6037, 17346, 5462, 29111, 16548, 18676, 11549, 31152, 14407, 13116, 11723, 9918, 29587, 1052, 3321, 27604, 13443, 5367, 16574, 19864]",0
4112,TEST,ATTACK_RECOVERY,"[13279, 11679, 10735, 30472, 4038, 20171, 13418, 9659, 19766, 4337, 19675, 24237, 19697, 5392, 8089, 20987, 8574, 10349, 23324, 27248]",0
4113,TEST,ATTACK_RECOVERY,"[5467, 8990, 19531, 22692, 21255, 12766, 4921, 19972, 16734, 12093, 23622, 29086, 8511, 30586, 14169, 7154, 692, 14631, 9833, 13196]",0
4114,TEST,ATTACK_RECOVERY,"[3109, 19765, 11110, 9450, 17066, 10260, 21597, 1101, 2063, 10530, 16421, 2777, 2727, 31493, 22425, 307, 8404, 4935, 5493, 10163]",0
4115,TEST,ATTACK_RECOVERY,"[2019, 26980, 26943, 18832, 24777, 2403, 14223, 19375, 3716, 4749, 24035, 18994, 14680, 17422, 26246, 22146, 19445, 2357, 14523, 1150]",0
4116,TEST,ATTACK_RECOVERY,"[17122, 30322, 20403, 18977, 6046, 6786, 11149, 5871, 5364, 7313, 18586, 29287, 22983, 19694, 14593, 32103, 31044, 26652, 1378, 1271]",0
4117,TEST,ATTACK_RECOVERY,"[21562, 1003, 14604, 15001, 15212, 2488, 7901, 12925, 28463, 31368, 6928, 14387, 19234, 3782, 5233, 15445, 979, 31158, 9894, 6323]",0
4118,TEST,ATTACK_RECOVERY,"[24902, 15720, 17843, 14437, 15262, 17964, 21257, 9715, 1926, 3703, 2528, 16079, 14131, 28322, 2389, 1656, 23589, 17143, 10619, 11510]",0
4119,TEST,ATTACK_RECOVERY,"[2443, 32041, 6562, 12052, 1541, 18551, 6851, 11784, 14051, 19154, 14871, 27779, 23448, 18444, 5642, 16854, 17816, 13409, 20339, 2549]",0
4120,TEST,ATTACK_RECOVERY,"[1328, 29169, 31950, 507, 32011, 17493, 27545, 23480, 8506, 14735, 2033, 25633, 10885, 14767, 23569, 17796, 25064, 9077, 8033, 11883]",0
4121,TEST,ATTACK_RECOVERY,"[3424, 6050, 6862, 5839, 11954, 11382, 26484, 19899, 17957, 3139, 10299, 28527, 17898, 8177, 32035, 5699, 13007, 13437, 16623, 25550]",0
4122,TEST,ATTACK_RECOVERY,"[20035, 12813, 20108, 9499, 26, 28821, 1972, 6659, 30382, 1123, 31755, 24109, 25737, 24318, 2754, 8493, 12182, 30109, 20404, 14365]",0
4123,TEST,ATTACK_RECOVERY,"[19212, 31140, 4007, 8300, 16114, 28051, 27702, 27862, 19204, 6955, 9827, 11623, 23343, 11485, 4576, 9843, 13981, 21175, 24280, 28639]",0
4124,TEST,ATTACK_RECOVERY,"[23760, 2270, 28285, 19636, 24748, 27344, 15724, 20543, 10994, 16453, 18370, 20583, 2995, 24306, 8330, 3131, 1407, 1508, 14003, 31278]",0
4125,TEST,ATTACK_RECOVERY,"[18798, 25984, 3328, 68, 8798, 18872, 21033, 27593, 12453, 30591, 26931, 5630, 30291, 17172, 27393, 17108, 31508, 14233, 10091, 9248]",0
4126,TEST,ATTACK_RECOVERY,"[16769, 13081, 19114, 2677, 24569, 29085, 7761, 14985, 20294, 16076, 6033, 11897, 31021, 16347, 23771, 26774, 4389, 8508, 3176, 17934]",0
4127,TEST,ATTACK_RECOVERY,"[7961, 21571, 14792, 19832, 16467, 17705, 6139, 17963, 28336, 6443, 14940, 17610, 21543, 7764, 15145, 9928, 6950, 18850, 23604, 23141]",0
4128,TEST,ATTACK_RECOVERY,"[29073, 23992, 3752, 28813, 18557, 7378, 24985, 29105, 10620, 18553, 7666, 5790, 25715, 22109, 6234, 21693, 2993, 13865, 25404, 6020]",0
4129,TEST,ATTACK_RECOVERY,"[25423, 23937, 11530, 12448, 31198, 16903, 18254, 24457, 21239, 25567, 29789, 19379, 25379, 28599, 27126, 22094, 7903, 5828, 56, 879]",0
4130,TEST,ATTACK_RECOVERY,"[10911, 29298, 21354, 29651, 5313, 11691, 23412, 18182, 25600, 13352, 28642, 31478, 238, 13963, 7964, 12673, 25411, 21653, 28369, 25362]",0
4131,TEST,ATTACK_RECOVERY,"[5071, 25891, 29124, 22290, 25008, 10552, 29710, 26817, 15093, 11911, 16432, 29526, 13601, 9919, 3411, 11169, 24331, 21433, 23554, 14316]",0
4132,TEST,ATTACK_RECOVERY,"[18448, 30450, 25774, 21903, 24641, 873, 3403, 21251, 27273, 23199, 27079, 9358, 22950, 24893, 16331, 6165, 3773, 19752, 2697, 7544]",0
4133,TEST,ATTACK_RECOVERY,"[26269, 13110, 816, 19318, 28711, 10057, 2334, 269, 11692, 13914, 29753, 14496, 27988, 30799, 22814, 16367, 10125, 11776, 21368, 20503]",0
4134,TEST,ATTACK_RECOVERY,"[28822, 11175, 7868, 5688, 6122, 16514, 19925, 6896, 24848, 5237, 24887, 13514, 8696, 10967, 21064, 4740, 658, 3371, 18051, 27646]",0
4135,TEST,ATTACK_RECOVERY,"[18878, 11619, 12178, 27218, 24171, 25738, 20609, 26840, 7492, 25747, 30489, 18313, 537, 3454, 27993, 705, 23115, 29668, 5803, 21005]",0
4136,TEST,ATTACK_RECOVERY,"[3690, 15019, 30570, 27749, 13572, 20669, 21727, 19064, 2279, 22939, 19021, 1008, 30, 29876, 16652, 16016, 5218, 6788, 9788, 530]",0
4137,TEST,ATTACK_RECOVERY,"[10778, 28684, 17367, 18518, 30600, 4046, 20242, 3742, 24852, 25883, 2518, 2142, 26027, 28020, 1966, 28166, 4316, 30347, 32105, 22186]",0
4138,TEST,ATTACK_RECOVERY,"[26002, 10752, 18635, 28777, 2643, 22863, 19707, 7886, 26543, 1618, 3655, 1182, 3363, 8341, 25731, 6598, 9576, 31890, 1910, 29988]",0
4139,TEST,ATTACK_RECOVERY,"[6245, 3305, 13729, 27782, 1787, 4127, 8942, 31415, 27411, 7732, 3279, 10258, 1058, 431, 4114, 25909, 1174, 30296, 14078, 31902]",0
4140,TEST,ATTACK_RECOVERY,"[18993, 16231, 4272, 9805, 4259, 27356, 24438, 7250, 10065, 29558, 24975, 3817, 9726, 21237, 14566, 126, 19081, 2021, 30254, 29800]",0
4141,TEST,ATTACK_RECOVERY,"[7232, 29328, 28526, 32107, 10956, 30530, 13271, 13504, 21367, 1281, 28563, 3256, 8303, 3463, 20376, 21844, 20079, 27300, 19606, 22382]",0
4142,TEST,ATTACK_RECOVERY,"[18202, 29481, 10136, 10134, 19757, 4621, 1673, 14079, 20213, 11886, 3588, 31071, 24057, 7186, 32037, 5068, 27960, 15352, 20568, 11209]",0
4143,TEST,ATTACK_RECOVERY,"[23362, 19134, 29867, 11554, 3115, 14811, 3233, 7014, 27506, 29504, 1866, 14969, 4874, 24971, 12246, 13129, 9966, 1624, 18268, 23817]",0
4144,TEST,ATTACK_RECOVERY,"[3091, 12974, 24246, 26279, 18720, 17997, 8848, 4853, 21565, 10396, 23426, 15270, 31463, 23692, 11082, 5705, 25788, 17763, 17518, 623]",0
4145,TEST,ATTACK_RECOVERY,"[19423, 24968, 17289, 5163, 28530, 18275, 17339, 19043, 21713, 13343, 19843, 11550, 30645, 18515, 1970, 10297, 31227, 17896, 7391, 30281]",0
4146,TEST,ATTACK_RECOVERY,"[20762, 29478, 28770, 23489, 1945, 14576, 28521, 4989, 22396, 30783, 26370, 19296, 26821, 3466, 4480, 4231, 12188, 22509, 19997, 24127]",0
4147,TEST,ATTACK_RECOVERY,"[28107, 2131, 3531, 4302, 28002, 4837, 30473, 1633, 9292, 15115, 23920, 326, 12294, 27885, 18980, 22544, 17882, 11626, 27147, 11741]",0
4148,TEST,ATTACK_RECOVERY,"[18477, 13086, 131, 26700, 14630, 5749, 20786, 30925, 9847, 27700, 30957, 21170, 16700, 20750, 982, 9767, 16739, 12163, 1773, 15442]",0
4149,TEST,ATTACK_RECOVERY,"[19945, 3500, 3364, 1161, 5647, 6523, 20323, 29222, 28576, 27208, 6751, 25719, 12833, 907, 11483, 26926, 26558, 13423, 21475, 8406]",0
4150,TEST,ATTACK_RECOVERY,"[18570, 10724, 10932, 30695, 25915, 24814, 9243, 31807, 27660, 25736, 23012, 31457, 29032, 12573, 3942, 12518, 23106, 27725, 12569, 5918]",0
4151,TEST,ATTACK_RECOVERY,"[30944, 22645, 25280, 11078, 2568, 5475, 23885, 25248, 4633, 11640, 11219, 13859, 19593, 15867, 15085, 13947, 15239, 24562, 31122, 18394]",0
4152,TEST,ATTACK_RECOVERY,"[27245, 32053, 2599, 2691, 9403, 8483, 30892, 1138, 7272, 10022, 7142, 3026, 16295, 7767, 18240, 17407, 12883, 20763, 27226, 783]",0
4153,TEST,ATTACK_RECOVERY,"[28627, 19252, 3462, 5169, 787, 15180, 14852, 4627, 27104, 28551, 26517, 2047, 7215, 11885, 8801, 27920, 30092, 11006, 14981, 17743]",0
4154,TEST,ATTACK_RECOVERY,"[16388, 30288, 15345, 30366, 5118, 18520, 17958, 23409, 26348, 6034, 4340, 26803, 9961, 6885, 15885, 12317, 30216, 3478, 30367, 11265]",0
4155,TEST,ATTACK_RECOVERY,"[2562, 17659, 22069, 9688, 11906, 3474, 16245, 890, 17972, 24003, 10499, 31173, 18615, 20379, 7053, 23630, 7690, 3357, 8882, 28087]",0
4156,TEST,ATTACK_RECOVERY,"[31704, 7543, 16668, 26287, 28221, 22392, 29992, 22235, 20744, 25900, 15003, 4415, 22446, 11202, 13532, 15552, 21400, 8669, 30904, 24713]",0
4157,TEST,ATTACK_RECOVERY,"[1313, 10074, 12953, 27170, 17271, 21055, 28983, 1790, 15981, 4827, 31312, 11590, 18640, 7638, 31335, 5636, 18418, 16260, 21256, 18992]",0
4158,TEST,ATTACK_RECOVERY,"[6118, 17535, 14667, 12319, 24311, 10150, 223, 17456, 12662, 11320, 13143, 18230, 23092, 29427, 291, 4192, 2115, 31414, 3538, 1525]",0
4159,TEST,ATTACK_RECOVERY,"[23105, 11583, 19872, 1424, 20504, 28656, 31622, 5827, 2544, 24878, 5674, 26781, 20033, 8502, 22060, 241, 30133, 8233, 17259, 21398]",0
4160,TEST,ATTACK_RECOVERY,"[3729, 11861, 3558, 26537, 29567, 28128, 5079, 28537, 12915, 22615, 693, 14912, 15439, 23757, 3536, 31128, 13301, 8752, 13334, 31272]",0
4161,TEST,ATTACK_RECOVERY,"[1465, 23820, 27680, 17054, 8134, 3846, 22046, 30755, 3899, 4226, 4734, 31445, 22122, 13567, 8092, 22317, 3794, 27538, 30958, 5212]",0
4162,TEST,ATTACK_RECOVERY,"[18751, 31816, 5015, 19315, 26637, 24406, 20547, 25275, 12161, 24397, 31538, 2517, 28383, 8657, 18609, 5047, 29018, 9365, 21909, 22462]",0
4163,TEST,ATTACK_RECOVERY,"[1609, 6123, 19284, 26710, 9542, 30531, 12055, 413, 19809, 8643, 19890, 31490, 11644, 24932, 6329, 4374, 20301, 13291, 31276, 27751]",0
4164,TEST,ATTACK_RECOVERY,"[25172, 9053, 15378, 23906, 5344, 7312, 17884, 2715, 16708, 30592, 5938, 22350, 11484, 20468, 14629, 12281, 6980, 26006, 3195, 15917]",0
4165,TEST,ATTACK_RECOVERY,"[27971, 5859, 3157, 3852, 10030, 25014, 27665, 9686, 3108, 11858, 9759, 24946, 7440, 29942, 21450, 5760, 880, 6929, 31172, 27606]",0
4166,TEST,ATTACK_RECOVERY,"[30073, 22796, 30780, 9694, 3606, 3732, 31282, 13111, 18063, 25889, 16056, 14265, 31396, 19444, 14147, 26412, 24763, 1823, 30445, 26414]",0
4167,TEST,ATTACK_RECOVERY,"[26157, 15254, 4400, 13198, 14326, 16778, 12608, 3236, 19079, 15049, 16235, 21158, 1512, 17359, 6904, 7256, 11558, 12693, 23776, 5972]",0
4168,TEST,ATTACK_RECOVERY,"[28348, 11507, 11210, 17674, 9614, 2955, 18266, 29446, 22689, 28625, 29511, 8824, 30662, 28774, 25090, 8903, 25620, 3322, 29637, 13277]",0
4169,TEST,ATTACK_RECOVERY,"[21707, 5411, 2492, 25015, 14389, 16868, 25453, 13840, 8137, 769, 12043, 30807, 2301, 22185, 8868, 16155, 1506, 5740, 7372, 14455]",0
4170,TEST,ATTACK_RECOVERY,"[1498, 18914, 20026, 20548, 28335, 13663, 14615, 16069, 7119, 16303, 6047, 4189, 27592, 8398, 26054, 23517, 450, 10848, 12677, 10550]",0
4171,TEST,ATTACK_RECOVERY,"[30624, 9273, 30877, 24797, 11327, 15130, 22976, 18517, 15211, 24143, 17537, 28081, 17260, 30621, 3786, 1437, 29505, 23496, 29629, 28389]",0
4172,TEST,ATTACK_RECOVERY,"[26373, 25092, 4406, 29196, 18633, 8788, 15896, 27805, 11141, 32044, 10543, 1551, 20037, 9068, 13047, 4131, 21153, 8022, 4998, 20350]",0
4173,TEST,ATTACK_RECOVERY,"[7962, 12271, 5460, 30215, 10110, 11329, 21686, 11168, 2036, 14977, 3853, 15594, 5944, 21721, 18197, 16622, 23451, 2951, 13148, 19046]",0
4174,TEST,ATTACK_RECOVERY,"[13037, 13003, 18577, 12855, 21009, 30771, 17564, 10899, 3370, 19914, 4204, 9104, 16716, 733, 5083, 18037, 12966, 28007, 30588, 14034]",0
4175,TEST,ATTACK_RECOVERY,"[9191, 1439, 18237, 31558, 5003, 22965, 5542, 19503, 10329, 19156, 26633, 21172, 18771, 12948, 15531, 16081, 5729, 14936, 25714, 13677]",0
4176,TEST,ATTACK_RECOVERY,"[4773, 17440, 10600, 485, 1189, 7841, 11211, 30094, 6744, 10779, 28314, 26450, 29720, 20818, 29814, 29925, 7538, 4970, 26918, 16612]",0
4177,TEST,ATTACK_RECOVERY,"[12610, 7795, 10564, 21915, 16419, 8962, 5289, 16559, 26198, 6676, 14736, 25157, 19812, 20792, 16647, 12050, 1033, 2839, 4502, 25542]",0
4178,TEST,ATTACK_RECOVERY,"[27211, 26243, 22207, 1273, 22559, 2289, 24798, 18587, 25451, 3070, 28338, 16643, 9993, 26780, 10083, 2884, 6675, 9094, 16452, 7226]",0
4179,TEST,ATTACK_RECOVERY,"[273, 10378, 13920, 15627, 5525, 28964, 24148, 2428, 8309, 13719, 29529, 20151, 20355, 10629, 5696, 2960, 9895, 10133, 20822, 26341]",0
4180,TEST,ATTACK_RECOVERY,"[24068, 28858, 7323, 8557, 19782, 5126, 18847, 22323, 15190, 553, 15041, 5934, 21287, 17767, 3728, 25369, 28104, 24386, 26058, 22093]",0
4181,TEST,ATTACK_RECOVERY,"[18860, 9547, 29356, 22563, 19770, 7219, 17620, 10869, 10052, 10237, 16667, 21594, 639, 5926, 14228, 1427, 1194, 6898, 4543, 9418]",0
4182,TEST,ATTACK_RECOVERY,"[19724, 20003, 6585, 19351, 31105, 10406, 7061, 14325, 6517, 8062, 8484, 11775, 17426, 15489, 24291, 12530, 10060, 24995, 5898, 23797]",0
4183,TEST,ATTACK_RECOVERY,"[26985, 21584, 13734, 18468, 31299, 12360, 19362, 9933, 27361, 24735, 14880, 11745, 361, 3988, 27601, 8351, 5249, 25868, 24830, 13098]",0
4184,TEST,ATTACK_RECOVERY,"[30410, 26409, 12581, 13083, 19094, 28201, 28460, 18036, 11553, 27461, 27220, 6726, 19836, 21074, 19424, 20672, 8888, 3337, 30057, 20800]",0
4185,TEST,ATTACK_RECOVERY,"[2474, 15685, 20907, 31723, 4639, 856, 18748, 30054, 31360, 19711, 8054, 17078, 9512, 17314, 4796, 16869, 27376, 23726, 15196, 777]",0
4186,TEST,ATTACK_RECOVERY,"[6015, 24895, 20963, 1353, 3801, 13039, 5228, 21347, 32054, 9399, 20650, 1280, 17676, 17602, 22763, 31860, 14728, 7084, 1812, 26927]",0
4187,TEST,ATTACK_RECOVERY,"[6499, 31727, 12308, 25338, 8487, 26576, 24517, 5745, 8945, 25099, 13700, 19085, 25599, 14686, 31331, 27069, 19866, 15632, 20201, 26504]",0
4188,TEST,ATTACK_RECOVERY,"[1976, 4962, 28504, 181, 12776, 21285, 29784, 27724, 6470, 1997, 31844, 27304, 11112, 1567, 13483, 20156, 3914, 16718, 3171, 9740]",0
4189,TEST,ATTACK_RECOVERY,"[10840, 9136, 3316, 22000, 6774, 21344, 29895, 30631, 19381, 28421, 5812, 22660, 7072, 22089, 2056, 29358, 201, 29267, 2920, 28242]",0
4190,TEST,ATTACK_RECOVERY,"[14167, 106, 19680, 31926, 20265, 24565, 14461, 28908, 9763, 6450, 17901, 18183, 15426, 1683, 11449, 14502, 31621, 23657, 17105, 15982]",0
4191,TEST,ATTACK_RECOVERY,"[21704, 13965, 11508, 12305, 19211, 5694, 13378, 20735, 6603, 20707, 32097, 8503, 25942, 12003, 11198, 28096, 2400, 19226, 11385, 14874]",0
4192,TEST,ATTACK_RECOVERY,"[5992, 16803, 16308, 9262, 21610, 18740, 29752, 11705, 29494, 19102, 20553, 26022, 18083, 24600, 5809, 24381, 13328, 20940, 7959, 27087]",0
4193,TEST,ATTACK_RECOVERY,"[5308, 12372, 9428, 26294, 5199, 6899, 18069, 23220, 1248, 25024, 19587, 2760, 31712, 28082, 18188, 19066, 11538, 11256, 24186, 4039]",0
4194,TEST,ATTACK_RECOVERY,"[19092, 13351, 404, 1505, 15030, 23053, 11990, 2756, 23645, 22834, 31810, 19197, 24489, 16945, 17918, 6868, 25858, 8417, 6307, 10714]",0
4195,TEST,ATTACK_RECOVERY,"[31422, 21410, 4395, 20935, 23882, 8828, 13456, 24380, 30575, 10743, 13220, 12511, 23973, 7042, 26185, 10518, 379, 30739, 28214, 9520]",0
4196,TEST,ATTACK_RECOVERY,"[18270, 20790, 2001, 5990, 23998, 25877, 19706, 16819, 29853, 22025, 9478, 30412, 14093, 8077, 9667, 24487, 25707, 19286, 26615, 11107]",0
4197,TEST,ATTACK_RECOVERY,"[12873, 16691, 147, 23076, 16180, 21852, 4885, 25669, 872, 12658, 6532, 19035, 20117, 18279, 31455, 8713, 10539, 27511, 12132, 3920]",0
4198,TEST,ATTACK_RECOVERY,"[18023, 28733, 17188, 11304, 18283, 29121, 18238, 19111, 22619, 10827, 2818, 17748, 1296, 16655, 24415, 24675, 16206, 23445, 31974, 27878]",0
4199,TEST,ATTACK_RECOVERY,"[7509, 14255, 762, 14185, 24705, 30199, 28763, 10352, 25896, 31689, 22790, 3992, 13667, 4985, 5752, 4085, 21412, 28543, 8733, 30878]",0
